candidate_id,age,years_of_experience,job_role,education,interview_platform,communication_score,vocabulary_richness,filler_words_per_min,confidence_score,eye_contact_score,posture,stress_level,avg_response_time,interview_duration,sentiment_score,performance_score,hiring_decision
CAND_BBC7EB,42,22,Marketing Analyst,Master's,Teams,63.22,0.681,7,81.75,95.14,Neutral,22.36,4.11,39,0.318,71.88,Hired
CAND_2A7EFC,29,3,Data Scientist,Associate,Zoom,48.76,0.417,8,100.0,100.0,Confident,11.76,3.95,30,0.234,57.47,Rejected
CAND_6399DE,24,3,Software Engineer,Master's,HireVue,124.29,0.74,1,84.32,80.92,Confident,26.15,4.72,33,0.332,71.51,Rejected
CAND_FC91E1,29,11,Software Engineer,Master's,HireVue,39.56,0.723,9,93.82,100.0,Confident,23.78,4.47,54,0.456,61.64,Rejected
CAND_865C30,32,10,Business Analyst,Bachelor's,Zoom,50.12,0.565,11,100.0,91.08,Confident,10.97,4.21,44,0.116,58.01,Rejected
CAND_AA48B2,22,0,Business Analyst,PhD,Zoom,62.61,0.524,5,91.01,69.07,Confident,46.21,5.35,47,0.316,75.51,Second Round
CAND_CA2201,34,12,HR Manager,Bachelor's,Google Meet,43.03,0.652,12,85.26,100.0,Confident,17.65,4.77,35,0.559,57.6,Rejected
CAND_64C613,22,0,Business Analyst,Master's,Zoom,76.01,0.651,9,100.0,85.98,Confident,14.3,4.18,36,0.286,74.41,Rejected
CAND_730FEC,30,4,Marketing Analyst,Bachelor's,Teams,48.94,0.684,12,82.59,81.99,Confident,23.42,10.54,50,0.224,57.25,Rejected
CAND_F96A1C,48,20,Marketing Analyst,Associate,Google Meet,65.83,,4,100.0,99.89,Confident,12.64,5.65,58,0.812,79.21,Second Round
CAND_FF6B9D,23,5,Marketing Analyst,Bachelor's,Teams,54.23,0.552,13,100.0,89.65,Confident,19.7,4.43,25,0.453,60.34,Rejected
CAND_70F212,28,6,Product Manager,Associate,HireVue,63.33,0.619,10,99.31,85.66,Confident,7.53,4.41,48,0.556,68.81,Hired
CAND_CF2F95,29,7,UX Designer,PhD,Zoom,72.89,,12,97.63,100.0,Confident,9.9,3.79,57,0.446,70.28,Rejected
CAND_3A47C4,27,7,Business Analyst,Associate,Google Meet,63.74,0.804,6,84.59,65.19,Confident,16.55,5.42,53,0.21,68.53,Hired
CAND_EBCD4D,29,8,Business Analyst,Master's,HireVue,76.98,0.54,4,100.0,,Confident,29.92,5.22,40,0.514,93.18,Hired
CAND_E6BB97,28,1,Sales Executive,Master's,Google Meet,57.88,0.328,15,99.16,94.52,Confident,,4.02,47,0.485,68.8,Rejected
CAND_006259,42,20,Marketing Analyst,Associate,HireVue,43.49,0.36,12,100.0,75.1,Confident,16.87,6.13,46,0.712,66.1,Rejected
CAND_9F5BE1,41,21,Sales Executive,Bachelor's,Zoom,47.89,0.549,11,100.0,93.6,Neutral,7.96,4.85,54,0.677,65.28,Hired
CAND_BDFDB8,29,6,Product Manager,Associate,Zoom,46.29,0.673,9,94.97,77.83,Confident,14.45,3.98,30,0.911,61.49,Rejected
CAND_C7F1DF,36,12,Sales Executive,PhD,Zoom,77.58,0.687,7,94.58,85.61,Confident,14.82,4.28,60,0.67,70.37,Rejected
CAND_EBEAA7,31,11,Marketing Analyst,PhD,Zoom,71.53,0.698,7,87.93,48.85,Confident,14.36,4.28,41,0.779,73.53,Hired
CAND_F23461,20,0,Sales Executive,Bachelor's,Google Meet,66.84,0.587,11,63.29,51.74,Neutral,21.81,5.08,33,0.556,69.15,Hired
CAND_7FF0F3,24,9,Data Scientist,PhD,Teams,70.39,0.445,9,100.0,79.3,Confident,7.76,3.74,50,0.476,95.4,Hired
CAND_961D17,38,13,Software Engineer,PhD,HireVue,27.84,0.602,18,99.95,74.04,Confident,8.83,4.27,36,0.678,47.43,Rejected
CAND_442EDA,42,21,Marketing Analyst,Master's,Zoom,20.12,0.724,17,97.23,80.03,Confident,12.13,4.73,58,0.757,59.79,Rejected
CAND_3A6113,31,16,Data Scientist,Bachelor's,HireVue,39.79,0.607,12,100.0,94.5,Confident,11.44,5.64,46,0.543,56.55,Rejected
CAND_6DE2C1,38,14,Product Manager,Master's,HireVue,55.86,0.252,9,74.41,81.44,Slouched,39.49,5.77,37,0.661,57.66,Rejected
CAND_8C03D6,50,24,Marketing Analyst,Associate,Teams,67.34,0.201,8,100.0,100.0,Confident,7.64,3.45,39,0.278,76.9,Hired
CAND_BDA660,21,0,UX Designer,PhD,HireVue,43.09,0.554,7,72.0,76.77,Neutral,29.2,5.65,37,0.565,44.14,Rejected
CAND_880994,25,4,Sales Executive,Associate,Zoom,37.94,0.765,10,81.28,53.43,Confident,8.67,3.85,45,0.562,52.23,Rejected
CAND_B89A71,38,17,Software Engineer,Master's,Teams,67.18,0.747,7,82.49,77.01,Neutral,29.31,4.46,35,0.604,63.74,On Hold
CAND_C4406C,25,3,Data Scientist,Bachelor's,Google Meet,20.06,0.586,11,100.0,78.71,Confident,20.55,4.28,51,0.493,52.74,On Hold
CAND_C449DB,33,12,Sales Executive,Master's,Teams,84.91,0.762,7,100.0,94.89,Confident,10.91,4.74,44,0.586,94.47,Hired
CAND_E97A45,31,7,Sales Executive,Master's,HireVue,,0.466,8,97.03,100.0,Confident,19.59,3.77,54,0.643,75.23,Rejected
CAND_1DDF12,20,0,Data Scientist,Bachelor's,HireVue,61.04,0.702,13,100.0,80.68,Confident,18.65,4.16,40,0.186,74.61,Hired
CAND_8AF45D,48,28,Sales Executive,Bachelor's,Zoom,65.52,0.625,11,84.19,63.03,Confident,29.58,4.57,20,0.677,69.13,Second Round
CAND_671FD2,37,16,Business Analyst,Bachelor's,Teams,69.04,0.707,10,100.0,96.64,Confident,3.18,4.55,46,0.741,78.86,Rejected
CAND_11F46D,29,7,Product Manager,Associate,Teams,41.22,0.628,13,81.83,75.61,Neutral,21.66,4.05,39,0.715,52.53,Rejected
CAND_733860,21,1,Data Scientist,Associate,Zoom,73.93,0.515,9,100.0,85.66,Confident,12.24,5.17,44,0.491,89.38,Hired
CAND_5F82DC,31,11,Software Engineer,Bachelor's,Teams,58.26,0.816,6,100.0,78.58,Confident,14.26,4.2,43,0.182,66.57,Rejected
CAND_919399,27,3,UX Designer,Associate,Zoom,98.13,0.597,2,73.99,63.3,Neutral,24.22,4.58,62,0.542,90.8,Hired
CAND_BF1EB5,30,6,HR Manager,PhD,HireVue,52.45,0.659,12,81.27,82.19,Confident,39.0,5.4,35,0.294,61.07,On Hold
CAND_823AFC,20,0,Sales Executive,Master's,Teams,36.49,0.9,14,74.53,77.81,Neutral,38.66,4.97,58,0.173,51.63,Rejected
CAND_B6D89A,28,9,Software Engineer,PhD,Zoom,55.42,0.635,11,100.0,85.33,Confident,21.91,4.09,36,0.081,78.25,Hired
CAND_8B8149,27,3,Product Manager,Bachelor's,Zoom,55.43,0.497,7,100.0,87.6,Confident,10.08,7.35,36,0.528,70.41,Second Round
CAND_21747C,34,9,Data Scientist,Master's,HireVue,44.29,0.901,11,92.4,65.26,Confident,22.83,5.9,37,0.54,58.05,On Hold
CAND_AE89FC,38,17,UX Designer,Bachelor's,Zoom,75.88,0.695,4,79.04,,Neutral,24.52,4.07,38,0.281,68.41,Rejected
CAND_5C1698,20,0,Business Analyst,PhD,Teams,69.45,0.95,7,92.05,84.57,Confident,27.95,4.77,28,0.652,72.38,Rejected
CAND_77A706,22,0,Marketing Analyst,Associate,Teams,69.3,,9,73.24,67.53,Confident,47.45,5.89,37,0.525,64.9,Rejected
CAND_5DF143,27,8,Business Analyst,Bachelor's,Zoom,28.13,0.642,13,100.0,100.0,Confident,7.98,3.84,45,0.262,47.16,Rejected
CAND_70A128,23,5,Data Scientist,Bachelor's,Teams,55.09,0.517,8,94.99,75.46,Confident,7.88,3.91,38,0.28,66.87,Rejected
CAND_8EB09B,35,18,Business Analyst,Bachelor's,Teams,65.72,0.859,7,100.0,100.0,Confident,10.55,3.52,45,0.817,82.23,Hired
CAND_CA76B5,21,0,Marketing Analyst,Bachelor's,Google Meet,45.06,0.564,17,78.25,100.0,Neutral,20.07,4.52,47,0.33,56.39,Rejected
CAND_E48A56,34,13,Product Manager,PhD,Zoom,49.45,0.565,9,100.0,,Confident,7.72,3.99,69,0.293,63.54,Rejected
CAND_5EF4FA,34,12,Product Manager,PhD,Google Meet,39.91,0.503,11,82.2,81.98,Neutral,22.85,4.87,38,0.557,55.2,Rejected
CAND_4DE4D6,20,0,Business Analyst,Master's,Google Meet,63.75,0.943,10,56.59,45.37,Neutral,34.12,,44,0.385,65.28,Rejected
CAND_E29870,28,11,Software Engineer,Bachelor's,HireVue,62.62,0.358,12,100.0,94.98,Confident,20.1,4.59,33,0.782,78.46,Second Round
CAND_AD7B53,23,4,Business Analyst,Master's,Google Meet,39.67,0.401,14,82.68,78.62,Neutral,,5.33,51,0.41,58.41,On Hold
CAND_B68EFB,41,24,HR Manager,Bachelor's,Zoom,58.86,0.689,10,95.05,90.8,Confident,,4.18,43,0.456,68.72,Second Round
CAND_58915B,33,9,Product Manager,Bachelor's,Google Meet,39.72,0.688,11,100.0,94.33,Confident,16.37,3.73,52,0.562,57.96,Rejected
CAND_B39DF1,43,22,HR Manager,Master's,Zoom,56.14,0.667,5,100.0,87.82,Confident,17.26,4.17,52,0.343,69.86,Hired
CAND_9E4D27,20,1,Business Analyst,Master's,Teams,71.51,0.95,10,100.0,100.0,Confident,8.26,4.41,40,0.723,77.55,Hired
CAND_38A292,27,5,HR Manager,Master's,Teams,60.74,0.554,6,73.29,70.22,Neutral,24.03,4.15,50,0.528,60.05,Rejected
CAND_B4BBD0,25,4,Product Manager,Associate,Zoom,76.08,0.645,5,100.0,85.92,Confident,9.48,,59,0.324,87.2,Hired
CAND_F15333,30,9,HR Manager,Master's,Google Meet,58.39,,11,100.0,93.61,Confident,0.68,3.57,49,0.353,81.32,Second Round
CAND_87BCA8,37,20,Data Scientist,Associate,Zoom,59.57,0.493,7,100.0,76.17,Neutral,6.06,3.64,50,0.515,77.4,Rejected
CAND_B149EF,23,4,UX Designer,Associate,Google Meet,48.06,0.325,13,100.0,99.66,Confident,13.35,3.71,46,0.54,68.55,Hired
CAND_6F4626,33,8,UX Designer,Bachelor's,Teams,70.85,0.629,10,100.0,100.0,Confident,18.14,4.51,41,0.548,81.3,Hired
CAND_4198DD,40,21,Data Scientist,PhD,Google Meet,39.69,0.45,6,82.65,60.67,Confident,26.09,,60,0.399,54.77,Rejected
CAND_953233,21,0,Business Analyst,Bachelor's,Zoom,55.07,0.688,7,100.0,93.23,Confident,,4.48,56,0.405,70.83,Second Round
CAND_185765,38,14,Product Manager,PhD,Zoom,69.46,0.65,9,95.12,99.44,Confident,21.69,4.48,41,0.538,77.62,Second Round
CAND_3E0494,37,14,Business Analyst,Associate,Zoom,75.36,0.611,4,100.0,100.0,Confident,25.74,4.19,38,0.732,93.19,Hired
CAND_BD4535,35,10,UX Designer,PhD,Zoom,59.55,0.562,10,93.86,72.78,Neutral,17.9,3.87,52,0.019,69.99,Rejected
CAND_A0A369,28,6,UX Designer,PhD,HireVue,32.11,0.552,12,100.0,88.91,Confident,,3.3,29,0.341,52.29,On Hold
CAND_C24F89,25,2,Business Analyst,PhD,Zoom,50.42,0.277,8,100.0,58.79,Confident,11.32,4.28,51,0.356,66.98,Rejected
CAND_D44EDD,30,2,Marketing Analyst,Associate,Google Meet,58.23,0.728,15,100.0,100.0,Confident,19.49,4.36,32,0.757,62.43,Rejected
CAND_F2DB8B,23,0,Product Manager,Master's,HireVue,48.39,0.884,6,64.16,,Neutral,57.96,5.98,41,0.408,41.09,Rejected
CAND_92E8C1,33,12,Product Manager,PhD,HireVue,39.67,0.627,11,96.08,100.0,Confident,13.63,,36,0.264,59.96,Rejected
CAND_31F0F3,38,21,Marketing Analyst,PhD,Teams,,0.675,10,100.0,78.02,Confident,19.47,4.03,44,0.428,83.31,Hired
CAND_F65F45,51,28,Business Analyst,Associate,HireVue,58.1,0.549,11,86.89,100.0,Confident,35.08,5.99,40,0.967,58.53,Rejected
CAND_38369F,34,14,Sales Executive,Master's,Zoom,77.2,0.511,7,86.47,74.85,Neutral,13.72,4.12,45,0.172,85.07,Hired
CAND_B5C3B5,22,0,Business Analyst,Bachelor's,Teams,64.5,0.506,11,100.0,100.0,Confident,12.89,,33,0.502,77.27,Rejected
CAND_A392E8,20,0,UX Designer,Master's,Zoom,63.76,0.458,3,100.0,100.0,Confident,5.86,4.55,42,0.375,69.76,Hired
CAND_2F5FBE,29,12,Data Scientist,Associate,HireVue,82.6,0.401,2,100.0,91.6,Confident,9.74,3.84,51,0.693,92.64,Hired
CAND_AB81B4,25,2,UX Designer,Associate,HireVue,61.97,0.818,10,100.0,100.0,Neutral,17.09,4.04,46,0.755,73.46,Rejected
CAND_41DB63,20,0,Software Engineer,Bachelor's,HireVue,69.12,0.204,6,100.0,100.0,Confident,3.33,3.68,51,0.264,84.55,Hired
CAND_C8DF69,31,9,Sales Executive,Bachelor's,Teams,65.71,0.637,6,100.0,77.49,Confident,10.67,4.06,42,0.834,71.99,Rejected
CAND_AC1129,20,2,Sales Executive,Master's,HireVue,54.87,0.727,8,100.0,61.06,Confident,15.07,4.26,43,0.333,68.99,Hired
CAND_81C54C,26,5,Business Analyst,Associate,HireVue,37.56,0.669,11,95.94,,Confident,6.74,4.11,63,0.538,56.26,Rejected
CAND_B89116,20,0,Product Manager,Associate,HireVue,85.54,0.532,3,91.0,76.03,Confident,32.62,5.04,38,0.92,93.88,Hired
CAND_2822CE,20,0,Marketing Analyst,Associate,Teams,66.75,0.71,5,100.0,91.91,Confident,2.24,3.07,61,0.419,83.47,Hired
CAND_897AB3,20,0,Marketing Analyst,Master's,Google Meet,60.75,0.655,7,100.0,100.0,Confident,10.96,4.86,27,0.587,78.82,Hired
CAND_43B8AE,21,0,Data Scientist,Master's,Teams,61.15,0.428,14,100.0,100.0,Confident,10.38,3.77,50,0.38,71.53,Rejected
CAND_08A733,38,18,UX Designer,Bachelor's,HireVue,38.88,0.589,13,92.21,74.09,Confident,22.12,4.15,55,0.415,54.68,Rejected
CAND_619C94,29,8,HR Manager,Bachelor's,Teams,69.99,0.45,10,81.11,83.12,Neutral,34.38,5.58,51,0.404,63.47,Rejected
CAND_89A504,21,0,Software Engineer,Associate,HireVue,56.95,0.767,8,100.0,100.0,Confident,10.5,4.32,60,0.608,71.67,Second Round
CAND_EC1CDD,42,18,HR Manager,Master's,HireVue,151.0,0.855,0,100.0,88.5,Neutral,4.85,3.35,47,0.201,100.0,Hired
CAND_B015C5,20,0,Software Engineer,Associate,Google Meet,56.2,0.428,12,100.0,74.44,Confident,12.33,4.0,41,0.833,57.96,Rejected
CAND_677E62,20,0,Product Manager,Associate,Teams,,0.526,6,100.0,75.89,Confident,8.27,3.57,44,0.559,66.36,Second Round
CAND_3B46CD,33,7,HR Manager,Bachelor's,Zoom,55.75,0.733,12,80.43,49.0,Slouched,26.83,4.94,40,0.666,52.15,Rejected
CAND_48B912,24,0,Sales Executive,Master's,Zoom,57.32,0.444,10,100.0,99.88,Confident,20.17,4.69,45,0.596,55.4,Rejected
CAND_949AB0,33,12,UX Designer,Associate,Google Meet,83.02,0.43,5,100.0,67.58,Confident,19.64,4.01,42,0.695,80.34,Second Round
CAND_23AD69,38,22,Marketing Analyst,Associate,Google Meet,60.85,0.318,11,100.0,72.08,Confident,7.27,,45,0.321,69.57,Second Round
CAND_1153A5,32,15,Software Engineer,PhD,Teams,61.01,0.658,10,75.29,74.49,Neutral,55.78,6.05,43,0.445,58.89,Rejected
CAND_B2D03D,28,4,Software Engineer,Bachelor's,Teams,51.61,0.558,6,100.0,76.78,Confident,9.93,5.07,52,0.62,65.31,Rejected
CAND_568F58,32,11,Product Manager,Master's,Teams,47.71,0.647,11,97.97,69.97,Confident,29.24,4.86,36,0.538,56.28,On Hold
CAND_4E73B4,22,4,UX Designer,Associate,Google Meet,,0.755,10,100.0,100.0,Confident,12.63,4.59,35,0.195,81.34,Hired
CAND_F7C66A,20,1,Data Scientist,Master's,Google Meet,61.36,0.556,10,100.0,89.29,Confident,11.14,5.1,55,0.297,63.59,Rejected
CAND_2C4A2B,31,12,Marketing Analyst,Associate,HireVue,53.05,0.604,17,92.22,65.42,Confident,,4.51,55,0.891,70.29,Hired
CAND_B7DF51,27,6,Data Scientist,Master's,Zoom,,0.728,12,85.01,90.76,Confident,34.34,5.71,49,0.339,67.42,Hired
CAND_47E5F4,28,4,Data Scientist,Bachelor's,Google Meet,58.97,0.646,5,93.3,55.38,Confident,,5.16,34,0.154,63.78,Rejected
CAND_2B1893,20,0,Business Analyst,Bachelor's,Google Meet,,0.642,7,100.0,68.65,Neutral,11.64,5.35,56,0.123,82.25,Rejected
CAND_F8F30D,20,0,Data Scientist,Associate,Google Meet,115.13,0.755,5,85.27,71.36,Confident,,4.5,24,0.552,84.92,Second Round
CAND_81E54D,33,10,Product Manager,Associate,Teams,47.9,0.667,6,100.0,92.09,Confident,11.56,4.34,50,0.394,57.15,Rejected
CAND_E57952,28,2,Marketing Analyst,Associate,HireVue,58.46,0.561,8,100.0,40.54,Confident,15.54,5.28,41,0.379,74.68,Rejected
CAND_04012B,43,16,Marketing Analyst,PhD,Teams,54.8,0.637,9,60.25,55.46,Neutral,68.93,8.1,46,0.321,47.05,Rejected
CAND_4C6CC0,37,15,Sales Executive,Master's,HireVue,50.29,,8,76.4,63.37,Confident,19.48,4.85,43,0.304,58.78,On Hold
CAND_6FC109,27,6,Business Analyst,Bachelor's,HireVue,57.81,0.458,10,100.0,100.0,Confident,8.85,4.42,28,0.849,60.11,Rejected
CAND_4963E4,31,14,UX Designer,PhD,Google Meet,52.65,0.567,7,100.0,77.77,Confident,16.9,,50,0.672,63.12,Rejected
CAND_CBFE7A,20,0,Marketing Analyst,Bachelor's,Teams,71.88,0.275,6,82.1,82.04,Confident,34.65,5.05,56,0.434,62.9,Rejected
CAND_58CC9C,27,5,Sales Executive,Master's,HireVue,55.88,0.549,10,52.29,60.05,Slouched,58.51,6.01,27,0.534,58.04,Rejected
CAND_4B76B5,25,3,Software Engineer,Bachelor's,Google Meet,88.16,0.602,13,100.0,94.93,Confident,14.36,4.11,56,0.185,95.29,Hired
CAND_EF751C,36,18,Marketing Analyst,PhD,HireVue,,0.796,10,56.95,57.12,Neutral,47.44,5.43,42,0.264,56.75,Rejected
CAND_0C1043,32,11,HR Manager,PhD,Google Meet,57.74,0.579,4,91.84,83.17,Confident,26.5,4.87,39,0.648,69.85,Second Round
CAND_0E8352,20,1,Marketing Analyst,Master's,Zoom,48.51,0.511,16,76.3,60.29,Confident,13.72,4.18,38,0.631,49.34,Rejected
CAND_35AA3B,33,8,Data Scientist,Master's,Teams,60.64,0.855,4,79.07,82.2,Neutral,,4.32,39,0.327,76.93,Second Round
CAND_8F18A0,20,0,Marketing Analyst,Bachelor's,Teams,81.54,0.539,9,100.0,100.0,Confident,17.13,4.04,53,0.642,88.14,Hired
CAND_648CD6,44,19,Marketing Analyst,Bachelor's,Teams,59.04,0.442,7,57.6,64.8,Neutral,60.37,6.33,24,0.651,50.96,Rejected
CAND_89DE9A,45,17,Marketing Analyst,Master's,HireVue,85.74,0.574,10,100.0,69.52,Confident,5.53,4.57,32,0.654,74.92,Hired
CAND_91B1E6,35,9,Marketing Analyst,Associate,HireVue,59.18,0.604,10,91.24,77.39,Confident,15.21,5.15,48,0.44,64.59,On Hold
CAND_FFF573,32,13,Software Engineer,PhD,HireVue,41.51,0.68,11,59.06,57.93,Confident,44.4,5.55,49,0.572,43.4,Rejected
CAND_A8575B,48,29,HR Manager,Associate,Zoom,65.36,0.6,11,100.0,100.0,Confident,10.98,3.65,57,0.382,68.94,Hired
CAND_36CCF1,28,4,Product Manager,Master's,Google Meet,70.81,0.603,10,100.0,97.21,Confident,24.26,4.26,59,0.395,96.47,Hired
CAND_99C0C0,47,28,HR Manager,Master's,HireVue,58.36,0.754,8,72.79,55.6,Neutral,40.74,5.71,44,0.456,57.47,Rejected
CAND_DF6056,51,30,Marketing Analyst,Associate,Google Meet,65.95,0.671,7,75.06,,Confident,37.14,5.1,42,0.465,72.88,Second Round
CAND_C98CCA,40,18,Data Scientist,Master's,Teams,84.4,0.686,8,99.34,,Confident,14.03,3.77,43,0.529,80.77,Hired
CAND_4776BD,38,14,Product Manager,Master's,Teams,62.48,0.424,7,78.99,65.24,Confident,,4.65,44,0.535,67.78,Hired
CAND_39A215,39,21,Software Engineer,Associate,HireVue,70.87,0.21,4,80.7,59.32,Confident,42.54,5.38,51,0.522,80.9,Hired
CAND_6F60E7,34,10,Software Engineer,Master's,Google Meet,23.74,0.689,11,100.0,80.03,Confident,16.26,4.47,48,0.381,43.95,Rejected
CAND_7A222C,33,8,Sales Executive,Bachelor's,Teams,59.67,0.557,13,95.47,61.92,Confident,3.19,,28,1.0,77.43,Rejected
CAND_F9EFC4,44,17,UX Designer,Associate,Zoom,39.17,0.618,9,100.0,73.96,Confident,6.5,5.71,50,0.513,48.05,Rejected
CAND_6B46D3,42,18,Product Manager,PhD,Teams,60.88,0.724,7,94.49,,Confident,23.54,4.13,58,0.355,76.42,Rejected
CAND_CD26C9,35,11,Marketing Analyst,PhD,HireVue,47.69,0.668,7,100.0,69.61,Confident,20.49,5.01,36,0.5,53.42,Rejected
CAND_D89F25,33,8,Marketing Analyst,Associate,Google Meet,66.74,0.843,8,90.86,77.91,Confident,21.32,4.71,41,0.619,74.9,Rejected
CAND_B4A6EE,32,10,Sales Executive,Bachelor's,Zoom,58.93,0.535,11,100.0,100.0,Confident,8.39,4.26,43,0.575,71.04,Second Round
CAND_8AD4D4,39,16,Marketing Analyst,Bachelor's,Zoom,53.27,0.541,15,100.0,100.0,Confident,16.41,5.39,35,0.386,64.69,Rejected
CAND_5B7D13,32,3,Software Engineer,PhD,Zoom,61.86,0.576,8,89.22,88.5,Confident,21.38,6.06,28,0.78,65.81,Rejected
CAND_EEB795,20,0,Sales Executive,PhD,Teams,,0.702,7,90.61,79.59,Confident,19.47,4.07,32,0.53,50.62,Rejected
CAND_864833,45,21,Sales Executive,Bachelor's,HireVue,70.87,0.604,8,100.0,,Confident,18.56,4.19,55,0.545,73.19,Second Round
CAND_8C60B8,20,0,Business Analyst,Bachelor's,Teams,62.14,0.551,6,100.0,75.51,Confident,2.6,3.75,60,0.597,75.34,Second Round
CAND_C2862B,25,0,Sales Executive,PhD,HireVue,75.6,0.602,6,70.14,58.1,Neutral,52.24,6.26,44,0.423,70.52,Rejected
CAND_110F68,38,11,Sales Executive,Bachelor's,Google Meet,37.83,0.54,12,80.69,63.7,Neutral,,4.71,61,0.306,53.32,Rejected
CAND_CE5591,40,14,HR Manager,Bachelor's,HireVue,70.51,0.577,5,100.0,83.31,Confident,9.67,5.27,46,0.499,88.3,Hired
CAND_CE11A1,37,15,Business Analyst,Associate,HireVue,37.96,0.571,10,100.0,50.47,Confident,13.52,4.71,51,0.487,60.13,Rejected
CAND_FE1D5C,25,2,Marketing Analyst,Master's,Google Meet,89.91,0.459,7,85.04,53.59,Confident,29.52,5.29,54,0.702,84.16,Hired
CAND_8110AD,37,16,Sales Executive,Bachelor's,Zoom,62.81,0.626,11,100.0,79.25,Neutral,14.58,4.81,50,0.576,80.66,Rejected
CAND_781CD1,29,6,UX Designer,Master's,Google Meet,81.52,0.628,8,78.45,100.0,Confident,34.96,5.44,59,0.427,68.94,Rejected
CAND_D97D50,20,0,Data Scientist,Master's,Zoom,51.67,0.614,11,85.85,76.81,Neutral,24.41,4.61,45,0.737,63.9,Rejected
CAND_9163D7,23,0,Product Manager,Associate,Google Meet,39.35,0.509,11,65.54,72.88,Neutral,44.94,5.2,44,0.524,44.55,Rejected
CAND_47B507,32,13,HR Manager,Associate,HireVue,49.9,0.749,11,94.57,68.71,Neutral,21.93,4.58,54,0.824,76.01,Second Round
CAND_561EED,40,13,Product Manager,Associate,Teams,70.85,0.519,11,100.0,73.54,Confident,7.81,5.14,50,0.653,71.6,Rejected
CAND_577189,27,5,Product Manager,Bachelor's,Google Meet,62.56,0.524,14,86.42,87.04,Neutral,20.25,4.55,29,0.747,66.1,Rejected
CAND_7A50A8,39,14,Business Analyst,PhD,Zoom,71.87,0.37,6,82.21,75.76,Neutral,17.95,,61,0.268,68.36,Second Round
CAND_09BA40,30,0,Sales Executive,Master's,HireVue,88.1,0.673,8,100.0,91.55,Confident,,4.1,50,0.488,89.42,Hired
CAND_CE24C6,27,4,Business Analyst,Associate,HireVue,,0.493,10,98.34,86.77,Confident,23.46,6.3,43,0.306,71.99,Second Round
CAND_F62B5C,30,9,UX Designer,Associate,Teams,18.9,0.544,22,100.0,77.84,Neutral,9.29,4.04,42,0.171,37.32,Rejected
CAND_7A496C,27,5,Business Analyst,Associate,HireVue,40.66,,13,100.0,68.83,Confident,15.47,4.25,47,0.898,49.79,Rejected
CAND_F03ECF,23,0,Product Manager,Associate,Zoom,42.34,0.827,14,68.88,52.58,Neutral,36.74,,20,0.715,51.48,Rejected
CAND_89D733,23,0,Business Analyst,Bachelor's,HireVue,43.56,0.465,15,72.53,40.63,Neutral,41.97,5.74,54,0.35,52.45,Rejected
CAND_1C8571,20,0,Software Engineer,Master's,HireVue,63.16,0.607,7,100.0,87.5,Confident,9.25,3.81,39,0.335,67.11,Second Round
CAND_331DA0,25,0,Data Scientist,Associate,Google Meet,47.53,0.59,7,85.76,100.0,Confident,18.35,4.47,58,0.273,52.84,Rejected
CAND_BF7D9B,37,13,Data Scientist,PhD,HireVue,56.57,0.332,13,100.0,95.84,Confident,4.25,3.67,45,0.534,63.56,Rejected
CAND_C28857,26,4,Sales Executive,Bachelor's,Zoom,66.8,0.667,6,99.12,69.72,Confident,10.74,4.42,21,0.152,86.16,Hired
CAND_062EF0,25,1,Marketing Analyst,Master's,Zoom,66.72,0.385,11,100.0,98.77,Confident,8.55,4.12,43,0.716,85.4,Hired
CAND_2CFA64,31,10,Data Scientist,Associate,Teams,66.04,0.308,9,94.6,86.89,Confident,10.27,3.34,47,0.57,71.52,Hired
CAND_318168,34,14,Software Engineer,PhD,Zoom,38.6,0.486,12,100.0,81.09,Confident,11.92,4.26,57,0.596,60.7,Rejected
CAND_14CB3E,25,0,HR Manager,Master's,Teams,72.96,,10,100.0,100.0,Neutral,16.7,4.3,45,0.628,75.93,Second Round
CAND_E562AA,30,12,Product Manager,Master's,Teams,64.32,0.701,10,100.0,86.15,Confident,25.43,4.91,51,0.183,78.01,Rejected
CAND_2D1FCB,32,7,UX Designer,Associate,Teams,,0.761,13,100.0,65.02,Confident,19.6,4.24,46,0.736,56.66,Rejected
CAND_BCC97A,28,8,Marketing Analyst,Associate,Google Meet,66.18,0.892,9,89.11,100.0,Confident,34.22,,44,0.582,74.36,Rejected
CAND_2D9C7B,36,12,Sales Executive,PhD,Teams,50.82,0.416,11,100.0,68.81,Confident,3.55,4.19,47,0.35,58.32,Rejected
CAND_365F0B,25,3,Marketing Analyst,Associate,Google Meet,55.08,0.274,12,83.65,62.1,Confident,22.84,4.65,42,0.353,67.23,Second Round
CAND_6754E3,43,19,HR Manager,Associate,Zoom,59.33,0.538,11,100.0,63.64,Confident,,3.73,72,0.211,64.72,Rejected
CAND_D4B82E,32,9,Marketing Analyst,PhD,Zoom,92.48,0.684,3,100.0,77.56,Confident,22.72,4.2,46,0.318,91.16,Hired
CAND_66B09F,35,15,HR Manager,PhD,Zoom,85.98,0.729,6,76.77,58.81,Neutral,36.5,4.85,32,0.55,79.3,Rejected
CAND_F5EA17,20,0,Software Engineer,Associate,Google Meet,64.77,0.582,13,78.74,54.18,Confident,47.52,5.9,42,0.618,65.25,Rejected
CAND_7F2089,26,3,Business Analyst,Master's,Teams,75.04,0.661,6,84.58,86.8,Confident,19.23,4.46,49,0.308,84.49,Hired
CAND_C93235,27,3,Product Manager,Bachelor's,Zoom,,0.375,14,61.57,62.83,Neutral,46.71,5.44,47,0.756,39.5,Rejected
CAND_37604A,35,6,Software Engineer,PhD,Teams,68.39,0.596,11,95.01,78.67,Confident,20.6,4.46,32,0.74,77.06,Second Round
CAND_C2BD98,23,0,Business Analyst,Associate,Teams,52.95,0.814,9,100.0,84.97,Confident,3.21,3.32,44,0.416,65.09,Second Round
CAND_88B27C,31,10,Business Analyst,PhD,Teams,85.04,0.313,5,100.0,87.45,Confident,22.36,3.95,39,0.519,84.35,Rejected
CAND_0ECAC3,24,3,Marketing Analyst,PhD,Zoom,65.38,0.64,7,100.0,90.8,Confident,12.75,4.9,40,0.393,73.92,Second Round
CAND_D05FC2,33,8,UX Designer,Associate,Google Meet,91.91,0.691,6,100.0,94.09,Confident,16.15,3.85,39,0.346,91.06,Second Round
CAND_E2B170,21,0,Marketing Analyst,Bachelor's,HireVue,53.81,0.739,10,77.86,75.97,Confident,29.66,5.18,45,0.416,54.78,Rejected
CAND_6DD6E3,25,0,Marketing Analyst,Associate,Google Meet,59.05,0.563,12,78.14,78.59,Neutral,25.75,4.48,62,0.697,70.89,Rejected
CAND_996EEF,32,5,Sales Executive,Bachelor's,Google Meet,69.38,0.759,9,100.0,84.7,Confident,13.91,4.16,34,0.312,66.49,Hired
CAND_C7AB60,32,9,Data Scientist,Associate,Google Meet,68.41,0.845,6,49.03,46.89,Neutral,48.51,5.95,37,0.325,65.47,Hired
CAND_A3694D,28,5,Product Manager,Bachelor's,Zoom,75.28,0.643,3,100.0,90.77,Confident,21.5,4.54,40,0.657,84.12,Hired
CAND_101E53,33,13,Data Scientist,Bachelor's,Teams,49.28,0.572,15,100.0,81.55,Confident,1.9,3.04,54,0.546,73.41,Second Round
CAND_20A803,29,1,Sales Executive,PhD,HireVue,39.07,0.314,15,76.46,64.33,Confident,43.08,5.02,54,0.456,47.12,Rejected
CAND_395CE0,24,1,Product Manager,Associate,Zoom,51.37,0.356,13,100.0,,Confident,16.63,,37,0.153,65.47,Rejected
CAND_004F7B,29,9,Marketing Analyst,Bachelor's,Google Meet,49.36,0.485,16,100.0,99.03,Confident,16.13,4.53,47,0.514,60.56,Rejected
CAND_F8B16E,29,12,UX Designer,PhD,Zoom,55.09,0.363,6,100.0,100.0,Confident,5.46,4.12,51,0.663,68.35,Second Round
CAND_C59922,35,11,Business Analyst,Bachelor's,HireVue,54.51,0.695,7,100.0,68.82,Confident,18.9,3.99,49,0.375,68.11,Second Round
CAND_FE8D6C,20,0,Sales Executive,Bachelor's,Teams,46.48,0.451,11,81.29,,Neutral,50.21,7.19,25,0.389,52.42,Rejected
CAND_8EAB8C,24,1,Software Engineer,Bachelor's,Google Meet,54.57,0.511,11,94.34,67.49,Confident,14.02,3.78,43,0.732,66.75,Rejected
CAND_C63430,44,22,UX Designer,Bachelor's,Teams,57.12,0.461,13,100.0,88.16,Confident,23.33,5.05,54,0.536,68.95,Hired
CAND_DA522C,22,0,Business Analyst,Master's,Zoom,70.92,0.378,6,100.0,76.23,Confident,19.3,4.73,41,0.592,75.87,Hired
CAND_1645AA,46,25,Product Manager,PhD,Teams,,0.543,8,67.02,68.48,Neutral,28.05,5.87,53,0.622,59.15,Rejected
CAND_E5A82B,46,25,Product Manager,Bachelor's,Google Meet,,0.453,6,100.0,75.51,Confident,5.6,3.66,29,0.446,83.74,Hired
CAND_F186B1,25,3,Business Analyst,Bachelor's,Teams,55.61,0.338,2,85.4,61.4,Neutral,29.24,,54,0.745,59.05,Rejected
CAND_48901D,37,12,HR Manager,Bachelor's,Zoom,69.42,0.596,11,79.81,66.82,Neutral,20.83,4.41,38,0.334,73.78,Hired
CAND_E425DD,38,13,Data Scientist,Associate,Teams,61.97,0.816,11,83.74,85.71,Confident,23.66,4.33,41,0.632,63.59,Rejected
CAND_1AC467,38,11,Marketing Analyst,Associate,Zoom,47.93,0.562,11,78.49,58.52,Neutral,30.12,4.54,45,0.512,57.59,On Hold
CAND_730B8A,37,12,HR Manager,Associate,Zoom,66.05,0.443,11,100.0,66.34,Confident,6.45,4.02,20,0.209,76.09,Second Round
CAND_56806E,45,26,Data Scientist,Bachelor's,Google Meet,65.67,0.528,8,93.18,50.87,Confident,17.07,4.49,41,0.718,75.55,Second Round
CAND_9A0AC0,26,7,Marketing Analyst,PhD,HireVue,81.24,0.668,9,100.0,97.76,Confident,8.12,3.63,23,0.424,93.08,Second Round
CAND_27268D,26,6,Marketing Analyst,Associate,HireVue,54.49,0.22,5,96.85,98.28,Confident,31.91,4.56,50,0.527,71.38,Rejected
CAND_FB1ABE,23,0,Data Scientist,Master's,HireVue,76.53,0.602,9,100.0,67.82,Confident,14.46,5.53,57,0.289,79.65,Rejected
CAND_32DDA4,28,7,HR Manager,PhD,HireVue,76.48,0.382,13,99.26,89.29,Confident,7.21,3.69,35,0.555,72.17,Hired
CAND_95F3C6,39,14,Business Analyst,Associate,Google Meet,48.97,0.2,12,100.0,80.04,Confident,23.99,4.91,56,0.737,54.61,Rejected
CAND_6748FC,28,8,Product Manager,Associate,Zoom,69.98,0.633,9,100.0,80.8,Neutral,14.2,4.06,48,0.708,77.2,Second Round
CAND_3CA2A7,23,2,Data Scientist,Associate,Zoom,72.48,0.73,12,83.29,98.94,Confident,45.23,5.3,55,0.114,84.33,Hired
CAND_25D390,31,8,Product Manager,Bachelor's,Google Meet,43.6,0.699,11,95.5,,Confident,11.83,4.54,45,0.777,48.09,Rejected
CAND_2BE954,28,7,HR Manager,Bachelor's,Google Meet,50.36,0.432,9,88.59,98.54,Confident,28.36,4.99,39,0.264,58.22,Rejected
CAND_D18C4F,20,0,Data Scientist,Master's,Teams,85.3,0.517,8,100.0,97.1,Confident,15.12,4.13,50,0.671,70.87,Second Round
CAND_59D21C,31,8,Data Scientist,PhD,Google Meet,38.66,0.606,10,85.15,85.51,Confident,23.3,4.72,48,0.385,46.87,Rejected
CAND_DEF631,29,3,UX Designer,Associate,Zoom,87.66,0.397,4,100.0,55.71,Confident,10.86,3.95,37,0.693,100.0,Hired
CAND_936A44,20,0,Marketing Analyst,Bachelor's,Teams,18.02,0.641,10,71.85,73.45,Neutral,29.02,4.6,73,0.67,27.01,Rejected
CAND_9C9FA5,20,0,Business Analyst,PhD,Zoom,80.37,0.704,10,97.02,44.79,Confident,12.32,4.21,32,0.544,84.18,Second Round
CAND_2E539B,31,13,HR Manager,Bachelor's,Teams,56.81,0.582,9,76.98,48.59,Slouched,32.15,4.87,74,0.572,58.28,Rejected
CAND_44C266,20,0,Data Scientist,Master's,HireVue,57.4,0.505,6,87.94,67.28,Neutral,,4.86,31,0.468,72.43,Hired
CAND_758474,37,15,Business Analyst,PhD,Google Meet,40.52,0.528,8,83.59,54.3,Neutral,33.31,4.99,56,0.643,60.88,Rejected
CAND_67D889,20,0,Data Scientist,Bachelor's,Teams,72.11,0.435,9,100.0,82.83,Confident,0.86,5.25,46,0.718,76.2,Rejected
CAND_EF9BE5,35,10,Data Scientist,PhD,HireVue,52.25,0.52,10,67.56,66.8,Confident,34.93,,28,0.5,50.4,Rejected
CAND_363479,29,8,Sales Executive,Associate,Google Meet,59.02,0.908,13,75.17,73.7,Neutral,19.93,4.86,47,0.637,69.23,Second Round
CAND_FDB00B,23,1,Business Analyst,Associate,Zoom,36.3,0.541,8,79.35,83.75,Confident,43.31,5.21,49,0.3,40.63,Rejected
CAND_4011AF,39,14,Sales Executive,PhD,Zoom,57.7,0.667,15,81.97,44.77,Neutral,14.72,4.04,50,0.714,61.53,Rejected
CAND_9C8074,47,23,Software Engineer,Bachelor's,Teams,45.95,0.538,13,79.89,91.7,Confident,25.56,5.31,48,0.231,61.52,Rejected
CAND_49C93C,31,8,Product Manager,PhD,Google Meet,46.25,0.765,8,77.59,72.42,Confident,25.43,4.45,32,0.615,53.0,Rejected
CAND_840112,29,6,HR Manager,Master's,Teams,32.79,0.368,9,76.36,78.97,Neutral,36.38,4.97,45,0.553,45.95,On Hold
CAND_6A6C46,25,3,Business Analyst,Bachelor's,HireVue,,0.652,13,76.67,76.38,Neutral,35.28,4.8,49,0.968,50.18,Rejected
CAND_BAB869,23,1,HR Manager,Bachelor's,HireVue,81.94,0.483,8,78.07,70.66,Neutral,22.87,5.43,23,0.266,77.53,Hired
CAND_B19CD0,26,2,HR Manager,Associate,HireVue,46.45,0.548,14,84.25,50.41,Confident,22.85,5.2,31,0.204,50.22,Rejected
CAND_F546A8,20,0,Business Analyst,Master's,HireVue,48.92,0.459,12,77.75,59.8,Neutral,52.83,6.07,56,0.539,51.48,Rejected
CAND_42E485,20,0,Data Scientist,Associate,Zoom,48.3,0.543,7,100.0,67.25,Neutral,20.8,5.17,65,0.205,65.79,Second Round
CAND_25CB20,25,4,Data Scientist,Associate,Google Meet,68.01,0.461,11,62.06,50.75,Confident,69.01,6.94,55,0.355,57.88,Rejected
CAND_D6287A,35,11,Business Analyst,Master's,Zoom,80.34,0.674,6,83.13,69.04,Neutral,52.37,5.63,34,1.0,77.12,Hired
CAND_B26529,37,16,UX Designer,PhD,Google Meet,61.38,0.711,5,100.0,68.23,Confident,10.2,4.11,54,0.682,80.29,Hired
CAND_E8D208,34,13,Product Manager,Master's,Zoom,55.5,0.702,7,97.73,53.7,Confident,29.41,5.51,44,0.692,69.91,Rejected
CAND_1B4A9C,37,14,Product Manager,Bachelor's,Teams,,0.599,11,89.78,91.97,Confident,25.79,4.77,35,0.477,58.51,Rejected
CAND_EA73F3,52,26,Sales Executive,Associate,HireVue,53.23,0.71,8,100.0,100.0,Confident,8.13,3.4,26,0.815,77.65,Rejected
CAND_C6C463,46,19,Business Analyst,PhD,Teams,41.43,0.665,16,67.73,76.28,Neutral,31.5,5.32,62,0.449,48.34,Rejected
CAND_468B7B,24,0,Marketing Analyst,PhD,Zoom,36.38,0.639,13,100.0,100.0,Confident,4.28,3.76,59,0.242,52.99,Rejected
CAND_4D67BD,33,10,Sales Executive,Associate,Zoom,65.46,0.682,9,91.22,,Confident,14.54,4.16,38,0.457,85.9,Second Round
CAND_A0A8EA,26,2,Data Scientist,Bachelor's,HireVue,70.45,0.71,8,82.85,68.89,Neutral,41.5,5.92,32,0.36,78.43,Second Round
CAND_B272D0,20,0,Software Engineer,Associate,Teams,64.94,0.463,7,100.0,85.9,Neutral,18.67,5.37,46,0.641,66.81,Rejected
CAND_7E617E,39,13,Product Manager,Bachelor's,HireVue,64.21,0.394,11,100.0,100.0,Confident,16.66,4.19,46,0.255,69.22,Second Round
CAND_DFB67F,27,7,Business Analyst,Bachelor's,Teams,78.98,0.642,2,100.0,81.92,Confident,13.84,3.91,48,0.6,89.97,Hired
CAND_4DA859,25,1,Sales Executive,Associate,Teams,52.9,0.33,10,72.28,61.4,Neutral,42.04,6.35,51,0.579,66.95,Rejected
CAND_61F297,31,12,HR Manager,Associate,Google Meet,43.22,0.402,14,91.42,84.89,Confident,14.76,3.84,47,0.929,48.55,Rejected
CAND_DD39B2,22,0,Business Analyst,Bachelor's,Google Meet,54.3,,9,88.05,78.3,Neutral,31.37,5.17,37,0.683,64.55,On Hold
CAND_FBAC24,20,0,Marketing Analyst,PhD,Teams,42.97,0.629,9,100.0,79.36,Confident,19.26,4.72,41,0.575,60.24,Rejected
CAND_65D256,23,0,Product Manager,PhD,Google Meet,52.86,0.87,11,100.0,88.0,Confident,13.54,3.91,53,0.246,53.9,Rejected
CAND_3CCCD5,32,10,HR Manager,Master's,Zoom,,0.717,5,100.0,90.29,Confident,14.71,3.87,27,0.643,73.65,Rejected
CAND_AA8F7A,37,18,Business Analyst,Master's,Zoom,63.85,0.476,9,100.0,100.0,Confident,13.27,4.32,25,0.792,81.73,Second Round
CAND_C93434,26,7,Business Analyst,Bachelor's,Google Meet,63.8,0.566,9,100.0,100.0,Confident,12.57,3.95,29,0.662,68.32,Second Round
CAND_E70504,37,12,Business Analyst,Associate,Teams,61.46,0.655,10,100.0,95.22,Neutral,5.87,5.27,52,0.842,76.95,Hired
CAND_273710,28,4,Product Manager,Bachelor's,Google Meet,73.15,0.4,7,76.87,76.62,Confident,,5.69,56,0.176,75.95,Hired
CAND_13DEF6,25,1,Software Engineer,PhD,Teams,43.56,0.532,11,71.2,58.07,Neutral,16.32,4.97,40,0.838,55.68,Rejected
CAND_A297B7,29,3,Product Manager,Master's,Teams,71.53,0.537,5,100.0,59.01,Confident,14.44,4.16,41,0.174,75.4,Hired
CAND_5E117A,35,13,Business Analyst,Master's,HireVue,37.16,0.743,8,88.9,67.8,Confident,25.69,5.15,54,0.839,45.85,On Hold
CAND_42522F,23,3,Sales Executive,Master's,Teams,76.65,0.555,7,85.88,76.56,Confident,,6.17,28,0.06,65.28,Rejected
CAND_0A6465,26,5,UX Designer,PhD,HireVue,61.31,0.504,8,89.52,66.72,Neutral,21.85,5.55,38,0.267,80.31,Second Round
CAND_6A7B5A,33,8,HR Manager,Associate,Teams,63.64,0.402,10,85.12,93.55,Confident,42.36,5.14,51,0.45,86.93,Hired
CAND_F1238A,23,0,Product Manager,PhD,Zoom,96.89,0.503,6,89.43,88.52,Confident,40.28,5.82,39,0.723,89.14,Hired
CAND_94C9B7,45,26,Data Scientist,Bachelor's,Google Meet,58.22,0.604,9,96.16,64.83,Confident,7.63,5.73,44,0.445,66.27,Second Round
CAND_DF4E9B,29,8,Sales Executive,Master's,HireVue,59.97,0.333,16,61.18,52.7,Neutral,29.86,7.6,46,0.949,57.97,Rejected
CAND_974149,38,20,Sales Executive,PhD,Zoom,50.46,0.636,15,100.0,100.0,Neutral,14.47,,40,0.118,69.36,Hired
CAND_6E2038,20,0,Business Analyst,Master's,HireVue,21.73,0.482,13,100.0,100.0,Confident,17.43,,42,0.675,40.88,Rejected
CAND_F82C83,20,0,Software Engineer,PhD,Zoom,,0.608,24,100.0,100.0,Confident,3.14,3.26,44,0.854,63.98,Rejected
CAND_101CD7,31,3,Product Manager,Master's,Zoom,40.81,0.298,10,100.0,86.92,Confident,3.95,3.87,49,0.319,58.32,Rejected
CAND_73F918,34,12,Product Manager,Associate,HireVue,,0.611,7,98.09,90.07,Neutral,20.9,4.43,39,0.582,74.0,Second Round
CAND_0DF360,25,0,Software Engineer,PhD,Teams,32.29,0.546,15,75.33,51.68,Confident,,4.62,46,0.442,54.28,Rejected
CAND_52A56F,24,3,HR Manager,Bachelor's,Google Meet,45.84,0.533,14,67.43,91.12,Confident,43.72,5.49,69,0.54,50.24,Rejected
CAND_4B7038,31,14,UX Designer,Associate,HireVue,84.11,0.49,9,92.49,56.21,Neutral,18.82,6.24,33,0.146,85.46,Hired
CAND_EEA438,40,19,Sales Executive,Bachelor's,Teams,50.07,0.583,8,78.38,80.41,Neutral,31.88,5.1,25,0.329,49.91,Rejected
CAND_44227E,25,10,HR Manager,Bachelor's,Google Meet,85.67,0.602,6,75.23,79.53,Confident,24.27,4.58,43,0.587,83.54,Second Round
CAND_62EB81,29,4,Data Scientist,PhD,Zoom,43.63,0.787,13,97.46,87.32,Confident,29.43,4.86,43,0.486,58.81,Rejected
CAND_149791,28,2,Software Engineer,Associate,HireVue,47.5,0.611,3,93.57,67.24,Neutral,14.27,4.36,59,0.355,52.78,Rejected
CAND_354A6D,35,17,Business Analyst,PhD,Zoom,59.12,0.782,14,100.0,100.0,Confident,18.16,4.01,36,0.38,64.22,Rejected
CAND_019B11,32,9,UX Designer,Bachelor's,Google Meet,32.94,0.892,14,93.08,100.0,Confident,12.02,3.89,32,0.712,48.93,On Hold
CAND_786CDF,34,13,Business Analyst,Master's,HireVue,67.78,0.659,7,100.0,100.0,Confident,9.65,3.82,45,0.588,64.3,Rejected
CAND_2092A6,29,6,Product Manager,Master's,Zoom,,0.85,6,83.7,84.87,Confident,13.76,5.24,36,0.445,56.24,Rejected
CAND_8145DE,20,0,Software Engineer,PhD,Teams,90.97,0.717,3,88.84,92.87,Confident,12.98,5.07,50,0.54,88.63,Hired
CAND_71D152,21,0,Software Engineer,PhD,Google Meet,48.09,0.458,7,100.0,85.46,Confident,16.33,3.63,35,0.336,65.19,Hired
CAND_DC4CCA,32,12,Sales Executive,PhD,Zoom,,0.433,8,96.06,82.56,Confident,21.07,4.41,41,0.884,83.43,Rejected
CAND_DC3EEA,21,0,Marketing Analyst,PhD,Zoom,62.01,0.919,10,100.0,92.88,Confident,16.41,4.35,54,0.194,83.49,Hired
CAND_BD1FA3,25,3,Marketing Analyst,Bachelor's,Google Meet,82.47,0.585,7,100.0,67.5,Confident,5.31,3.29,24,0.905,84.12,Second Round
CAND_94E86F,45,23,Sales Executive,Associate,Google Meet,74.41,0.646,9,89.74,100.0,Neutral,22.72,4.28,33,0.472,77.2,Second Round
CAND_5C72A5,20,0,Sales Executive,PhD,Google Meet,50.33,0.246,6,100.0,89.49,Confident,10.72,3.7,34,0.738,68.5,Second Round
CAND_C6BEC9,20,0,HR Manager,Bachelor's,HireVue,68.49,0.638,4,100.0,89.21,Confident,9.79,3.8,24,0.251,75.79,Rejected
CAND_AA6EE9,26,2,Marketing Analyst,PhD,Zoom,70.13,0.369,8,75.0,80.53,Confident,48.69,5.75,34,0.715,68.81,Hired
CAND_A6EFC9,37,13,Marketing Analyst,Associate,HireVue,68.48,0.907,10,100.0,100.0,Confident,2.15,3.24,39,0.544,95.28,Hired
CAND_103C80,20,0,Sales Executive,Bachelor's,Google Meet,43.72,0.52,10,100.0,79.91,Confident,9.46,5.26,52,0.372,64.79,Rejected
CAND_01E0DD,28,7,Marketing Analyst,Bachelor's,Zoom,63.63,0.453,8,100.0,100.0,Confident,4.42,4.52,42,0.451,68.06,Second Round
CAND_3FEFD9,31,8,Product Manager,Bachelor's,Teams,43.01,0.602,11,100.0,58.85,Confident,4.28,3.3,62,0.204,57.03,Rejected
CAND_7DBD9E,32,8,Sales Executive,Bachelor's,Teams,46.38,0.72,10,100.0,64.77,Confident,20.42,4.51,30,0.827,57.97,Rejected
CAND_DA884B,33,12,Business Analyst,PhD,HireVue,66.62,0.504,11,62.3,63.79,Neutral,42.72,6.09,45,0.57,68.71,Rejected
CAND_20B8D4,20,0,Product Manager,Associate,Google Meet,69.32,0.813,9,100.0,,Confident,13.46,4.33,39,0.336,90.71,Second Round
CAND_2DE58F,35,10,Product Manager,PhD,HireVue,79.97,0.348,10,93.45,78.61,Confident,16.9,4.54,50,0.4,72.47,Hired
CAND_232EF3,42,18,Data Scientist,Bachelor's,Teams,46.39,0.729,12,100.0,100.0,Confident,4.86,6.85,41,0.662,61.21,Rejected
CAND_54C8F3,40,19,Data Scientist,PhD,Google Meet,62.82,0.625,7,79.82,64.86,Neutral,22.8,4.85,33,0.712,76.02,Second Round
CAND_2410CE,31,7,Marketing Analyst,Associate,Teams,46.86,,7,80.92,79.64,Confident,31.1,4.59,57,0.409,54.14,Rejected
CAND_9C4079,34,11,Sales Executive,Master's,HireVue,79.04,0.572,7,78.3,76.74,Confident,25.25,5.51,53,0.67,82.62,Hired
CAND_33DA13,24,6,Business Analyst,PhD,Zoom,66.92,0.594,6,74.09,52.5,Neutral,44.4,6.67,27,0.932,58.34,Rejected
CAND_9892E4,35,6,Marketing Analyst,Master's,Teams,67.14,0.522,4,94.47,70.73,Confident,26.84,5.02,50,0.353,81.68,Second Round
CAND_AC36A0,45,22,UX Designer,Bachelor's,Teams,51.19,0.574,12,100.0,86.25,Confident,4.43,3.49,68,0.643,70.91,Rejected
CAND_A5F5BA,30,5,Sales Executive,Bachelor's,Google Meet,74.63,0.889,10,86.88,92.99,Confident,19.6,4.21,37,0.279,73.86,Hired
CAND_837C24,30,8,Sales Executive,Master's,Zoom,64.57,0.616,8,100.0,97.19,Confident,,4.11,27,0.53,84.53,Second Round
CAND_F0525E,36,13,Sales Executive,Associate,HireVue,45.19,0.429,19,87.0,75.99,Confident,36.26,6.03,45,0.322,60.03,Rejected
CAND_752E5C,24,0,Business Analyst,Bachelor's,HireVue,45.95,0.654,10,67.1,73.22,Slouched,42.8,6.03,43,0.49,52.47,On Hold
CAND_6FB4CF,20,0,Business Analyst,Master's,Teams,64.12,0.57,10,100.0,100.0,Neutral,13.05,3.79,51,0.535,65.66,Rejected
CAND_CB8A22,35,13,HR Manager,Bachelor's,Zoom,65.17,0.67,8,100.0,39.69,Confident,4.27,,40,0.391,74.45,Hired
CAND_0F4E45,23,4,Product Manager,Master's,Google Meet,68.43,0.789,13,100.0,85.33,Confident,14.29,3.94,45,0.167,80.11,Second Round
CAND_538D18,34,7,Business Analyst,PhD,Zoom,,0.651,11,100.0,99.8,Confident,15.87,4.08,40,0.17,82.75,Hired
CAND_DE8739,37,12,Marketing Analyst,Master's,Google Meet,58.63,0.455,11,100.0,82.63,Confident,2.31,3.21,46,1.0,75.32,Rejected
CAND_60E33B,20,0,Product Manager,Master's,Teams,72.5,0.44,4,100.0,69.63,Confident,6.36,3.42,46,0.534,71.53,Hired
CAND_19C60A,44,22,Business Analyst,Bachelor's,Zoom,33.64,0.545,12,66.17,87.94,Neutral,50.49,6.19,48,0.9,47.26,Rejected
CAND_BC9EDA,31,7,Marketing Analyst,Master's,HireVue,51.5,0.482,12,84.15,100.0,Confident,19.25,5.76,43,0.098,65.61,Rejected
CAND_79C73E,22,0,Sales Executive,PhD,Google Meet,63.73,0.574,9,100.0,62.87,Confident,14.17,4.68,66,0.617,79.77,Hired
CAND_ECB02E,37,16,HR Manager,PhD,HireVue,,0.657,8,83.29,87.36,Neutral,29.57,5.23,30,0.407,77.11,Rejected
CAND_7418DE,36,16,Product Manager,Associate,HireVue,70.82,0.358,15,100.0,69.18,Confident,11.41,3.59,53,0.039,72.43,Hired
CAND_B93FE8,28,0,Product Manager,PhD,Google Meet,59.87,0.849,6,100.0,89.57,Confident,16.56,5.34,42,0.532,64.98,Rejected
CAND_0B10B9,22,0,HR Manager,Master's,Google Meet,63.84,0.71,12,100.0,62.25,Confident,7.7,3.69,37,0.63,83.82,Second Round
CAND_2112E2,39,23,UX Designer,Associate,Zoom,19.75,0.664,15,100.0,88.2,Confident,11.66,3.78,51,0.344,38.63,Rejected
CAND_651BE9,25,1,Data Scientist,Bachelor's,Google Meet,56.8,0.699,8,100.0,78.58,Confident,4.16,3.81,40,0.315,62.45,Rejected
CAND_411D19,22,0,HR Manager,Master's,Teams,59.59,0.807,11,100.0,91.46,Confident,26.97,4.7,31,0.512,64.54,Rejected
CAND_5C4ABC,26,6,Business Analyst,Master's,Teams,71.05,0.631,9,100.0,87.39,Confident,6.13,3.42,22,0.582,80.91,Rejected
CAND_5256C7,24,1,Sales Executive,PhD,HireVue,79.23,0.355,5,100.0,70.77,Confident,10.61,3.71,70,0.413,85.05,Hired
CAND_CB1F39,28,13,UX Designer,Master's,Google Meet,21.39,0.743,14,100.0,81.62,Confident,7.05,3.39,39,0.302,56.1,Rejected
CAND_B17130,20,0,Sales Executive,PhD,Zoom,61.22,0.558,10,80.19,80.28,Confident,26.28,5.29,33,0.711,63.5,Rejected
CAND_FA67EE,31,6,Product Manager,PhD,Google Meet,69.42,0.658,12,90.8,79.5,Confident,29.61,5.18,52,0.66,79.53,Second Round
CAND_A1FA10,37,11,HR Manager,Bachelor's,Teams,32.2,0.791,14,89.11,,Confident,21.87,4.81,59,0.476,47.8,Rejected
CAND_A71C67,27,6,HR Manager,Associate,Google Meet,43.73,0.763,17,100.0,100.0,Confident,10.96,3.47,47,0.163,59.87,Rejected
CAND_93AFD3,28,2,Data Scientist,Master's,Zoom,53.75,0.821,11,100.0,100.0,Confident,2.66,4.59,37,0.659,73.58,Rejected
CAND_C4564F,26,8,Business Analyst,PhD,Teams,49.11,0.84,7,100.0,99.26,Confident,4.6,3.96,50,0.421,58.38,Rejected
CAND_56074C,24,0,HR Manager,Bachelor's,Zoom,78.37,0.735,6,100.0,100.0,Confident,12.68,4.42,51,0.424,82.38,Rejected
CAND_57443F,30,8,Sales Executive,Associate,Teams,42.7,0.647,12,100.0,94.81,Confident,4.95,3.89,38,0.513,61.35,Rejected
CAND_72579F,25,5,Product Manager,PhD,Google Meet,52.02,0.518,10,98.72,61.12,Confident,11.2,,44,0.23,72.68,Rejected
CAND_AC1051,32,7,Marketing Analyst,PhD,HireVue,75.67,0.395,8,100.0,66.72,Neutral,23.15,5.44,50,0.471,85.07,Hired
CAND_A3DFAC,37,10,Software Engineer,PhD,Google Meet,59.21,0.532,8,76.07,78.52,Neutral,36.66,5.74,36,0.415,55.75,Rejected
CAND_2E140F,43,22,Marketing Analyst,Bachelor's,HireVue,49.64,0.581,12,72.8,52.36,Neutral,44.26,,45,0.23,53.3,Rejected
CAND_C5E7A6,41,24,UX Designer,Bachelor's,HireVue,65.36,,5,100.0,94.28,Confident,3.1,3.42,42,0.567,83.97,Rejected
CAND_98200A,32,9,HR Manager,Master's,Teams,57.45,0.368,11,91.37,92.52,Confident,23.59,5.66,44,0.561,69.38,Rejected
CAND_A9AFD0,28,0,Data Scientist,Master's,Zoom,41.54,0.615,12,82.59,85.71,Confident,41.63,4.96,43,0.363,45.95,Rejected
CAND_50C582,28,3,HR Manager,Master's,HireVue,40.12,0.49,17,100.0,71.36,Confident,28.56,5.34,40,0.538,63.36,Rejected
CAND_E4CEF4,30,12,Sales Executive,Bachelor's,Teams,,0.599,10,92.2,78.51,Confident,32.61,5.11,43,0.456,72.73,Rejected
CAND_D981D7,21,1,Business Analyst,Associate,HireVue,80.5,0.513,9,80.79,,Neutral,32.07,5.09,38,0.161,66.19,Rejected
CAND_025261,35,16,Sales Executive,PhD,Google Meet,48.46,0.411,14,100.0,100.0,Confident,8.54,4.39,49,0.254,70.21,Hired
CAND_ED8D34,22,0,Marketing Analyst,Associate,Teams,67.84,0.842,11,93.36,100.0,Confident,37.75,5.52,47,0.646,62.65,Rejected
CAND_BC8562,29,5,Marketing Analyst,Master's,Google Meet,34.69,0.563,15,99.0,93.24,Confident,20.21,4.37,40,0.404,55.45,Rejected
CAND_C15F30,45,19,UX Designer,Associate,Google Meet,67.24,0.641,10,95.34,81.89,Confident,33.16,4.87,55,0.568,79.28,Rejected
CAND_29B4C9,32,14,Marketing Analyst,PhD,Zoom,43.2,0.548,14,72.93,77.79,Neutral,34.18,5.1,44,0.966,52.44,Rejected
CAND_A40151,34,14,HR Manager,Associate,Google Meet,54.1,0.676,5,100.0,71.42,Confident,3.65,3.44,40,0.68,74.29,Rejected
CAND_403556,20,2,Marketing Analyst,Bachelor's,Google Meet,46.55,0.579,9,81.12,72.84,Neutral,22.01,4.87,46,0.549,60.09,Rejected
CAND_9C8456,26,1,Business Analyst,Associate,Google Meet,,0.597,6,76.63,78.26,Neutral,31.17,,40,0.725,82.83,Hired
CAND_A5D366,21,0,Marketing Analyst,PhD,Teams,84.11,0.63,9,100.0,77.22,Confident,5.54,4.01,53,0.0,92.78,Hired
CAND_9C9951,44,25,UX Designer,Master's,Zoom,32.87,0.581,7,57.92,40.68,Neutral,54.33,6.27,28,0.193,33.25,Rejected
CAND_30AB01,34,13,UX Designer,Master's,Zoom,57.35,0.809,8,100.0,94.05,Confident,12.35,4.33,60,0.458,70.68,Rejected
CAND_E0CA4C,32,10,Sales Executive,Bachelor's,Teams,42.47,0.352,12,100.0,,Confident,28.32,4.67,40,0.3,55.19,Rejected
CAND_7D62FB,21,0,HR Manager,Associate,HireVue,31.57,0.647,7,100.0,77.58,Confident,28.83,4.21,36,0.629,64.38,Rejected
CAND_04634A,26,3,Business Analyst,PhD,Zoom,55.45,0.717,7,93.03,83.16,Confident,11.17,3.83,54,0.286,70.02,Second Round
CAND_080FDA,30,6,UX Designer,Bachelor's,Teams,45.17,0.633,10,93.67,76.84,Confident,15.11,3.87,29,0.225,51.78,On Hold
CAND_27CAC4,30,3,Software Engineer,Associate,HireVue,58.72,0.678,6,87.24,90.14,Confident,27.12,4.59,47,0.377,69.02,Hired
CAND_7A4402,27,6,Marketing Analyst,Bachelor's,Zoom,48.56,0.815,9,100.0,100.0,Neutral,17.26,3.71,45,0.128,67.02,Rejected
CAND_496FD2,20,0,Business Analyst,PhD,HireVue,93.15,0.528,6,100.0,100.0,Confident,15.43,3.87,43,0.554,97.43,Hired
CAND_A4487B,36,10,Sales Executive,Master's,HireVue,41.69,0.584,15,74.98,68.05,Confident,43.26,5.44,46,0.601,53.05,Rejected
CAND_CC546A,33,12,Business Analyst,Master's,HireVue,38.12,0.449,14,63.86,64.44,Neutral,47.41,5.86,44,0.845,39.24,Rejected
CAND_E7E98A,20,0,Product Manager,Bachelor's,Google Meet,55.78,0.942,7,99.53,100.0,Confident,18.96,4.4,31,0.353,65.66,Rejected
CAND_13A6C0,23,0,UX Designer,Master's,HireVue,60.97,0.544,11,100.0,91.14,Confident,11.74,3.94,39,0.291,75.7,Rejected
CAND_52EE62,33,5,Data Scientist,Associate,Zoom,71.56,0.805,7,58.0,62.67,Neutral,45.13,5.89,45,0.455,64.29,Rejected
CAND_388A96,20,0,Business Analyst,Master's,Zoom,30.41,0.615,9,94.01,59.67,Confident,13.46,4.1,42,0.335,47.17,Rejected
CAND_26D0A5,20,2,Marketing Analyst,PhD,Google Meet,56.5,0.628,6,91.33,88.59,Neutral,24.28,5.08,59,0.446,61.95,Rejected
CAND_9C175A,28,0,Marketing Analyst,PhD,Teams,70.98,0.597,9,100.0,98.04,Confident,12.22,4.42,36,0.559,97.78,Hired
CAND_A28CFB,33,11,Sales Executive,PhD,Teams,51.1,0.689,11,100.0,96.98,Confident,7.64,4.77,32,0.377,75.57,Hired
CAND_FDF1FF,20,0,Marketing Analyst,Bachelor's,Google Meet,56.85,0.582,8,82.42,54.79,Confident,12.61,4.25,63,0.269,62.45,Rejected
CAND_5F95D9,33,11,UX Designer,Master's,HireVue,68.2,0.655,9,100.0,93.25,Confident,7.15,4.72,44,0.665,78.5,Hired
CAND_1B4E69,31,11,Business Analyst,Associate,HireVue,58.14,0.569,7,74.25,52.27,Confident,54.3,6.43,36,0.523,66.01,Rejected
CAND_824C4C,21,0,UX Designer,Master's,Zoom,73.12,0.547,9,92.3,87.53,Confident,25.83,5.2,38,0.414,80.1,Rejected
CAND_2DF87B,34,18,Business Analyst,Bachelor's,Zoom,77.04,0.671,4,100.0,100.0,Confident,8.91,3.23,44,0.419,85.21,Hired
CAND_5464AF,25,1,UX Designer,Master's,Teams,51.45,0.623,7,98.59,76.17,Confident,14.87,3.9,55,0.625,72.87,Rejected
CAND_75D8FB,36,14,Data Scientist,Master's,HireVue,55.03,0.665,11,80.86,68.91,Neutral,19.07,4.97,46,0.548,61.17,Rejected
CAND_CB3D32,23,0,Software Engineer,Associate,Teams,58.07,0.291,12,78.89,74.61,Confident,28.92,4.54,51,0.322,62.07,Rejected
CAND_87765A,30,5,Software Engineer,Associate,Google Meet,55.04,0.705,14,76.68,44.15,Neutral,38.8,5.09,45,0.386,62.12,Rejected
CAND_772068,23,4,Software Engineer,Master's,Zoom,,0.472,13,100.0,100.0,Confident,4.57,4.8,46,0.656,53.79,Rejected
CAND_B4CCA1,34,14,Data Scientist,Bachelor's,Zoom,49.75,0.652,6,58.42,45.21,Neutral,59.05,6.54,42,0.673,59.55,Rejected
CAND_50EBD9,36,16,Software Engineer,PhD,HireVue,58.36,0.499,12,82.07,80.92,Neutral,14.38,4.35,53,0.455,75.86,Second Round
CAND_303C15,37,16,HR Manager,PhD,HireVue,52.03,0.553,11,100.0,82.1,Confident,15.02,,43,0.654,70.98,Hired
CAND_F892DD,20,0,HR Manager,Associate,Zoom,57.6,0.518,11,93.97,71.84,Neutral,36.93,5.13,51,0.589,60.03,Rejected
CAND_EF5E26,32,6,Product Manager,PhD,Zoom,54.79,0.559,9,79.67,54.94,Neutral,42.5,5.45,45,0.545,58.77,Rejected
CAND_4259D5,20,0,Product Manager,Master's,Zoom,75.71,0.585,10,95.36,95.36,Confident,11.64,3.77,47,0.9,91.47,Hired
CAND_3987D9,20,0,Sales Executive,Associate,HireVue,51.06,,7,100.0,99.84,Confident,18.83,5.07,20,0.791,64.08,Rejected
CAND_6B13B9,23,0,Business Analyst,Master's,Google Meet,66.12,0.65,9,77.96,58.7,Confident,31.06,4.43,48,0.3,62.96,Rejected
CAND_54FA1D,27,7,Data Scientist,Bachelor's,HireVue,66.63,0.375,10,87.29,79.33,Neutral,27.11,4.73,40,0.606,74.32,Rejected
CAND_4361C4,26,3,Software Engineer,Master's,Teams,50.73,0.676,9,94.89,87.75,Confident,25.11,4.72,55,0.524,63.6,Rejected
CAND_E4DD74,22,0,Sales Executive,Bachelor's,Teams,59.05,0.559,17,93.43,74.55,Confident,15.91,4.88,57,0.52,59.82,Rejected
CAND_7AEE25,31,10,UX Designer,Master's,Zoom,52.37,0.76,7,82.36,61.94,Confident,32.44,4.69,40,0.54,49.41,Rejected
CAND_0AF0AE,31,4,UX Designer,PhD,Google Meet,,0.471,8,100.0,100.0,Confident,17.16,3.94,49,0.311,69.31,Second Round
CAND_14A0FF,30,10,UX Designer,Associate,Google Meet,66.19,0.574,7,92.95,76.76,Confident,7.78,3.18,57,0.471,79.73,Hired
CAND_6943E7,29,6,Product Manager,Associate,HireVue,47.38,0.78,14,80.79,61.81,Confident,38.24,5.41,46,0.503,50.68,Rejected
CAND_154B5C,35,13,HR Manager,PhD,HireVue,,0.457,10,80.08,,Confident,26.71,4.97,46,0.601,37.22,Rejected
CAND_DD2539,27,6,HR Manager,Master's,HireVue,66.1,0.716,9,97.29,100.0,Confident,16.12,3.84,35,0.29,70.96,Second Round
CAND_209B8A,20,0,Product Manager,Associate,Zoom,57.0,0.525,11,100.0,91.29,Confident,10.97,3.66,37,0.309,63.65,Rejected
CAND_36280E,20,2,Product Manager,Associate,Teams,,0.717,7,90.92,58.72,Confident,32.84,4.71,57,0.515,69.73,Second Round
CAND_13C9EC,20,2,Data Scientist,Associate,Google Meet,70.43,,7,89.11,83.16,Confident,10.19,3.88,49,0.663,82.38,Second Round
CAND_1D87E9,21,0,UX Designer,Bachelor's,Google Meet,,0.585,6,100.0,95.21,Confident,16.14,4.59,37,0.773,73.54,Rejected
CAND_B69729,26,4,Software Engineer,Bachelor's,Teams,47.91,0.507,12,68.74,,Confident,28.83,4.89,46,0.495,54.01,Rejected
CAND_B8C21D,37,13,UX Designer,Associate,Teams,62.8,0.489,11,100.0,93.59,Confident,18.78,4.32,53,0.671,76.97,Rejected
CAND_3E9803,27,3,Marketing Analyst,Bachelor's,Teams,51.78,0.714,10,97.78,77.43,Confident,21.16,4.23,47,0.744,77.63,Second Round
CAND_D10305,26,8,Data Scientist,Associate,Teams,47.25,0.701,6,100.0,94.41,Confident,6.43,4.22,44,0.264,68.85,Rejected
CAND_430D77,20,1,UX Designer,Associate,Teams,83.14,0.521,6,71.48,46.73,Neutral,54.09,,26,0.661,78.16,Rejected
CAND_EE6DA0,20,0,HR Manager,Associate,Google Meet,46.38,0.414,13,69.94,63.26,Confident,35.77,4.64,57,0.42,47.65,Rejected
CAND_F60EF8,20,0,Sales Executive,Associate,Zoom,59.5,0.554,5,79.33,60.52,Confident,31.76,5.03,55,0.424,70.73,Second Round
CAND_32971E,21,3,Business Analyst,Master's,Google Meet,34.98,0.551,7,97.64,93.19,Confident,7.42,3.86,39,0.646,59.99,Rejected
CAND_2EB958,29,10,UX Designer,Master's,Zoom,92.06,0.669,10,100.0,93.9,Neutral,6.99,4.06,45,0.626,83.57,Hired
CAND_1D3FD0,38,15,HR Manager,PhD,Teams,35.27,0.608,10,74.3,60.41,Neutral,17.48,4.13,50,0.588,48.35,Rejected
CAND_39943F,21,0,HR Manager,Master's,HireVue,63.14,0.531,11,84.08,79.92,Neutral,30.48,6.07,47,0.432,65.54,Hired
CAND_D85722,34,8,Business Analyst,PhD,HireVue,60.54,0.476,8,100.0,100.0,Confident,23.83,,39,0.618,64.0,Rejected
CAND_445EDC,41,23,Sales Executive,Associate,Teams,72.01,0.644,11,98.58,72.84,Confident,5.56,3.88,41,0.236,73.13,Rejected
CAND_48EA96,33,15,Product Manager,Associate,Teams,53.47,0.559,5,96.38,65.76,Confident,20.67,6.49,43,0.305,64.98,Rejected
CAND_66E61D,29,0,Software Engineer,Bachelor's,Zoom,56.61,0.662,11,96.14,73.74,Confident,19.61,4.61,45,0.34,68.23,Rejected
CAND_DCC316,27,8,Software Engineer,Bachelor's,HireVue,88.62,0.703,6,72.28,,Neutral,29.31,4.19,32,0.218,79.81,Rejected
CAND_5EEC47,36,15,UX Designer,Bachelor's,Teams,59.61,0.875,11,95.02,94.71,Confident,17.62,5.68,43,0.599,74.01,Rejected
CAND_FC54B6,21,0,Software Engineer,Associate,HireVue,35.21,0.719,13,100.0,100.0,Confident,12.81,3.93,37,0.443,73.32,Second Round
CAND_BC7C0C,20,0,Software Engineer,PhD,Google Meet,20.66,0.619,13,100.0,92.96,Confident,11.32,3.6,42,0.81,53.41,Rejected
CAND_C66094,20,0,Product Manager,Bachelor's,Zoom,21.3,0.546,12,99.82,86.68,Confident,12.3,3.83,59,0.0,54.18,Rejected
CAND_48C9A1,32,8,Marketing Analyst,PhD,Google Meet,46.39,0.404,7,81.84,71.02,Neutral,19.63,4.49,49,0.762,51.56,Rejected
CAND_11D3D6,25,2,HR Manager,Associate,Teams,49.58,0.444,11,96.08,,Confident,28.18,5.21,61,0.494,56.95,On Hold
CAND_753605,39,22,Data Scientist,Bachelor's,Zoom,71.66,0.484,8,98.09,86.23,Confident,18.73,4.4,55,0.507,87.71,Hired
CAND_484AF5,24,4,Sales Executive,Bachelor's,Zoom,53.63,0.659,9,100.0,66.14,Confident,22.37,5.19,38,0.267,72.62,Second Round
CAND_30C395,26,3,HR Manager,PhD,Zoom,40.66,0.871,9,100.0,100.0,Confident,17.11,4.97,43,0.111,54.07,On Hold
CAND_FF4221,27,5,UX Designer,Master's,HireVue,42.61,0.533,9,83.05,89.75,Confident,27.7,4.31,43,0.407,62.36,Rejected
CAND_2C15A8,37,10,Marketing Analyst,Bachelor's,Teams,,0.582,7,100.0,100.0,Confident,1.38,4.31,56,0.699,75.34,Hired
CAND_C9AA99,20,1,UX Designer,Master's,HireVue,89.76,0.458,12,100.0,88.57,Confident,11.17,4.91,42,0.631,94.52,Hired
CAND_5B3CE5,25,2,Product Manager,Master's,HireVue,51.79,0.647,11,100.0,100.0,Confident,,3.96,35,0.773,82.06,Second Round
CAND_14493B,21,1,Business Analyst,Associate,Teams,70.09,0.777,7,100.0,81.95,Confident,6.15,3.5,23,0.867,71.33,Rejected
CAND_144CC9,27,4,Data Scientist,PhD,Zoom,65.37,0.736,15,96.17,98.25,Confident,25.02,4.94,48,0.581,80.27,Rejected
CAND_B0ECBE,39,18,Data Scientist,PhD,HireVue,80.35,0.298,12,100.0,74.49,Confident,10.13,4.39,40,0.766,93.53,Hired
CAND_349E5C,29,9,Marketing Analyst,Associate,HireVue,37.03,0.609,16,86.26,55.43,Neutral,24.49,4.65,53,0.596,51.33,Rejected
CAND_5DEE12,24,1,HR Manager,Associate,Teams,68.79,0.491,7,93.57,,Confident,27.43,4.24,37,0.47,85.71,Hired
CAND_D68AC1,36,15,HR Manager,Bachelor's,Google Meet,58.7,0.54,11,87.08,52.06,Confident,15.98,5.24,20,0.552,75.59,Rejected
CAND_EDB0C2,20,0,Data Scientist,Bachelor's,Google Meet,63.29,0.655,10,100.0,92.04,Confident,16.13,,43,0.065,72.76,Rejected
CAND_F77B09,35,9,Product Manager,Associate,Google Meet,49.57,0.602,6,86.89,77.83,Neutral,21.5,,57,0.567,59.22,Rejected
CAND_A0BD8A,33,12,Software Engineer,PhD,HireVue,72.64,0.944,13,100.0,52.58,Confident,14.93,3.77,38,0.482,84.44,Hired
CAND_0F9D4C,36,16,Data Scientist,Master's,Zoom,58.17,0.679,13,85.58,59.79,Confident,36.97,5.41,65,0.372,65.22,Second Round
CAND_9B52B6,25,7,HR Manager,Bachelor's,Zoom,85.27,0.762,3,99.3,100.0,Confident,10.14,3.78,34,0.406,95.84,Hired
CAND_41A766,54,33,Data Scientist,PhD,HireVue,48.61,0.568,8,74.58,63.58,Neutral,28.67,4.85,47,0.729,66.47,Rejected
CAND_089FFC,36,13,UX Designer,Master's,HireVue,187.33,0.659,0,92.48,100.0,Neutral,13.04,3.88,70,0.467,100.0,Hired
CAND_58945A,28,7,Marketing Analyst,PhD,HireVue,76.79,0.595,8,91.25,58.21,Confident,29.05,5.48,36,0.497,80.93,Second Round
CAND_200F1B,27,1,Marketing Analyst,Associate,Google Meet,42.48,0.673,14,47.63,47.18,Slouched,21.52,3.95,24,0.566,52.02,Rejected
CAND_55445A,41,19,Marketing Analyst,Master's,HireVue,,0.507,6,81.47,82.18,Confident,20.05,5.67,50,0.586,86.42,Second Round
CAND_7F76AD,34,6,Data Scientist,Master's,Google Meet,48.28,0.49,12,94.9,81.76,Neutral,33.77,4.71,59,0.331,55.12,Rejected
CAND_8DE197,37,14,HR Manager,PhD,HireVue,118.2,0.583,4,92.64,,Confident,13.18,3.8,42,0.513,92.32,Hired
CAND_C8E452,32,8,Product Manager,PhD,Google Meet,63.61,0.483,11,85.4,68.35,Confident,33.02,5.84,44,1.0,74.36,Rejected
CAND_C93F8B,33,9,UX Designer,Associate,Google Meet,66.8,0.341,12,83.48,75.13,Confident,15.71,4.09,45,0.846,67.51,Rejected
CAND_B88F0B,27,9,Business Analyst,PhD,HireVue,46.63,,17,74.89,77.15,Confident,22.33,5.12,61,0.391,53.62,Rejected
CAND_85424D,29,8,Business Analyst,Associate,Google Meet,61.29,0.616,8,100.0,100.0,Confident,32.73,5.58,40,0.465,72.31,Hired
CAND_00BA15,20,0,Business Analyst,Bachelor's,Teams,77.35,0.598,7,95.58,79.79,Confident,21.8,4.77,50,0.436,71.48,Second Round
CAND_5E1F9C,27,3,Software Engineer,Associate,Teams,56.49,0.446,10,72.24,68.32,Neutral,48.2,5.61,33,0.362,60.3,Rejected
CAND_4BE1FA,31,7,Data Scientist,Associate,HireVue,55.43,0.611,11,93.12,97.08,Confident,25.44,6.06,54,0.425,71.11,Second Round
CAND_3CE830,23,0,Marketing Analyst,Master's,HireVue,70.22,0.217,5,85.79,64.35,Confident,,5.46,32,0.777,64.9,Rejected
CAND_7B2C25,33,2,Sales Executive,Associate,HireVue,53.83,0.382,9,100.0,66.07,Confident,7.47,3.73,51,0.571,70.47,Hired
CAND_CFAEC4,20,1,HR Manager,Bachelor's,Google Meet,49.45,0.708,10,50.45,38.65,Slouched,65.5,6.23,70,0.541,51.35,Rejected
CAND_0F756A,24,3,Data Scientist,Bachelor's,Teams,60.66,0.808,8,100.0,,Confident,15.16,5.64,34,0.733,75.64,Rejected
CAND_914B71,34,15,Software Engineer,Associate,Google Meet,40.67,0.761,9,100.0,94.31,Neutral,1.29,3.56,47,0.722,55.7,Rejected
CAND_C1D165,34,13,Software Engineer,Bachelor's,Google Meet,,0.674,8,82.07,80.58,Confident,21.75,5.9,52,0.797,60.61,Rejected
CAND_97DADF,24,4,UX Designer,Associate,Google Meet,67.6,0.785,6,100.0,100.0,Confident,7.57,4.31,41,0.096,75.95,Rejected
CAND_C7D991,27,7,Product Manager,PhD,Zoom,58.6,0.632,7,100.0,100.0,Neutral,5.58,3.85,59,0.467,75.42,Rejected
CAND_5B8236,37,18,HR Manager,Bachelor's,Zoom,68.32,0.75,9,98.4,91.43,Confident,29.97,5.49,30,0.53,79.83,Second Round
CAND_244903,30,5,Business Analyst,PhD,Google Meet,86.92,0.537,7,100.0,88.75,Confident,15.7,4.08,56,0.084,90.69,Hired
CAND_F70D94,31,9,Sales Executive,PhD,HireVue,51.0,0.691,11,86.49,56.89,Neutral,28.45,4.75,57,0.512,56.18,Rejected
CAND_B34407,29,7,Sales Executive,PhD,Zoom,63.5,0.559,5,86.01,95.82,Confident,34.37,5.35,63,0.851,64.06,Rejected
CAND_2F3FE4,36,13,Data Scientist,Bachelor's,Google Meet,55.62,0.729,7,100.0,80.52,Confident,6.65,4.22,38,0.67,65.24,Rejected
CAND_5D8A94,38,14,Product Manager,Master's,Teams,74.58,0.425,9,92.11,78.93,Confident,19.01,5.6,53,0.981,77.69,Rejected
CAND_F9F010,33,12,HR Manager,Associate,Teams,67.16,0.77,14,74.46,61.47,Confident,25.72,4.34,20,0.732,71.24,Second Round
CAND_0CFEE6,23,2,Product Manager,Associate,HireVue,66.18,0.542,5,78.48,70.0,Neutral,39.93,5.22,41,0.434,55.24,Rejected
CAND_7B7A26,25,4,HR Manager,Associate,Zoom,,0.712,19,96.02,98.0,Confident,27.79,,35,0.163,52.64,Rejected
CAND_D8DC4C,29,5,Marketing Analyst,Bachelor's,Zoom,48.46,0.551,9,92.81,100.0,Confident,31.27,4.77,43,0.219,67.86,Hired
CAND_409286,20,0,Product Manager,PhD,Google Meet,47.37,0.475,9,100.0,,Confident,8.83,3.71,46,0.127,70.75,Rejected
CAND_D939E4,27,4,Sales Executive,PhD,HireVue,47.72,0.493,6,100.0,100.0,Neutral,17.52,4.05,42,0.517,64.53,Rejected
CAND_CE8187,36,11,Business Analyst,PhD,HireVue,61.72,0.481,10,85.31,60.52,Confident,26.38,4.16,28,0.261,61.61,Rejected
CAND_5F87B7,31,9,Marketing Analyst,Bachelor's,Teams,43.94,0.479,8,66.5,64.71,Neutral,33.21,4.97,26,0.529,50.32,Rejected
CAND_3961BD,30,6,Data Scientist,Master's,Google Meet,57.45,0.839,8,92.7,100.0,Confident,21.97,4.06,50,0.628,63.46,Rejected
CAND_4A664D,45,23,HR Manager,Associate,Teams,71.74,0.458,7,100.0,100.0,Confident,15.6,4.7,48,0.389,75.4,Rejected
CAND_A6E1DC,26,3,Product Manager,Associate,Teams,63.13,0.553,8,98.84,100.0,Confident,12.6,4.57,41,0.732,73.07,Second Round
CAND_1DBB8E,26,2,Marketing Analyst,Master's,Teams,66.3,0.366,10,86.15,78.46,Confident,29.08,4.4,50,0.555,67.68,Second Round
CAND_ECF766,30,11,Software Engineer,PhD,Zoom,85.63,0.545,13,100.0,100.0,Confident,7.31,3.65,44,0.431,87.96,Hired
CAND_76414D,30,13,HR Manager,Associate,HireVue,65.27,0.578,14,91.56,78.33,Confident,18.19,4.79,47,0.307,75.35,Hired
CAND_5CD583,34,11,Sales Executive,Associate,Teams,46.61,0.58,12,81.29,70.5,Confident,34.82,5.0,37,0.487,55.96,Rejected
CAND_FE432D,31,13,UX Designer,PhD,Zoom,50.25,0.741,8,83.63,91.96,Confident,23.77,4.19,39,0.447,56.78,On Hold
CAND_B106E6,20,0,Marketing Analyst,Master's,HireVue,63.35,0.581,9,83.95,72.34,Neutral,17.17,4.77,54,0.673,72.67,Rejected
CAND_2D0F78,25,0,Sales Executive,Bachelor's,Zoom,35.86,,12,69.1,58.69,Neutral,56.84,8.02,37,0.688,38.47,Rejected
CAND_C8227F,28,0,Business Analyst,Bachelor's,HireVue,48.41,0.663,12,100.0,91.38,Confident,3.71,3.69,46,0.335,63.11,Rejected
CAND_4CE428,21,0,Data Scientist,Master's,Google Meet,53.29,0.771,10,92.15,88.09,Confident,17.77,4.01,46,0.227,64.09,Rejected
CAND_80A423,42,23,Marketing Analyst,PhD,Zoom,47.73,,9,67.46,81.48,Slouched,48.94,7.35,52,0.428,44.98,On Hold
CAND_CB4D45,20,0,UX Designer,Master's,Google Meet,,,10,82.99,76.23,Confident,26.05,4.59,51,0.611,49.37,Rejected
CAND_5897BA,21,0,HR Manager,Master's,Teams,35.47,0.543,11,68.23,53.93,Slouched,40.57,5.16,53,0.299,44.92,Rejected
CAND_0D48CD,31,12,Software Engineer,PhD,Google Meet,69.7,0.631,5,100.0,100.0,Confident,18.68,3.76,48,0.62,76.75,Hired
CAND_34FDBA,30,2,Business Analyst,PhD,Google Meet,62.22,0.538,6,93.21,82.21,Confident,15.59,3.72,27,0.703,68.67,Hired
CAND_9D6DEC,40,15,Data Scientist,Master's,HireVue,36.98,0.43,10,64.25,57.39,Confident,60.68,6.01,22,0.581,41.11,Rejected
CAND_E62F54,41,19,Product Manager,Master's,Teams,61.0,0.47,10,100.0,100.0,Confident,17.75,5.28,55,0.755,76.74,Second Round
CAND_0665F9,31,12,UX Designer,Associate,HireVue,78.96,0.478,5,100.0,76.24,Confident,8.73,3.63,32,0.663,76.43,Second Round
CAND_185B9B,20,0,Marketing Analyst,Associate,HireVue,61.94,0.643,6,100.0,74.04,Confident,12.95,4.53,41,0.518,83.93,Rejected
CAND_D2B967,25,2,Data Scientist,Associate,Google Meet,78.12,0.573,10,86.67,100.0,Neutral,25.05,4.24,55,0.969,76.79,Rejected
CAND_D895F8,26,10,Sales Executive,Associate,Google Meet,71.64,0.638,3,72.83,60.79,Confident,35.02,6.21,46,0.502,75.72,Second Round
CAND_0B87D6,35,14,Data Scientist,Associate,Google Meet,61.95,0.505,8,83.72,83.69,Confident,19.3,4.13,59,0.233,76.64,Rejected
CAND_07CC2F,32,4,HR Manager,Master's,HireVue,45.03,0.518,11,69.87,60.8,Confident,51.64,7.47,44,0.302,41.76,Rejected
CAND_A96766,30,11,Marketing Analyst,PhD,Google Meet,64.09,0.4,8,87.45,74.44,Confident,,4.8,51,0.688,74.16,Second Round
CAND_3EA0B3,45,22,Sales Executive,PhD,Zoom,62.13,0.701,8,65.13,72.07,Neutral,53.82,6.58,56,0.467,61.5,Rejected
CAND_8F7CE8,32,7,Sales Executive,Bachelor's,Zoom,67.36,0.728,11,97.94,100.0,Confident,21.01,5.0,31,0.497,90.86,Hired
CAND_8D5C3E,31,8,Sales Executive,Bachelor's,HireVue,49.74,0.525,11,93.13,66.36,Confident,17.11,4.96,37,0.896,60.59,Rejected
CAND_DB4F6E,32,12,Product Manager,PhD,Teams,72.14,0.858,7,74.0,42.91,Confident,42.74,5.79,46,0.0,75.07,Rejected
CAND_7FA827,32,10,Data Scientist,PhD,Google Meet,37.64,0.672,10,85.66,69.11,Confident,15.44,4.34,45,0.507,46.55,Rejected
CAND_638E07,34,14,Product Manager,Bachelor's,HireVue,72.39,0.448,12,92.01,73.8,Confident,24.68,4.5,40,0.531,67.75,Rejected
CAND_6EBAA9,48,27,UX Designer,Associate,Zoom,80.55,0.472,10,73.26,62.77,Neutral,42.79,6.17,39,0.612,81.69,Rejected
CAND_AAC05F,29,7,UX Designer,Associate,Zoom,70.39,0.625,7,85.52,68.67,Confident,27.14,4.81,50,0.601,81.51,Hired
CAND_C0AE99,44,22,Sales Executive,Bachelor's,Zoom,57.89,0.547,8,100.0,89.55,Confident,4.38,3.5,58,0.543,74.35,Hired
CAND_C8C24B,37,13,HR Manager,Master's,HireVue,57.02,0.625,11,95.94,85.46,Confident,4.94,3.8,29,0.29,62.78,Rejected
CAND_67E621,20,0,Data Scientist,Bachelor's,Google Meet,71.42,0.649,8,100.0,84.83,Neutral,16.9,4.15,50,0.318,86.79,Hired
CAND_D5D2AE,32,17,Product Manager,Associate,Teams,70.13,0.618,8,100.0,100.0,Confident,9.82,4.1,51,0.328,78.63,Second Round
CAND_7A580B,20,1,Data Scientist,Bachelor's,Teams,41.85,0.66,7,95.42,100.0,Confident,23.77,4.88,38,0.57,62.66,Rejected
CAND_856B19,32,10,UX Designer,Master's,HireVue,55.71,0.793,13,100.0,92.68,Neutral,6.96,3.63,71,0.153,70.17,Rejected
CAND_6D1E12,44,23,UX Designer,Bachelor's,Zoom,71.86,0.731,11,100.0,97.02,Confident,,4.51,66,0.371,84.54,Second Round
CAND_BE063D,20,0,HR Manager,PhD,HireVue,69.43,0.676,8,100.0,73.76,Confident,7.52,3.81,36,0.392,76.4,Hired
CAND_9875F1,44,30,Marketing Analyst,Bachelor's,Teams,59.65,0.566,9,100.0,100.0,Confident,6.25,3.85,47,0.449,61.94,Rejected
CAND_0CAA2D,20,0,Marketing Analyst,Bachelor's,Google Meet,53.48,0.528,7,92.18,58.64,Confident,29.6,4.37,53,0.621,63.8,Rejected
CAND_56EBAF,27,0,UX Designer,Associate,Google Meet,76.69,0.774,6,85.94,97.23,Neutral,21.05,3.91,31,0.197,85.11,Hired
CAND_6FCC4B,31,9,UX Designer,Associate,HireVue,52.93,0.687,6,66.28,76.14,Neutral,47.44,7.7,44,0.626,60.01,Rejected
CAND_810B49,36,11,Data Scientist,Bachelor's,Google Meet,71.04,0.463,5,89.24,96.28,Confident,22.21,4.05,37,0.337,86.02,Hired
CAND_250149,20,0,HR Manager,PhD,Teams,57.84,0.511,12,88.4,74.53,Neutral,23.52,5.18,45,0.66,56.87,Rejected
CAND_656FAD,32,11,Software Engineer,Bachelor's,Zoom,77.6,0.592,9,83.41,73.99,Neutral,13.04,3.69,40,0.481,77.54,Hired
CAND_3D7426,26,4,Software Engineer,Associate,Google Meet,28.24,0.474,11,88.87,,Confident,18.04,,45,0.644,39.63,On Hold
CAND_D128B4,28,7,HR Manager,Associate,HireVue,74.65,0.505,5,100.0,77.63,Confident,6.01,3.57,53,0.436,82.75,Rejected
CAND_8292ED,41,11,Product Manager,PhD,Zoom,48.43,0.34,10,100.0,75.54,Confident,8.82,4.55,64,0.649,62.88,Rejected
CAND_40A776,32,15,UX Designer,Master's,Google Meet,65.93,0.714,16,63.71,61.06,Confident,36.05,5.4,54,0.56,70.6,Rejected
CAND_958F7A,24,0,Data Scientist,PhD,HireVue,,0.473,14,97.24,89.78,Confident,15.31,4.28,48,0.792,76.23,Rejected
CAND_19E657,25,1,Software Engineer,Master's,Zoom,65.32,0.744,7,71.68,63.91,Neutral,42.43,4.97,43,0.49,62.95,Rejected
CAND_777AAE,30,6,Software Engineer,PhD,Teams,28.66,0.383,14,61.82,55.4,Confident,73.17,6.9,25,0.681,32.34,Rejected
CAND_B35C62,31,7,Product Manager,Bachelor's,Teams,63.36,0.482,8,100.0,90.32,Confident,,7.51,41,0.588,78.44,Rejected
CAND_038939,30,2,Marketing Analyst,Master's,Google Meet,62.89,0.748,10,77.94,73.81,Neutral,39.4,5.65,41,0.53,65.99,Second Round
CAND_D84C23,22,0,Marketing Analyst,Bachelor's,Zoom,65.51,0.424,9,100.0,100.0,Confident,23.92,4.21,36,0.947,92.02,Hired
CAND_27B635,26,3,Data Scientist,PhD,Zoom,35.65,0.463,14,100.0,83.83,Confident,14.06,5.3,56,0.134,54.82,Rejected
CAND_A53785,23,0,Software Engineer,Associate,Teams,,0.484,3,79.35,75.5,Neutral,34.85,4.87,44,0.343,93.43,Hired
CAND_26B8DA,23,0,Data Scientist,Bachelor's,Teams,76.9,0.687,6,59.72,52.89,Slouched,63.41,6.88,51,0.638,69.12,Second Round
CAND_F5AA18,20,0,Software Engineer,Master's,Zoom,57.59,0.448,6,100.0,51.1,Confident,6.77,3.65,37,0.484,94.84,Second Round
CAND_C62670,28,4,Product Manager,Master's,Zoom,51.35,0.658,10,100.0,70.54,Confident,8.9,4.14,60,0.483,74.82,Second Round
CAND_7E2B48,30,11,HR Manager,Master's,Google Meet,38.96,0.578,10,97.81,85.15,Confident,8.73,3.37,32,0.496,55.41,Rejected
CAND_221A2C,30,10,Business Analyst,PhD,Zoom,56.11,0.817,8,100.0,81.89,Confident,,5.35,57,0.588,83.15,Rejected
CAND_7C9D59,28,4,Software Engineer,Master's,Teams,57.74,0.67,5,96.1,100.0,Confident,6.33,4.57,33,0.109,67.66,Hired
CAND_266E2D,40,17,HR Manager,Bachelor's,HireVue,59.13,0.581,9,100.0,100.0,Confident,5.11,4.34,54,0.507,79.05,Hired
CAND_E498F0,20,0,Marketing Analyst,PhD,Zoom,34.7,0.709,12,94.22,55.19,Confident,13.22,4.35,60,0.407,48.34,Rejected
CAND_A369D8,44,21,UX Designer,PhD,Google Meet,61.24,0.784,8,100.0,77.25,Confident,5.66,3.96,26,0.596,62.03,On Hold
CAND_17E735,32,13,Business Analyst,Associate,Teams,51.4,0.577,12,93.91,100.0,Confident,9.89,3.68,59,0.431,57.87,Rejected
CAND_1254CD,27,4,UX Designer,Master's,Zoom,71.58,0.578,14,100.0,99.79,Confident,8.32,4.14,42,0.04,83.42,Rejected
CAND_124A77,39,19,Business Analyst,Bachelor's,Google Meet,,0.738,4,75.95,84.7,Confident,46.74,6.2,38,0.711,88.42,Second Round
CAND_588070,23,0,Marketing Analyst,Bachelor's,Teams,20.22,0.779,18,91.08,100.0,Neutral,20.8,,61,0.377,65.1,Rejected
CAND_DC3322,29,6,HR Manager,Associate,Zoom,68.5,0.681,7,100.0,95.33,Confident,15.9,3.87,47,0.391,74.77,Hired
CAND_95D020,23,4,Marketing Analyst,Bachelor's,Zoom,77.2,0.515,5,93.32,86.27,Neutral,10.1,3.85,40,0.694,96.6,Hired
CAND_6EBA07,41,19,HR Manager,PhD,HireVue,67.98,0.92,8,100.0,82.93,Confident,5.98,3.76,38,0.428,78.58,Rejected
CAND_BCA254,35,16,Data Scientist,Master's,HireVue,46.16,0.536,15,100.0,87.1,Confident,9.94,3.5,43,0.511,67.68,Hired
CAND_BB8713,38,18,Software Engineer,Associate,Teams,49.44,0.602,9,85.2,100.0,Confident,21.4,4.5,45,0.399,75.2,Rejected
CAND_1D510E,22,1,Business Analyst,Associate,Google Meet,50.83,0.602,4,96.0,83.56,Confident,14.99,4.04,58,0.311,71.93,Second Round
CAND_DA3DB8,30,9,UX Designer,Bachelor's,Teams,71.81,,6,100.0,60.57,Confident,14.24,4.0,47,0.299,77.01,Second Round
CAND_A5E225,29,7,Data Scientist,Master's,Zoom,56.57,0.726,10,80.8,94.43,Neutral,,4.09,37,0.764,65.82,Rejected
CAND_8E9600,28,6,HR Manager,Bachelor's,Google Meet,83.23,0.426,6,100.0,85.09,Confident,26.28,4.26,42,0.558,94.44,Hired
CAND_427999,31,13,Sales Executive,PhD,HireVue,59.71,0.576,11,73.45,84.55,Neutral,51.39,5.6,47,0.578,75.1,Hired
CAND_872128,41,16,Product Manager,PhD,Zoom,44.42,0.519,9,60.49,53.41,Neutral,39.89,5.65,45,0.406,46.44,Rejected
CAND_797148,27,6,Product Manager,Bachelor's,Teams,61.86,0.708,12,66.92,65.68,Neutral,50.37,6.85,42,0.543,56.1,Rejected
CAND_CB43D0,33,8,Software Engineer,PhD,Google Meet,56.77,0.884,9,100.0,81.61,Confident,18.87,4.2,47,0.351,70.58,Second Round
CAND_FF806D,27,6,HR Manager,Associate,Teams,,0.714,17,100.0,99.45,Confident,25.54,4.77,32,0.196,51.89,Rejected
CAND_80C4E5,28,7,Product Manager,Bachelor's,Zoom,64.43,0.749,14,100.0,100.0,Confident,17.06,,50,0.285,80.54,Hired
CAND_2E82D1,32,13,UX Designer,Master's,Teams,52.16,0.605,9,79.09,77.38,Slouched,30.63,6.49,49,0.199,60.67,Rejected
CAND_E984E5,40,21,Data Scientist,PhD,Zoom,58.31,0.582,11,100.0,87.35,Confident,14.82,4.64,46,0.402,79.42,Second Round
CAND_552349,20,0,Sales Executive,Master's,Zoom,131.19,0.611,1,95.29,,Confident,10.03,5.42,54,0.375,77.03,Rejected
CAND_CF262A,38,17,Business Analyst,Bachelor's,Zoom,54.68,,10,100.0,64.98,Confident,27.23,6.23,52,0.332,62.39,Rejected
CAND_EFFA4E,30,7,Product Manager,Associate,HireVue,75.19,0.568,5,100.0,100.0,Confident,3.21,4.16,47,0.427,75.61,Hired
CAND_7F41D6,37,16,HR Manager,Master's,Google Meet,56.09,0.609,9,73.74,,Neutral,26.53,5.08,38,0.503,57.95,Rejected
CAND_0E4D19,32,15,Marketing Analyst,Associate,Teams,49.23,0.743,12,100.0,90.78,Confident,10.06,3.92,20,0.405,56.93,Rejected
CAND_00EBF3,20,0,UX Designer,PhD,HireVue,53.53,0.792,14,74.41,68.48,Neutral,37.84,5.37,62,0.451,59.35,Rejected
CAND_4C4C88,37,14,Sales Executive,Bachelor's,Zoom,55.04,0.504,12,93.99,99.64,Confident,23.55,4.89,54,0.556,68.99,Rejected
CAND_E3FD24,52,32,HR Manager,Master's,Teams,60.01,0.457,4,98.8,93.2,Confident,20.54,5.38,58,0.774,69.17,Hired
CAND_EC6B2C,20,0,Software Engineer,Associate,Google Meet,44.47,0.55,13,100.0,100.0,Confident,20.46,4.13,42,0.811,62.93,Rejected
CAND_7E2E8A,30,5,Business Analyst,PhD,HireVue,61.22,0.684,7,97.47,64.69,Neutral,16.64,4.43,44,0.849,74.79,Second Round
CAND_024325,29,4,Business Analyst,Master's,Zoom,58.81,0.57,10,77.16,,Neutral,36.47,5.15,48,0.253,66.56,Hired
CAND_B50EA5,38,13,Software Engineer,Associate,Google Meet,30.32,0.602,11,45.74,30.47,Slouched,62.87,6.76,32,0.971,33.85,Rejected
CAND_AF4F56,20,0,Product Manager,Bachelor's,Teams,64.58,0.381,9,93.07,97.39,Confident,25.8,4.43,34,0.653,68.08,Hired
CAND_D8B119,35,11,Software Engineer,Master's,HireVue,65.18,,6,90.63,100.0,Confident,36.47,5.49,57,0.666,75.53,Second Round
CAND_202F53,20,2,Product Manager,Master's,Teams,48.64,0.689,11,80.63,72.88,Neutral,25.99,4.39,48,0.48,54.54,Rejected
CAND_2F36A8,21,0,Business Analyst,Bachelor's,Google Meet,84.94,0.43,9,100.0,,Confident,21.31,4.38,25,0.516,81.79,Rejected
CAND_80EAC8,39,17,Product Manager,Master's,HireVue,54.65,0.441,14,100.0,68.4,Neutral,6.28,4.08,51,0.064,72.89,Rejected
CAND_04728E,40,14,Sales Executive,Bachelor's,Zoom,53.8,0.599,5,94.74,86.73,Confident,12.59,4.27,55,0.532,72.29,Hired
CAND_11086C,37,13,Software Engineer,Associate,Zoom,46.5,0.431,11,100.0,83.19,Confident,16.11,4.16,51,0.613,61.51,Rejected
CAND_BC3AE1,38,13,Product Manager,PhD,Teams,86.46,0.744,6,100.0,100.0,Confident,,3.23,23,0.706,90.4,Hired
CAND_7073AC,23,6,Business Analyst,Bachelor's,Zoom,51.53,0.491,7,63.18,69.23,Neutral,26.91,5.17,35,0.677,55.11,Rejected
CAND_815901,22,0,Product Manager,Bachelor's,Google Meet,54.3,0.827,8,100.0,87.83,Neutral,18.05,4.1,30,0.451,67.25,Rejected
CAND_DB2819,28,8,HR Manager,Bachelor's,Google Meet,91.94,0.757,5,82.78,57.67,Neutral,30.99,5.23,36,0.566,88.37,Hired
CAND_5D5A88,22,5,Product Manager,Associate,HireVue,49.42,0.366,12,100.0,100.0,Confident,15.66,4.72,48,0.248,61.46,Rejected
CAND_3C7652,36,12,Business Analyst,Master's,Teams,57.14,0.2,9,100.0,86.43,Confident,26.57,5.28,44,0.895,82.93,Hired
CAND_1A863D,27,4,Marketing Analyst,Master's,Teams,75.42,0.539,9,98.29,72.0,Confident,29.58,,45,0.544,83.83,Rejected
CAND_2420E9,20,2,HR Manager,Bachelor's,Teams,46.94,0.452,4,100.0,84.98,Confident,19.61,4.23,46,0.629,68.55,Rejected
CAND_F2B540,42,18,UX Designer,Bachelor's,HireVue,77.19,0.469,9,94.28,67.58,Confident,22.4,4.66,54,0.384,94.31,Hired
CAND_30A1B6,36,12,UX Designer,PhD,Google Meet,85.65,0.669,1,100.0,60.39,Confident,31.47,5.05,44,0.494,91.46,Hired
CAND_4E7482,35,3,Data Scientist,PhD,HireVue,74.4,0.775,3,100.0,78.04,Confident,5.78,3.36,53,0.438,94.03,Hired
CAND_66173F,20,0,Business Analyst,PhD,Zoom,149.66,0.586,0,95.64,82.29,Neutral,8.13,3.15,42,0.291,100.0,Hired
CAND_9676B6,20,3,Sales Executive,Associate,Teams,52.16,0.473,13,58.7,55.72,Neutral,55.1,,55,0.793,50.95,On Hold
CAND_4D351A,27,5,HR Manager,PhD,HireVue,92.85,0.661,4,100.0,83.8,Neutral,3.24,3.3,47,0.017,84.75,Second Round
CAND_389F81,37,14,UX Designer,Master's,HireVue,66.68,0.38,8,69.24,67.7,Confident,32.7,4.42,44,0.613,71.86,Second Round
CAND_7DA0E2,34,13,Marketing Analyst,Bachelor's,Google Meet,,0.465,9,82.37,65.47,Confident,23.24,5.2,38,0.404,82.8,Hired
CAND_757495,36,11,Data Scientist,PhD,Teams,57.22,,8,100.0,90.41,Confident,22.25,4.53,46,0.392,70.25,Hired
CAND_D180D6,23,3,Data Scientist,Bachelor's,Google Meet,72.98,0.624,6,79.33,52.01,Confident,31.67,5.16,38,0.797,80.12,Hired
CAND_578BF0,38,16,Sales Executive,Bachelor's,HireVue,40.11,0.806,9,47.72,30.95,Neutral,46.32,7.01,60,0.02,45.38,Rejected
CAND_4C20CB,27,9,HR Manager,Master's,Zoom,35.86,0.748,12,94.71,91.47,Confident,18.06,4.36,54,0.388,47.54,Rejected
CAND_9C2595,34,11,UX Designer,Associate,Google Meet,63.17,0.587,9,80.94,83.89,Neutral,30.88,4.86,36,0.459,75.87,Hired
CAND_B3D049,20,0,UX Designer,Bachelor's,Zoom,61.03,0.554,9,93.97,71.73,Neutral,32.95,4.76,38,0.456,72.33,Second Round
CAND_A96C36,45,25,Sales Executive,Master's,Zoom,60.88,0.579,10,93.49,77.24,Confident,34.14,4.65,45,0.657,59.07,Rejected
CAND_AA6CF2,44,17,Data Scientist,PhD,HireVue,61.67,0.449,14,97.98,,Confident,7.15,3.48,43,0.775,74.86,Second Round
CAND_7CB8DD,34,10,Product Manager,PhD,Zoom,40.7,0.511,7,100.0,100.0,Confident,13.03,3.61,31,0.714,57.64,On Hold
CAND_35C004,25,6,Marketing Analyst,Associate,HireVue,72.22,0.342,6,78.79,57.18,Neutral,45.17,6.05,29,0.306,75.2,Hired
CAND_5C42D7,39,15,Data Scientist,Associate,Teams,57.36,0.612,11,78.62,64.69,Confident,27.89,6.08,50,0.355,64.77,Rejected
CAND_5613F9,34,13,Business Analyst,Master's,HireVue,61.77,0.725,13,83.64,79.68,Confident,24.75,4.77,52,0.912,70.55,Second Round
CAND_0A9E19,24,4,Marketing Analyst,Master's,Google Meet,29.1,0.417,16,71.95,48.65,Confident,42.42,5.46,42,0.555,41.28,Rejected
CAND_5ECD80,32,15,Data Scientist,Bachelor's,Google Meet,68.61,0.721,8,82.05,71.67,Confident,28.53,5.14,45,0.329,76.13,Hired
CAND_FD8FAA,20,0,UX Designer,Bachelor's,HireVue,38.26,0.704,10,84.92,77.27,Neutral,17.01,3.77,25,0.747,53.41,Rejected
CAND_B809B7,27,8,Sales Executive,Master's,HireVue,34.81,0.422,12,82.74,94.79,Neutral,22.54,4.05,65,0.328,54.94,Rejected
CAND_8F5A30,30,7,Software Engineer,Master's,Zoom,51.58,0.621,5,98.63,100.0,Confident,13.37,4.61,49,0.301,61.96,Rejected
CAND_2C7E09,35,17,Product Manager,Master's,Teams,46.69,0.604,8,94.2,97.94,Confident,,8.5,36,0.578,39.07,Rejected
CAND_212EE7,22,0,HR Manager,Master's,Teams,46.52,0.7,12,84.45,77.16,Confident,19.44,5.58,34,0.506,61.76,Rejected
CAND_EC58AB,27,3,Data Scientist,Bachelor's,HireVue,28.72,0.748,8,82.94,73.36,Neutral,25.59,,32,0.46,43.58,Rejected
CAND_60DFBA,36,16,Business Analyst,PhD,HireVue,83.51,0.701,5,90.87,37.52,Confident,34.12,6.16,39,0.352,77.27,Rejected
CAND_C9A49E,20,0,HR Manager,Bachelor's,HireVue,58.11,0.654,13,100.0,91.13,Confident,18.18,4.8,46,0.647,75.77,Hired
CAND_FCF83B,30,6,Data Scientist,Bachelor's,Zoom,58.18,0.792,7,100.0,100.0,Confident,6.99,5.65,53,0.623,72.6,Rejected
CAND_0EB0FF,53,34,Business Analyst,Associate,Google Meet,68.68,0.771,11,100.0,66.43,Confident,10.65,4.03,32,0.55,89.46,Hired
CAND_AF6CBC,22,4,Sales Executive,Bachelor's,Teams,71.42,0.67,7,67.4,58.4,Neutral,62.87,7.76,32,0.41,74.32,Second Round
CAND_53CADB,20,0,HR Manager,Bachelor's,HireVue,91.47,0.493,4,100.0,,Confident,3.73,3.64,38,0.466,78.54,Hired
CAND_69277A,33,10,UX Designer,Bachelor's,HireVue,76.41,0.825,15,73.53,69.51,Neutral,12.55,3.76,43,0.64,92.9,Hired
CAND_ABD681,30,9,Software Engineer,PhD,Google Meet,34.28,0.387,10,100.0,75.09,Confident,6.95,4.5,35,0.394,55.0,Rejected
CAND_4AD0AB,36,14,Data Scientist,Master's,Teams,84.72,0.771,5,95.18,70.31,Confident,31.0,4.4,48,0.312,88.56,Hired
CAND_73B698,20,0,Sales Executive,PhD,Google Meet,78.49,0.707,6,65.23,54.88,Confident,42.38,6.56,35,0.562,71.25,Rejected
CAND_C831C3,35,8,Data Scientist,Master's,HireVue,40.33,0.603,13,60.38,67.51,Slouched,47.9,5.94,41,0.159,46.47,Rejected
CAND_1238A7,32,2,Sales Executive,PhD,Zoom,86.08,0.586,6,100.0,100.0,Confident,11.45,3.78,43,0.506,91.67,Hired
CAND_9525C5,23,0,Marketing Analyst,Associate,Teams,81.15,0.37,9,100.0,100.0,Confident,8.42,4.09,46,0.985,91.35,Hired
CAND_0D99EE,39,22,Software Engineer,Master's,Teams,77.41,0.729,3,97.41,,Confident,13.82,4.86,35,0.542,86.28,Hired
CAND_CED52D,32,10,Software Engineer,Master's,Zoom,58.74,0.414,14,100.0,84.7,Confident,14.77,4.15,41,0.339,76.11,Hired
CAND_6884A3,29,5,UX Designer,PhD,Google Meet,62.98,0.551,8,100.0,78.82,Confident,33.72,5.84,57,0.261,65.69,Second Round
CAND_F83C49,36,12,Data Scientist,Bachelor's,Teams,40.0,0.509,11,70.64,71.71,Confident,56.06,6.6,59,0.345,44.92,Rejected
CAND_6785E2,26,6,Product Manager,Associate,Google Meet,37.95,0.219,9,100.0,64.75,Confident,18.5,3.88,41,0.796,53.53,Rejected
CAND_6C3E20,46,22,Marketing Analyst,Bachelor's,Google Meet,,0.688,5,95.16,79.17,Confident,27.51,4.31,47,0.946,94.99,Hired
CAND_21685B,40,16,UX Designer,Master's,Teams,203.79,,0,86.24,85.43,Confident,14.54,4.83,38,0.517,100.0,Hired
CAND_36927C,45,27,HR Manager,Bachelor's,Zoom,58.04,0.839,12,100.0,62.8,Confident,5.05,3.65,47,0.378,79.97,Second Round
CAND_085DDE,31,8,Product Manager,Bachelor's,Teams,,0.551,6,64.43,73.45,Neutral,32.77,5.03,53,0.415,62.59,Rejected
CAND_4B9D50,29,5,Marketing Analyst,Associate,HireVue,76.99,0.701,13,100.0,94.45,Confident,23.16,5.19,51,0.334,72.5,Second Round
CAND_85AD70,26,4,Marketing Analyst,Master's,HireVue,64.67,0.548,10,100.0,100.0,Confident,16.26,5.71,55,0.457,79.26,Second Round
CAND_DF44E0,32,10,HR Manager,Bachelor's,Zoom,66.72,0.477,8,79.08,,Confident,15.43,4.56,50,0.458,71.81,Rejected
CAND_E84B41,34,10,Business Analyst,PhD,Google Meet,52.71,0.543,15,96.05,100.0,Confident,18.38,4.86,55,0.226,69.53,Rejected
CAND_853B01,24,1,Business Analyst,PhD,Google Meet,44.9,0.756,9,70.65,71.05,Slouched,27.29,5.61,47,0.424,44.24,Rejected
CAND_378150,27,5,Marketing Analyst,Master's,Teams,82.39,0.914,3,91.5,87.64,Confident,19.91,4.1,47,0.641,92.85,Hired
CAND_B29343,39,14,Software Engineer,Associate,Google Meet,61.44,0.632,8,92.62,63.72,Neutral,22.81,4.75,35,0.054,63.39,Rejected
CAND_8C46DB,37,13,Software Engineer,Associate,Google Meet,55.79,0.676,9,100.0,75.55,Confident,17.15,4.46,39,0.685,67.42,Rejected
CAND_A4EDFA,28,7,HR Manager,Bachelor's,Teams,78.67,0.625,8,100.0,87.14,Confident,14.95,4.02,52,0.622,87.62,Hired
CAND_5EB8D3,20,0,Sales Executive,PhD,Google Meet,69.45,0.571,7,100.0,90.95,Confident,9.02,3.91,62,0.47,86.49,Hired
CAND_34939D,20,0,Product Manager,PhD,Zoom,54.14,0.548,8,74.78,70.43,Neutral,55.92,7.79,27,0.707,54.4,Rejected
CAND_F6E006,31,14,Product Manager,PhD,Zoom,53.22,0.66,9,81.91,79.86,Neutral,33.58,4.81,44,0.63,60.85,Rejected
CAND_467085,30,10,Marketing Analyst,Associate,Google Meet,77.67,0.554,1,82.38,81.98,Neutral,22.54,4.44,47,0.395,85.41,Hired
CAND_AEF532,22,0,Marketing Analyst,Associate,Zoom,77.68,0.546,8,100.0,100.0,Confident,18.02,3.92,54,0.057,83.74,Rejected
CAND_B66968,36,13,Data Scientist,Associate,Teams,81.01,0.71,9,100.0,56.85,Confident,9.31,3.34,50,0.66,89.82,Hired
CAND_C548B3,32,4,HR Manager,PhD,HireVue,40.92,0.78,8,100.0,51.13,Confident,13.75,4.05,40,0.243,53.01,Rejected
CAND_5ED5C9,28,0,Product Manager,Master's,Google Meet,64.0,0.646,9,100.0,96.39,Confident,5.3,4.0,61,0.512,80.45,Hired
CAND_44360C,30,5,Sales Executive,Master's,Google Meet,70.92,0.392,4,93.21,76.44,Confident,11.79,4.14,41,0.888,68.88,Rejected
CAND_BC6BBF,32,7,Data Scientist,Associate,Google Meet,60.5,0.449,15,100.0,90.71,Confident,6.81,4.54,36,0.218,77.29,Hired
CAND_469FBA,30,7,Business Analyst,Bachelor's,Zoom,56.2,0.656,9,96.77,89.27,Confident,30.71,6.67,37,0.255,73.64,Hired
CAND_DA87B3,31,14,Product Manager,Master's,HireVue,,0.402,7,79.13,90.2,Confident,40.79,5.61,42,0.724,64.66,Rejected
CAND_15409D,29,6,Product Manager,Associate,HireVue,60.97,0.594,3,89.85,93.02,Confident,34.02,5.31,41,0.685,71.59,Hired
CAND_14564F,31,9,HR Manager,Bachelor's,Zoom,70.54,0.774,11,100.0,91.53,Confident,16.73,4.21,41,0.712,88.04,Hired
CAND_17E490,25,0,Software Engineer,PhD,Teams,32.26,,11,100.0,100.0,Confident,7.14,3.85,42,0.36,55.93,Rejected
CAND_1C40F6,30,12,UX Designer,PhD,Google Meet,161.77,0.681,0,87.61,,Confident,26.13,4.56,42,0.485,100.0,Hired
CAND_72BF7B,42,21,Marketing Analyst,Master's,Zoom,,0.732,6,100.0,100.0,Confident,8.46,4.15,49,0.377,78.21,Second Round
CAND_5F1B32,33,12,Marketing Analyst,Associate,Google Meet,90.32,0.536,1,100.0,65.79,Neutral,28.83,5.53,47,0.424,97.35,Hired
CAND_7090D6,40,16,Product Manager,PhD,HireVue,29.96,0.521,16,98.44,71.49,Confident,26.05,4.52,42,0.844,46.16,Rejected
CAND_336FE2,27,6,Product Manager,Associate,Zoom,68.5,0.613,8,86.14,84.65,Neutral,28.39,5.44,36,0.299,71.71,Hired
CAND_8A97F3,42,17,Product Manager,Master's,Zoom,57.24,0.95,9,76.62,47.68,Neutral,42.11,6.45,23,0.119,61.98,Rejected
CAND_1B6C41,25,1,Data Scientist,PhD,Zoom,56.24,0.486,6,94.18,59.2,Confident,28.09,7.55,25,0.396,67.58,Hired
CAND_0DE2B3,39,14,Marketing Analyst,Bachelor's,Zoom,68.24,0.742,6,91.63,89.68,Confident,34.54,5.13,54,0.665,79.92,Rejected
CAND_7E8F7D,23,0,Software Engineer,Bachelor's,Zoom,75.2,0.666,4,100.0,71.53,Confident,19.92,4.91,51,0.717,82.18,Rejected
CAND_9590DC,29,10,Data Scientist,PhD,HireVue,56.02,0.652,9,100.0,98.29,Confident,5.06,3.47,62,0.667,67.86,Second Round
CAND_A2AD5F,30,4,Software Engineer,PhD,HireVue,58.34,0.853,10,82.83,70.14,Confident,20.37,3.84,32,0.435,72.15,Hired
CAND_B97B38,37,9,Marketing Analyst,Master's,HireVue,52.6,0.772,11,91.09,80.38,Confident,16.87,4.23,50,0.604,56.44,Rejected
CAND_891401,21,0,Data Scientist,PhD,Zoom,15.67,0.508,10,58.66,44.37,Neutral,48.34,5.99,50,0.647,24.59,Rejected
CAND_765C30,31,7,UX Designer,Master's,Google Meet,49.02,0.95,8,97.8,85.54,Confident,15.93,4.59,47,0.421,66.93,Second Round
CAND_A28A9E,23,3,Business Analyst,Associate,Google Meet,39.62,0.408,12,100.0,91.3,Confident,13.17,4.42,47,0.536,59.48,Rejected
CAND_E4BB22,21,0,UX Designer,Associate,Google Meet,,0.493,11,90.64,73.84,Confident,23.71,4.91,36,0.64,59.98,Rejected
CAND_69320A,26,0,Data Scientist,Bachelor's,HireVue,63.18,0.789,9,85.79,91.48,Confident,26.34,5.13,51,0.543,71.02,Hired
CAND_8F1E8A,28,1,Data Scientist,Bachelor's,Google Meet,59.22,0.646,11,100.0,100.0,Confident,20.86,4.61,49,0.305,79.27,Hired
CAND_4FDB23,27,10,Marketing Analyst,PhD,HireVue,62.36,0.673,11,84.93,85.23,Confident,11.57,5.6,49,0.508,71.67,Second Round
CAND_D87F0A,33,8,Software Engineer,PhD,Google Meet,70.58,0.402,6,100.0,95.14,Confident,14.24,3.64,39,0.423,85.78,Hired
CAND_9213C8,39,17,HR Manager,Bachelor's,Zoom,,0.629,12,100.0,77.11,Confident,3.8,4.65,22,0.54,69.88,Second Round
CAND_623BB2,29,9,Software Engineer,Master's,Teams,75.06,0.539,11,100.0,100.0,Neutral,18.52,4.2,37,0.698,80.1,Hired
CAND_22067E,41,13,Marketing Analyst,Bachelor's,Google Meet,75.04,0.944,6,100.0,62.95,Confident,13.8,4.3,38,0.258,81.26,Second Round
CAND_AC7A37,31,9,Data Scientist,Associate,HireVue,55.61,0.667,12,99.2,60.29,Neutral,12.32,4.03,54,0.505,65.04,Hired
CAND_6437EE,26,1,HR Manager,Associate,HireVue,54.68,0.399,12,100.0,91.52,Confident,3.91,3.71,54,0.896,62.98,Rejected
CAND_6A0804,37,15,Data Scientist,Master's,Zoom,53.4,0.469,12,60.45,57.93,Neutral,56.69,6.13,41,0.612,47.41,Rejected
CAND_028992,25,1,Data Scientist,Associate,HireVue,62.86,0.918,8,97.86,100.0,Confident,3.57,4.59,47,0.904,73.68,Hired
CAND_892A90,26,4,Product Manager,Associate,Google Meet,50.38,0.748,6,100.0,80.51,Confident,,4.06,43,0.616,64.24,Rejected
CAND_C304BF,36,15,Product Manager,Associate,HireVue,66.98,0.424,10,97.38,83.57,Confident,21.02,3.97,54,0.558,70.97,Rejected
CAND_F67769,20,1,Sales Executive,Bachelor's,Zoom,69.88,0.321,6,97.58,100.0,Neutral,32.82,5.56,54,0.263,71.57,Second Round
CAND_FABD8A,28,6,Software Engineer,Master's,Google Meet,56.08,0.481,10,100.0,100.0,Confident,7.66,4.02,54,0.586,66.19,Second Round
CAND_25977E,22,0,Data Scientist,Associate,Teams,73.3,0.508,3,74.68,63.5,Neutral,40.0,5.4,48,0.353,78.08,Rejected
CAND_B2E4BD,36,11,HR Manager,Master's,Zoom,64.84,0.71,7,77.78,53.94,Confident,42.21,5.08,28,0.449,66.87,Rejected
CAND_449768,34,15,Sales Executive,Associate,Teams,15.88,0.564,12,100.0,91.83,Confident,10.89,3.96,47,0.361,52.86,Rejected
CAND_2E3A09,33,14,UX Designer,PhD,Google Meet,82.73,0.701,6,100.0,99.41,Confident,2.65,,57,0.678,85.43,Hired
CAND_43B1B4,26,4,HR Manager,Associate,Teams,67.5,0.658,13,63.31,69.74,Neutral,32.81,4.33,57,0.427,61.39,Rejected
CAND_EB9FF3,34,13,Sales Executive,Bachelor's,HireVue,40.17,0.487,13,93.82,99.82,Neutral,13.65,4.06,61,0.679,50.06,Rejected
CAND_108C09,27,2,Sales Executive,Bachelor's,Zoom,58.58,0.394,12,93.07,91.03,Confident,11.93,4.09,24,0.399,80.15,Hired
CAND_B97476,29,7,Software Engineer,Bachelor's,Google Meet,67.12,0.599,13,100.0,89.34,Confident,10.33,3.86,50,0.227,79.79,Hired
CAND_E66764,31,9,UX Designer,Associate,Google Meet,54.06,0.545,8,100.0,100.0,Confident,12.13,4.05,50,0.559,66.72,Rejected
CAND_553362,27,2,UX Designer,Associate,Google Meet,52.05,0.926,7,68.64,67.66,Slouched,34.05,5.45,36,0.429,51.92,On Hold
CAND_029EDE,36,17,Sales Executive,PhD,HireVue,43.9,0.722,4,89.82,84.82,Confident,27.28,4.4,38,1.0,59.53,Rejected
CAND_3A7C26,33,11,UX Designer,Bachelor's,Google Meet,,0.687,5,73.62,81.84,Slouched,53.37,5.85,53,0.326,73.73,Rejected
CAND_DE636F,20,1,Marketing Analyst,PhD,Zoom,72.82,0.365,13,100.0,87.43,Confident,4.51,3.79,45,0.52,82.6,Rejected
CAND_C6A9B6,24,0,Product Manager,Associate,Zoom,49.87,0.628,14,60.67,59.97,Neutral,,4.81,56,0.392,60.01,Rejected
CAND_278BB0,25,0,UX Designer,Bachelor's,HireVue,66.79,0.551,10,100.0,100.0,Confident,26.33,4.61,27,0.6,79.13,Hired
CAND_B16129,44,26,UX Designer,PhD,Zoom,44.92,0.621,13,98.82,100.0,Confident,19.37,4.46,21,0.553,56.42,Rejected
CAND_9A05A6,29,14,Data Scientist,Associate,HireVue,69.06,0.328,3,94.98,72.46,Confident,16.83,,59,0.345,92.23,Second Round
CAND_FD4855,26,4,Product Manager,Associate,Zoom,52.69,0.524,17,100.0,69.08,Confident,26.69,6.6,34,0.219,59.78,Rejected
CAND_D572D6,28,5,HR Manager,Associate,Teams,55.82,0.684,9,100.0,100.0,Confident,23.48,4.02,23,0.085,70.04,Hired
CAND_4A7D94,24,1,Product Manager,Bachelor's,HireVue,62.71,0.694,7,100.0,89.47,Confident,7.44,3.84,34,0.512,82.27,Hired
CAND_AA01C0,20,0,Business Analyst,Associate,HireVue,38.11,0.612,15,97.57,100.0,Confident,11.07,4.06,48,0.562,45.54,Rejected
CAND_6639D0,24,0,UX Designer,PhD,HireVue,86.66,0.631,13,91.42,58.22,Confident,29.03,6.47,49,0.221,79.43,Rejected
CAND_FE143D,20,0,Sales Executive,Master's,Teams,61.08,0.733,13,100.0,95.28,Confident,16.33,4.12,36,0.459,73.82,Second Round
CAND_AE9C68,21,1,Marketing Analyst,PhD,Teams,66.43,0.437,10,100.0,100.0,Confident,7.54,3.94,32,0.385,76.77,Rejected
CAND_B1827B,27,2,Marketing Analyst,PhD,Teams,50.91,0.72,10,100.0,97.95,Confident,12.18,3.9,57,0.171,71.98,Rejected
CAND_6532AB,29,6,Product Manager,PhD,Zoom,55.5,0.345,12,68.03,64.53,Neutral,44.1,5.48,39,0.655,53.83,Rejected
CAND_A76B31,20,0,Sales Executive,Associate,Google Meet,82.73,0.676,10,100.0,72.49,Confident,15.43,5.8,37,0.833,77.73,Rejected
CAND_507D41,31,8,Software Engineer,Bachelor's,Zoom,36.41,0.612,11,68.27,51.53,Neutral,31.11,4.53,47,0.276,49.07,Rejected
CAND_22E1D3,23,0,Software Engineer,Master's,Google Meet,58.77,0.701,7,100.0,100.0,Confident,20.42,4.46,59,0.147,70.45,Hired
CAND_319BF3,34,13,Marketing Analyst,PhD,Teams,54.92,0.368,9,82.89,75.58,Confident,33.62,,50,0.486,56.33,Rejected
CAND_F31C9B,20,2,Marketing Analyst,Master's,Zoom,77.22,0.498,9,100.0,93.79,Confident,16.11,,53,0.49,78.44,Rejected
CAND_3B5AF6,21,0,UX Designer,Associate,Teams,46.49,0.596,18,54.83,55.05,Slouched,42.12,4.85,50,0.36,45.57,Rejected
CAND_667AB0,30,8,Marketing Analyst,Bachelor's,HireVue,64.43,0.714,8,86.29,77.08,Neutral,26.39,4.58,37,0.751,67.53,Rejected
CAND_AC39E1,38,15,Business Analyst,Bachelor's,Zoom,53.39,0.548,11,99.14,100.0,Confident,22.36,4.92,44,0.164,64.13,Rejected
CAND_618241,41,20,Sales Executive,Master's,Google Meet,42.08,0.551,6,96.23,76.63,Confident,14.0,4.52,58,0.49,62.71,Rejected
CAND_5FF137,22,0,UX Designer,Master's,Google Meet,,0.488,9,100.0,94.14,Confident,11.27,6.06,70,0.732,72.56,Rejected
CAND_843E73,32,7,Data Scientist,Master's,Teams,33.45,0.615,12,54.66,47.74,Neutral,60.76,6.75,65,0.455,35.43,Rejected
CAND_7AD75C,30,11,Software Engineer,Associate,Google Meet,67.15,0.46,14,64.82,54.27,Neutral,44.36,5.89,43,0.668,63.35,Rejected
CAND_E335DD,31,10,Marketing Analyst,Bachelor's,Google Meet,97.42,0.584,6,85.92,88.19,Confident,10.73,3.99,53,0.586,92.36,Hired
CAND_E042B7,20,0,Software Engineer,Master's,Google Meet,54.83,0.493,7,90.66,52.22,Confident,13.65,4.24,68,0.232,71.8,Hired
CAND_39072D,32,5,Marketing Analyst,Associate,Google Meet,32.65,0.611,14,95.19,100.0,Neutral,11.0,3.51,32,0.319,45.58,Rejected
CAND_F38A12,26,3,UX Designer,Master's,Zoom,58.07,0.427,12,100.0,77.95,Confident,24.76,5.05,35,0.652,61.82,Rejected
CAND_BC0C36,36,17,HR Manager,Associate,Zoom,69.11,0.714,4,91.99,76.58,Confident,32.72,5.23,48,0.605,66.26,Hired
CAND_D0411C,31,10,Business Analyst,PhD,Google Meet,76.28,0.683,3,100.0,70.31,Confident,13.41,3.64,39,0.674,78.65,Hired
CAND_200825,30,10,Sales Executive,Bachelor's,Zoom,58.34,0.387,9,100.0,74.08,Confident,13.21,4.44,39,0.617,62.22,Rejected
CAND_80EC28,20,0,UX Designer,Master's,Zoom,56.66,0.73,11,100.0,100.0,Confident,6.97,3.13,46,0.786,65.1,Second Round
CAND_786B7C,34,13,Data Scientist,Associate,Google Meet,48.56,0.812,18,100.0,100.0,Confident,12.78,3.73,37,0.7,56.59,Rejected
CAND_FA22E9,35,16,Software Engineer,PhD,HireVue,47.78,0.909,10,100.0,78.43,Confident,16.13,4.46,38,0.41,66.55,Second Round
CAND_B20E07,39,15,UX Designer,PhD,Zoom,48.86,0.552,14,100.0,94.17,Confident,12.64,3.98,48,0.237,62.19,Rejected
CAND_D9405C,25,5,Software Engineer,Bachelor's,Teams,37.26,0.72,9,100.0,93.74,Confident,6.44,3.89,46,0.299,57.31,Rejected
CAND_563297,20,0,HR Manager,Bachelor's,Teams,68.28,0.919,8,48.97,49.86,Slouched,,6.13,52,0.334,56.06,Rejected
CAND_7D3F2F,35,8,HR Manager,Bachelor's,Teams,61.87,0.539,6,100.0,74.3,Confident,23.94,4.31,45,0.721,71.2,Rejected
CAND_BED21F,34,3,Data Scientist,Bachelor's,Teams,18.08,,12,100.0,75.07,Confident,4.25,3.45,40,0.712,48.03,On Hold
CAND_2A2E2D,33,8,Data Scientist,Master's,Google Meet,65.19,0.679,13,89.85,80.23,Confident,7.27,4.84,44,0.358,69.63,Rejected
CAND_6F602C,31,5,HR Manager,Associate,Google Meet,79.51,0.509,7,99.78,100.0,Confident,16.93,4.4,51,0.397,95.65,Hired
CAND_F82290,28,6,Data Scientist,Bachelor's,Zoom,19.68,0.463,12,89.48,63.3,Confident,30.81,4.93,55,0.459,57.87,Rejected
CAND_9094C4,20,0,Data Scientist,PhD,Google Meet,72.24,0.79,11,100.0,75.9,Confident,20.25,5.39,54,0.546,81.35,Rejected
CAND_E45966,38,12,Sales Executive,Associate,HireVue,48.44,0.327,10,100.0,100.0,Confident,5.82,3.43,49,0.716,72.71,Second Round
CAND_325B9E,33,10,Product Manager,Master's,Teams,51.99,0.74,9,93.86,94.29,Neutral,28.59,4.86,46,0.33,62.24,On Hold
CAND_CE4C45,28,4,Marketing Analyst,Master's,Google Meet,83.85,0.7,6,100.0,,Confident,11.97,4.06,36,0.63,87.05,Hired
CAND_3F5A76,30,6,Business Analyst,Bachelor's,Teams,40.88,0.306,11,100.0,77.03,Neutral,8.17,3.66,51,0.814,58.59,Rejected
CAND_AAA88F,42,22,HR Manager,Bachelor's,Google Meet,65.85,0.49,8,100.0,100.0,Confident,16.62,3.87,23,0.522,75.47,Hired
CAND_7EE032,39,14,Business Analyst,Master's,HireVue,58.28,,6,90.98,76.37,Confident,16.19,4.89,40,0.357,68.66,Rejected
CAND_4B0699,24,7,Product Manager,Master's,Teams,64.22,0.35,11,100.0,91.94,Confident,15.63,4.29,43,0.674,73.39,Rejected
CAND_AAEBCA,33,15,UX Designer,Bachelor's,Teams,77.39,0.667,8,100.0,100.0,Confident,12.61,4.78,53,0.168,98.42,Hired
CAND_2111D4,36,9,Software Engineer,Associate,Zoom,40.26,0.739,12,88.61,81.15,Confident,19.71,4.56,37,0.499,51.55,Rejected
CAND_1ACDF3,20,0,Marketing Analyst,Bachelor's,Teams,74.48,0.753,8,100.0,69.32,Confident,17.67,5.41,61,0.512,81.01,Hired
CAND_CEFCBE,31,10,Business Analyst,PhD,Teams,41.52,0.476,10,90.39,66.78,Confident,23.05,4.31,43,0.664,48.67,Rejected
CAND_A65D52,29,11,Marketing Analyst,Bachelor's,Teams,68.27,0.247,10,75.08,67.22,Confident,54.06,5.85,46,0.72,59.34,Rejected
CAND_380041,24,2,Business Analyst,PhD,Teams,,0.482,15,100.0,100.0,Confident,2.83,3.82,60,0.628,71.56,Second Round
CAND_C54F64,29,7,Business Analyst,Associate,Teams,49.03,0.729,16,100.0,71.56,Confident,4.6,4.12,45,0.636,64.25,Rejected
CAND_951BE8,29,7,HR Manager,PhD,Google Meet,139.91,0.73,1,80.13,,Neutral,10.51,4.62,40,0.433,91.92,Hired
CAND_C96620,35,18,Business Analyst,Associate,HireVue,80.45,0.586,8,95.78,64.05,Confident,27.4,4.62,45,0.593,76.01,Rejected
CAND_9BF0DF,20,0,Sales Executive,Bachelor's,Teams,88.43,0.741,9,89.09,91.63,Confident,25.24,5.05,37,0.351,88.62,Hired
CAND_DBF4CB,37,17,Marketing Analyst,Master's,Teams,78.91,0.658,9,72.84,39.35,Confident,46.2,7.76,53,0.202,77.32,Hired
CAND_0A2E56,47,25,Data Scientist,Bachelor's,Zoom,69.44,0.55,7,100.0,66.38,Confident,11.72,4.02,53,0.416,79.8,Rejected
CAND_55E600,23,0,HR Manager,Master's,Zoom,100.0,0.428,5,100.0,100.0,Neutral,9.85,4.4,53,0.202,92.69,Hired
CAND_C4C37C,35,16,Sales Executive,Master's,Google Meet,41.54,,14,86.96,90.91,Neutral,22.81,4.65,52,0.142,43.23,Rejected
CAND_5A0CB1,23,3,Marketing Analyst,Master's,HireVue,56.9,0.777,7,98.1,100.0,Confident,12.61,3.75,51,0.766,60.98,Rejected
CAND_851D13,28,2,HR Manager,PhD,Zoom,87.7,,9,90.59,86.21,Confident,17.78,4.45,46,0.788,77.67,Hired
CAND_DE554D,41,18,Product Manager,Master's,HireVue,58.66,0.428,9,100.0,80.71,Confident,10.11,3.96,45,0.256,79.24,Rejected
CAND_5058A4,30,11,Product Manager,Associate,Google Meet,74.23,0.425,6,100.0,100.0,Confident,10.27,4.44,52,0.466,77.32,Rejected
CAND_72B20D,34,4,UX Designer,Bachelor's,Google Meet,59.75,0.542,12,99.69,60.18,Confident,14.57,4.35,42,0.433,56.42,Rejected
CAND_94013A,27,2,UX Designer,PhD,HireVue,43.27,0.215,11,100.0,88.84,Confident,25.3,,43,0.129,55.78,On Hold
CAND_54EE12,36,16,Software Engineer,Bachelor's,Google Meet,66.81,0.681,8,100.0,100.0,Confident,11.96,3.69,48,0.5,67.26,Second Round
CAND_D3E6F3,23,0,Marketing Analyst,PhD,Teams,,0.485,9,100.0,96.2,Confident,14.33,4.96,65,0.395,70.51,Rejected
CAND_01E275,41,20,Business Analyst,Bachelor's,Google Meet,70.69,0.477,8,100.0,95.6,Confident,15.23,5.34,35,0.093,73.79,Second Round
CAND_814B7B,20,1,HR Manager,PhD,Google Meet,63.54,0.452,14,100.0,100.0,Confident,14.13,4.37,60,0.374,77.06,Hired
CAND_24CD6C,20,0,Software Engineer,Master's,HireVue,62.51,0.552,9,96.29,57.94,Confident,21.18,4.12,24,0.814,59.12,Rejected
CAND_3FFAAA,25,4,Marketing Analyst,Master's,Teams,64.79,0.682,13,100.0,80.58,Confident,25.6,4.68,34,0.519,86.22,Second Round
CAND_0581BA,23,0,Data Scientist,Master's,HireVue,67.55,0.678,11,100.0,87.07,Confident,25.81,4.47,47,0.621,68.46,Second Round
CAND_BB664A,29,3,Sales Executive,Associate,HireVue,54.3,0.394,13,91.17,46.94,Confident,29.14,4.36,35,0.1,63.76,Rejected
CAND_CA032B,20,0,HR Manager,Bachelor's,Teams,61.07,0.695,9,93.11,100.0,Confident,19.07,4.34,37,0.623,70.99,Hired
CAND_5E6689,24,2,Product Manager,Master's,Zoom,55.89,0.435,7,100.0,60.12,Confident,5.02,4.35,47,0.645,67.65,Rejected
CAND_FDA77D,22,2,Software Engineer,Master's,Google Meet,,0.833,7,73.19,56.45,Neutral,40.62,7.36,39,0.233,69.08,Hired
CAND_ECD0EA,29,8,HR Manager,Bachelor's,Google Meet,56.76,0.565,5,100.0,93.25,Confident,4.32,,45,0.489,80.7,Rejected
CAND_569588,39,13,Sales Executive,Associate,Teams,61.41,,6,73.76,62.98,Confident,27.62,5.39,24,0.654,59.46,Rejected
CAND_2A0466,35,19,Product Manager,Master's,Google Meet,44.72,0.836,4,94.83,71.92,Confident,27.87,4.78,41,0.646,55.51,Rejected
CAND_DB407A,26,12,Business Analyst,Associate,Zoom,63.03,0.807,7,84.67,68.56,Neutral,32.67,5.56,54,0.293,66.68,Rejected
CAND_321F43,37,16,Data Scientist,Bachelor's,Teams,32.8,0.931,14,68.8,74.59,Neutral,50.9,5.71,37,0.44,46.15,Rejected
CAND_A2F37B,22,0,HR Manager,Master's,Zoom,65.98,0.428,11,100.0,93.94,Confident,32.66,4.93,46,0.224,74.19,Rejected
CAND_77F6C2,27,1,Software Engineer,Bachelor's,Zoom,60.74,0.617,11,86.45,66.98,Confident,26.01,5.97,38,0.493,63.36,Rejected
CAND_E3EEFF,24,5,Software Engineer,Associate,HireVue,25.96,0.681,13,98.95,78.52,Neutral,9.2,3.73,41,0.853,43.41,Rejected
CAND_13E374,20,0,HR Manager,Master's,HireVue,76.87,0.327,6,100.0,91.59,Confident,25.6,5.48,47,0.323,90.37,Second Round
CAND_BA391E,25,7,Business Analyst,Bachelor's,HireVue,58.51,0.387,10,100.0,55.27,Confident,8.17,5.05,40,0.262,76.98,Second Round
CAND_8857DD,25,1,UX Designer,Bachelor's,Google Meet,68.48,0.938,12,100.0,85.85,Confident,4.65,4.69,41,0.543,77.44,Second Round
CAND_DEF27E,26,4,Marketing Analyst,Master's,Zoom,43.56,0.614,12,74.3,53.62,Neutral,54.45,5.73,42,0.771,50.3,Rejected
CAND_51D65D,23,0,Data Scientist,Bachelor's,HireVue,65.75,0.651,11,78.74,80.23,Neutral,29.54,6.49,41,0.679,62.39,Rejected
CAND_0F6B16,28,10,Business Analyst,Associate,Google Meet,50.28,0.61,7,100.0,68.08,Confident,15.98,4.42,45,0.0,64.26,Rejected
CAND_9EDBD4,31,7,Marketing Analyst,PhD,HireVue,47.7,0.594,10,95.06,82.55,Confident,24.28,5.25,54,0.382,61.52,Rejected
CAND_3FAF9D,26,0,Marketing Analyst,Associate,Teams,67.56,0.659,7,95.92,100.0,Confident,15.33,3.95,53,0.625,70.89,Rejected
CAND_BC53BB,21,0,Sales Executive,Master's,Google Meet,49.47,0.735,10,100.0,100.0,Confident,9.69,3.57,47,0.686,67.82,Rejected
CAND_33444F,30,9,Marketing Analyst,PhD,Google Meet,52.06,0.529,7,94.52,77.57,Confident,8.83,4.05,22,0.613,73.58,Second Round
CAND_83B0AF,39,17,Product Manager,Bachelor's,Teams,51.64,0.459,13,100.0,91.88,Confident,9.21,,36,0.601,70.67,Second Round
CAND_861335,27,1,Product Manager,Bachelor's,Teams,61.26,0.592,10,67.87,57.37,Neutral,16.46,4.8,39,0.438,49.54,Rejected
CAND_B18DD8,31,9,Software Engineer,Master's,HireVue,65.74,0.377,9,100.0,74.57,Neutral,11.21,4.53,33,0.793,85.26,Hired
CAND_B9706B,27,7,Data Scientist,Master's,HireVue,44.18,0.407,12,92.91,100.0,Confident,38.87,6.97,30,0.74,69.24,Hired
CAND_A8C357,23,0,Data Scientist,Bachelor's,Google Meet,75.39,0.433,9,89.43,,Confident,29.06,5.3,39,0.549,79.55,Second Round
CAND_9C4E2C,20,0,Software Engineer,Associate,HireVue,48.9,0.822,13,100.0,100.0,Confident,,3.41,28,0.428,58.89,On Hold
CAND_190FCF,41,20,Marketing Analyst,Bachelor's,Teams,64.85,0.623,10,86.25,69.86,Confident,29.1,6.0,56,0.35,71.5,Rejected
CAND_52068D,30,4,Software Engineer,Master's,Google Meet,46.21,0.495,8,100.0,58.32,Confident,3.59,3.79,46,0.605,72.95,Second Round
CAND_691F8B,34,9,UX Designer,Master's,Zoom,58.4,0.433,7,95.57,77.42,Confident,27.79,5.66,44,0.505,68.53,Rejected
CAND_AD869A,44,24,Software Engineer,Master's,Zoom,58.7,0.888,10,100.0,77.41,Confident,16.21,4.97,58,0.504,78.14,Rejected
CAND_2736DC,26,5,Business Analyst,Associate,HireVue,66.37,0.659,8,100.0,100.0,Confident,12.21,4.24,48,0.676,75.22,Second Round
CAND_5A3889,28,9,Data Scientist,Bachelor's,Google Meet,60.34,0.755,8,67.05,60.02,Neutral,41.86,5.46,35,0.819,61.91,Rejected
CAND_AFB92C,25,3,Business Analyst,PhD,Google Meet,65.34,0.574,8,100.0,100.0,Neutral,20.48,4.49,58,0.13,79.39,Rejected
CAND_8AA870,33,11,Sales Executive,Associate,Zoom,83.13,0.696,4,88.99,86.45,Confident,44.78,5.33,26,0.603,82.65,Hired
CAND_90BC98,47,25,Data Scientist,Bachelor's,Google Meet,47.83,0.837,16,84.92,94.1,Neutral,26.71,4.29,65,0.273,62.54,Rejected
CAND_C96371,38,19,Marketing Analyst,PhD,HireVue,44.06,0.51,11,74.52,96.18,Confident,19.06,4.65,46,0.097,64.44,Rejected
CAND_FB7007,43,17,UX Designer,PhD,HireVue,47.06,0.464,13,52.52,49.63,Slouched,53.52,6.93,44,0.819,51.0,Rejected
CAND_36E8DA,20,1,Software Engineer,Associate,Zoom,67.06,0.651,6,96.05,90.17,Confident,,4.88,44,0.644,74.32,Rejected
CAND_88D311,48,25,UX Designer,Master's,Google Meet,49.09,0.591,6,73.94,65.36,Slouched,43.54,5.26,39,0.623,56.81,Rejected
CAND_A144D4,32,8,Software Engineer,PhD,Teams,50.89,0.787,8,93.68,69.85,Neutral,21.15,5.53,45,0.424,74.83,Second Round
CAND_A60AC4,37,11,Business Analyst,Bachelor's,Teams,78.12,0.76,13,100.0,100.0,Confident,22.96,4.63,41,0.547,86.65,Hired
CAND_71612D,25,1,Marketing Analyst,Master's,Teams,,0.589,11,85.91,100.0,Confident,24.02,4.46,47,0.665,45.82,Rejected
CAND_C3F6AC,31,7,UX Designer,Master's,Google Meet,72.53,0.549,8,100.0,82.25,Confident,27.79,4.73,56,0.285,81.66,Hired
CAND_474A63,26,0,UX Designer,PhD,Teams,40.1,0.654,10,95.02,99.52,Confident,26.48,5.51,44,0.467,48.08,Rejected
CAND_0ACDEC,41,19,Data Scientist,Associate,Zoom,40.9,0.655,20,76.45,100.0,Confident,48.8,5.66,57,0.11,56.95,Rejected
CAND_95F348,35,16,Software Engineer,Associate,Google Meet,67.47,0.705,7,100.0,100.0,Confident,,4.28,45,0.467,85.75,Hired
CAND_EA0151,29,6,Marketing Analyst,Associate,Teams,38.28,0.774,10,100.0,100.0,Confident,16.25,4.36,43,0.368,50.63,Rejected
CAND_A82851,27,6,Marketing Analyst,Associate,Teams,60.86,0.543,9,68.14,62.47,Neutral,22.48,5.4,31,0.542,60.43,Rejected
CAND_1BE572,22,1,HR Manager,Associate,Zoom,48.91,0.681,11,95.37,94.67,Confident,10.51,3.88,32,0.272,54.33,Rejected
CAND_3F14CA,45,28,Product Manager,Associate,Zoom,,0.748,4,100.0,100.0,Confident,12.62,4.33,30,0.541,81.36,Second Round
CAND_061265,21,1,Business Analyst,Bachelor's,Zoom,69.72,0.604,15,100.0,,Confident,13.03,4.44,50,0.48,70.1,Second Round
CAND_05DC89,40,21,Data Scientist,PhD,Google Meet,60.65,0.541,6,70.55,71.79,Neutral,21.29,5.19,58,0.601,62.64,Rejected
CAND_9B612F,29,4,Product Manager,PhD,Teams,57.46,0.619,8,77.59,61.35,Neutral,31.13,5.36,54,0.637,71.05,Second Round
CAND_08E9D2,26,3,Business Analyst,PhD,Teams,64.65,0.754,10,100.0,99.7,Confident,11.77,4.06,49,0.372,90.97,Hired
CAND_546DCB,30,4,HR Manager,PhD,Google Meet,55.56,0.854,5,68.51,71.33,Neutral,54.26,5.97,33,0.275,68.02,Hired
CAND_78803D,26,2,Product Manager,Master's,Teams,24.28,0.628,13,74.01,96.44,Neutral,28.1,4.51,52,0.552,34.09,Rejected
CAND_B99F91,30,11,UX Designer,Associate,HireVue,32.68,0.544,15,76.29,86.48,Neutral,31.17,5.51,60,0.552,46.63,Rejected
CAND_90C2CA,38,17,Product Manager,Associate,Zoom,72.76,0.638,6,96.45,91.0,Confident,27.74,,42,0.812,81.06,Rejected
CAND_DD004B,24,4,Product Manager,PhD,HireVue,55.11,0.55,10,100.0,98.39,Confident,20.1,5.49,65,0.344,66.25,Second Round
CAND_F65FB3,26,0,Software Engineer,Associate,Zoom,46.13,0.649,10,100.0,100.0,Confident,16.1,4.86,41,0.201,66.08,Rejected
CAND_58189F,37,10,UX Designer,PhD,HireVue,58.76,0.752,6,100.0,,Confident,10.65,4.82,50,0.554,75.64,Hired
CAND_036A40,20,0,Sales Executive,PhD,Google Meet,65.41,0.653,9,72.04,54.45,Confident,36.29,5.91,40,0.574,68.68,Hired
CAND_ADB1FE,20,0,Marketing Analyst,PhD,Zoom,74.33,0.885,1,100.0,58.92,Confident,6.93,3.92,59,0.232,89.24,Hired
CAND_6DB760,20,2,UX Designer,Master's,Google Meet,57.23,0.748,11,100.0,74.58,Confident,11.84,4.75,41,0.379,59.45,Rejected
CAND_3192F8,27,6,Sales Executive,Associate,Zoom,77.7,0.556,10,95.87,100.0,Neutral,37.22,7.74,38,0.482,87.16,Hired
CAND_0B648E,20,0,Sales Executive,Master's,Teams,65.73,0.689,8,87.03,100.0,Confident,20.43,4.31,44,0.51,71.76,Second Round
CAND_73EFB6,35,11,HR Manager,Associate,Zoom,47.81,0.736,4,63.16,46.65,Neutral,37.19,6.12,46,0.531,46.43,Rejected
CAND_28D9B6,26,6,UX Designer,PhD,Google Meet,79.57,0.621,11,100.0,67.83,Confident,4.49,3.72,32,0.506,84.4,Second Round
CAND_39BE09,26,4,HR Manager,PhD,HireVue,41.02,0.719,9,78.25,54.83,Neutral,26.94,4.61,39,0.698,48.86,Rejected
CAND_33D879,23,0,Sales Executive,Associate,Teams,76.02,0.428,3,100.0,82.6,Confident,13.12,5.09,70,0.675,84.44,Second Round
CAND_24DE06,38,16,Product Manager,Master's,Google Meet,73.45,0.236,5,100.0,83.57,Confident,2.59,3.39,46,0.36,72.45,Hired
CAND_F5DBD1,44,25,Data Scientist,Master's,Teams,68.2,0.482,7,100.0,63.09,Confident,6.13,3.37,32,0.377,81.52,Rejected
CAND_B65BD9,25,2,Sales Executive,Bachelor's,Zoom,51.42,0.629,11,100.0,95.64,Confident,1.59,3.45,43,0.553,54.63,On Hold
CAND_16F104,20,0,Data Scientist,Bachelor's,Google Meet,47.27,0.389,6,100.0,69.26,Confident,3.09,3.62,55,0.684,67.75,Rejected
CAND_14B39A,34,7,HR Manager,PhD,Teams,60.34,0.575,10,100.0,70.35,Confident,,3.8,31,0.538,85.8,Second Round
CAND_08DE5E,34,10,Product Manager,Master's,Teams,51.99,0.485,7,100.0,77.0,Confident,16.9,4.17,36,0.54,62.82,Rejected
CAND_1098CC,23,0,Business Analyst,Associate,HireVue,27.19,0.67,9,88.23,67.67,Neutral,17.16,4.24,46,0.379,58.47,Rejected
CAND_0F6861,33,12,Marketing Analyst,Associate,Teams,62.47,0.74,9,100.0,58.01,Confident,18.82,4.73,40,0.341,67.24,Rejected
CAND_11C05C,33,13,Product Manager,Associate,HireVue,54.65,0.622,11,100.0,74.44,Neutral,2.09,3.52,41,0.517,59.65,Rejected
CAND_6AEFBC,39,21,Marketing Analyst,PhD,HireVue,79.26,0.485,8,100.0,98.25,Neutral,,,40,0.792,81.88,Rejected
CAND_998871,23,0,Sales Executive,PhD,Google Meet,61.74,0.91,6,68.63,65.68,Neutral,33.8,5.2,38,0.539,74.09,Hired
CAND_A8FB62,28,6,Software Engineer,Bachelor's,Teams,94.11,0.695,5,100.0,100.0,Confident,15.67,4.6,33,0.615,96.84,Hired
CAND_2903E6,41,20,Software Engineer,Associate,HireVue,40.8,0.72,12,89.8,100.0,Confident,9.91,3.5,55,0.386,57.92,Rejected
CAND_D2A099,33,8,Marketing Analyst,Master's,Zoom,70.44,0.56,8,91.8,88.6,Confident,28.98,5.03,59,0.36,83.88,Second Round
CAND_564BC4,45,24,HR Manager,Associate,Teams,48.31,0.769,5,88.35,68.24,Confident,37.89,6.59,46,0.419,56.73,Rejected
CAND_E5E33C,25,5,HR Manager,Associate,Teams,38.67,0.603,9,76.42,70.87,Confident,27.42,10.19,46,0.787,43.47,Rejected
CAND_68FADF,29,5,UX Designer,PhD,Google Meet,27.99,0.543,11,100.0,77.46,Confident,4.42,3.24,46,0.441,50.2,Rejected
CAND_8082F7,32,4,Marketing Analyst,Associate,Teams,67.0,0.582,7,82.95,57.12,Confident,29.76,4.79,49,0.777,62.36,Rejected
CAND_01F85D,42,20,Product Manager,PhD,Zoom,53.74,0.398,11,94.52,52.22,Confident,28.56,4.79,40,0.412,69.03,Hired
CAND_3D111C,49,27,Sales Executive,PhD,HireVue,56.57,0.633,10,71.26,51.17,Confident,32.57,5.03,53,0.683,71.17,Rejected
CAND_3D9491,38,18,Product Manager,Bachelor's,Zoom,57.08,0.665,9,79.16,,Confident,35.31,5.03,45,0.205,68.02,Hired
CAND_A2021A,25,0,Marketing Analyst,Master's,HireVue,,0.437,8,62.37,78.3,Slouched,43.98,5.49,42,0.167,43.61,Rejected
CAND_EFFC70,43,23,Data Scientist,Master's,Zoom,64.73,0.892,9,92.06,86.11,Confident,22.05,4.18,63,0.514,71.55,Hired
CAND_E370B4,38,22,Marketing Analyst,Associate,Google Meet,83.57,0.574,5,69.76,50.91,Neutral,48.13,7.85,34,0.863,88.99,Hired
CAND_E5BA45,20,0,Business Analyst,Bachelor's,Teams,73.56,0.2,7,70.91,70.96,Confident,33.19,6.39,42,0.393,65.94,Hired
CAND_9B1316,38,18,Data Scientist,Associate,Teams,56.67,0.632,7,100.0,77.44,Confident,8.52,3.61,44,0.51,80.25,Second Round
CAND_01AA6F,24,4,HR Manager,Bachelor's,Zoom,64.36,0.441,8,100.0,75.86,Confident,11.73,3.57,46,0.391,79.85,Second Round
CAND_30DE94,36,18,HR Manager,Associate,Teams,44.04,0.576,12,100.0,100.0,Confident,6.37,4.94,46,0.207,56.47,Rejected
CAND_681BC7,30,11,UX Designer,Associate,Zoom,65.95,0.638,6,83.99,71.4,Neutral,16.85,4.65,43,0.563,84.46,Hired
CAND_54D161,27,7,Sales Executive,Associate,Google Meet,49.39,0.536,6,68.58,36.91,Neutral,52.03,5.97,42,0.682,59.97,Rejected
CAND_4FC6D3,31,13,Software Engineer,Bachelor's,Google Meet,53.84,0.488,5,89.56,94.67,Confident,13.76,4.54,43,0.474,58.63,Rejected
CAND_196EEB,20,0,Business Analyst,Bachelor's,Teams,56.72,0.586,10,66.43,59.43,Neutral,33.46,5.33,50,0.748,50.69,Rejected
CAND_D3B596,20,0,HR Manager,PhD,Zoom,69.83,0.451,5,97.94,69.83,Confident,22.24,4.81,35,0.446,70.86,Hired
CAND_4C95E4,21,0,Data Scientist,Associate,Teams,48.4,0.47,10,100.0,77.91,Confident,8.15,3.57,48,0.431,60.26,Rejected
CAND_33F3EF,27,11,Sales Executive,Master's,Google Meet,170.6,0.613,0,74.55,72.65,Neutral,16.68,3.88,45,0.61,100.0,Hired
CAND_AFBC2E,41,21,Product Manager,Associate,Zoom,62.11,0.505,6,72.32,76.15,Confident,51.75,5.57,52,0.689,70.89,Hired
CAND_92B327,45,26,Software Engineer,Bachelor's,Google Meet,,0.458,4,100.0,49.33,Confident,3.78,4.09,32,0.855,65.07,Second Round
CAND_E892B2,27,5,Data Scientist,Master's,HireVue,53.9,0.783,11,67.27,77.21,Neutral,41.09,5.8,51,0.645,61.75,Rejected
CAND_A55CA7,35,14,Business Analyst,Associate,Teams,47.6,0.79,8,70.8,56.61,Neutral,45.82,5.66,49,0.661,50.58,Rejected
CAND_301B1F,37,14,Marketing Analyst,Bachelor's,HireVue,236.21,0.786,0,95.02,65.9,Neutral,8.71,3.86,37,0.31,100.0,Hired
CAND_04EB07,30,7,Sales Executive,Master's,Teams,55.44,0.85,6,100.0,67.13,Confident,24.63,,47,0.902,57.6,Rejected
CAND_BECD3B,29,6,Sales Executive,PhD,Teams,60.07,,10,92.88,90.03,Neutral,22.55,4.87,58,0.478,74.91,Second Round
CAND_C3BDFA,33,12,Marketing Analyst,PhD,Google Meet,49.45,,11,82.85,60.34,Neutral,16.63,4.36,41,0.429,64.92,Rejected
CAND_F6FE95,42,21,HR Manager,Master's,Zoom,59.8,0.616,16,100.0,100.0,Confident,21.7,4.55,53,0.627,76.18,Rejected
CAND_E02E1B,22,0,UX Designer,PhD,Zoom,58.82,0.659,12,100.0,100.0,Confident,6.24,,44,0.893,67.27,Second Round
CAND_06C664,37,13,HR Manager,Master's,HireVue,46.81,0.664,8,98.3,100.0,Neutral,13.74,4.63,60,0.376,77.78,Rejected
CAND_25D9CD,39,16,Marketing Analyst,PhD,HireVue,63.15,0.488,13,63.56,69.85,Neutral,42.97,5.23,51,0.662,63.47,Rejected
CAND_73BBBA,42,16,Data Scientist,Bachelor's,Zoom,84.11,0.503,11,93.85,85.03,Neutral,12.0,,41,0.33,84.69,Hired
CAND_73B9EA,31,11,Product Manager,Bachelor's,Teams,68.16,0.741,13,100.0,95.83,Confident,18.4,6.87,43,0.372,73.47,Hired
CAND_6A3A02,22,0,Data Scientist,Bachelor's,HireVue,60.46,0.804,13,100.0,80.88,Confident,20.02,4.92,56,0.532,74.36,Hired
CAND_72C5BB,29,0,Marketing Analyst,Bachelor's,Google Meet,57.68,0.617,8,83.32,82.39,Confident,15.65,,55,0.705,60.73,Rejected
CAND_B6A7D6,27,5,Software Engineer,Master's,HireVue,62.69,0.426,11,68.28,67.38,Neutral,37.65,5.99,48,0.2,56.41,Rejected
CAND_0F7008,23,0,Sales Executive,Bachelor's,Google Meet,83.65,0.538,6,100.0,85.94,Confident,13.06,3.6,42,0.36,84.83,Hired
CAND_2CBB07,24,0,HR Manager,PhD,Zoom,60.59,0.585,10,100.0,100.0,Confident,,3.64,26,0.328,86.49,Hired
CAND_89EFC7,39,18,Software Engineer,Bachelor's,Google Meet,61.39,0.519,6,98.41,65.01,Confident,33.39,5.36,28,0.671,71.22,Second Round
CAND_7D2952,35,12,Data Scientist,Bachelor's,Teams,37.78,0.581,17,82.01,77.89,Confident,15.41,4.44,44,0.42,52.04,Rejected
CAND_DADE67,34,8,UX Designer,Master's,Teams,64.75,0.57,5,96.12,65.15,Neutral,19.81,4.17,51,0.733,66.08,Hired
CAND_C53918,20,0,Data Scientist,PhD,HireVue,83.13,0.573,5,83.88,65.97,Confident,38.55,5.87,41,0.202,86.54,Hired
CAND_98B207,20,0,Data Scientist,Master's,Teams,37.78,0.69,10,94.23,96.14,Confident,28.66,4.7,37,0.471,52.34,Rejected
CAND_68E1D7,39,12,Business Analyst,Master's,HireVue,61.28,0.508,9,100.0,77.3,Confident,8.7,4.02,40,0.766,67.86,Rejected
CAND_893645,20,0,Business Analyst,PhD,HireVue,51.58,0.452,17,97.27,70.79,Confident,27.18,5.33,44,0.572,66.44,Second Round
CAND_66D93D,26,0,Business Analyst,Master's,Teams,42.33,0.423,13,100.0,76.35,Confident,9.51,4.23,43,0.554,62.99,Rejected
CAND_8A62E0,23,0,Marketing Analyst,PhD,HireVue,49.21,0.76,13,100.0,,Confident,11.48,4.32,50,0.289,68.93,Rejected
CAND_40E0A6,34,12,Software Engineer,PhD,Zoom,42.0,0.739,11,79.99,79.55,Neutral,21.75,6.88,31,0.147,60.73,Rejected
CAND_3E253F,38,17,Software Engineer,PhD,Teams,77.37,0.627,10,100.0,77.14,Neutral,8.86,6.77,42,0.703,77.11,Second Round
CAND_B23FF0,35,14,Software Engineer,PhD,Teams,85.1,0.624,5,95.26,72.46,Confident,21.8,6.67,47,0.675,80.59,Second Round
CAND_597D5A,45,20,Business Analyst,Master's,Teams,55.68,0.521,9,100.0,61.29,Confident,16.69,4.23,36,0.399,67.23,Second Round
CAND_D60551,29,7,UX Designer,Master's,Google Meet,46.07,0.787,10,95.7,100.0,Confident,8.01,3.42,51,0.396,54.33,Rejected
CAND_8B40A4,31,10,HR Manager,Master's,Zoom,57.54,0.71,9,100.0,58.94,Confident,26.7,5.45,45,0.429,72.05,Hired
CAND_A5A655,28,12,Product Manager,Associate,Zoom,74.16,0.461,2,100.0,100.0,Confident,5.84,4.11,42,0.332,88.92,Hired
CAND_2478F7,20,0,HR Manager,Bachelor's,Zoom,52.67,0.523,14,66.72,39.83,Neutral,42.06,5.3,48,0.604,50.8,Rejected
CAND_A3CA5B,33,11,Business Analyst,Associate,HireVue,63.04,0.744,4,91.44,100.0,Confident,16.01,5.64,46,0.635,66.13,Second Round
CAND_CAA8E2,30,8,UX Designer,Bachelor's,HireVue,56.62,0.641,9,100.0,100.0,Confident,4.11,4.0,50,0.337,68.26,Hired
CAND_8DD02E,33,9,Business Analyst,Master's,Google Meet,69.96,0.271,8,51.4,32.7,Neutral,,6.14,45,0.692,57.57,Rejected
CAND_69234D,20,0,Software Engineer,Associate,HireVue,95.42,0.367,6,69.38,47.37,Neutral,47.46,6.21,41,0.452,89.94,Hired
CAND_1C2935,29,6,Data Scientist,Master's,HireVue,48.73,0.706,6,89.76,100.0,Confident,20.62,3.95,60,0.32,60.62,Rejected
CAND_7C69C1,34,14,Product Manager,Master's,Google Meet,60.99,0.581,16,76.85,61.06,Neutral,41.15,5.8,36,0.495,72.48,Second Round
CAND_B60EFD,32,6,Software Engineer,Associate,Google Meet,62.18,0.395,12,91.54,98.96,Confident,18.65,4.8,41,0.453,62.57,Rejected
CAND_965AA9,24,3,Product Manager,Master's,HireVue,75.52,0.639,4,100.0,65.11,Confident,9.91,4.01,20,0.416,86.48,Hired
CAND_3779F7,39,17,HR Manager,Master's,Teams,65.68,0.47,10,100.0,100.0,Confident,12.83,4.23,39,0.686,81.73,Second Round
CAND_5D9276,33,12,HR Manager,PhD,Zoom,56.81,0.714,4,100.0,100.0,Confident,10.69,,55,0.261,71.41,Second Round
CAND_C07DB6,20,0,Business Analyst,PhD,Teams,44.32,0.472,18,60.34,,Neutral,39.88,5.78,35,0.49,42.87,Rejected
CAND_3FA34A,25,0,Software Engineer,PhD,Teams,69.32,0.683,8,100.0,100.0,Confident,22.26,5.43,30,0.443,85.65,Hired
CAND_24FD6A,37,12,Sales Executive,Master's,HireVue,66.28,0.445,12,100.0,95.67,Confident,5.98,3.58,47,0.61,76.98,Rejected
CAND_F79EF4,20,0,UX Designer,PhD,Teams,66.12,0.381,5,92.84,100.0,Neutral,7.06,3.25,53,0.524,77.97,Hired
CAND_6C97C6,42,14,Data Scientist,Bachelor's,Teams,,0.615,11,100.0,100.0,Confident,3.27,3.68,45,0.319,83.36,Hired
CAND_311DFA,27,9,Marketing Analyst,Bachelor's,Google Meet,43.67,0.833,13,77.49,70.73,Confident,40.61,5.22,23,0.53,49.25,Rejected
CAND_D980E1,20,0,Sales Executive,Associate,Zoom,44.35,0.225,11,64.0,,Neutral,26.93,5.46,50,0.502,50.72,Rejected
CAND_DC559D,24,0,UX Designer,Master's,Google Meet,70.82,,8,87.81,51.19,Confident,24.9,5.01,20,0.682,76.25,Rejected
CAND_6AEDD0,35,10,Product Manager,Bachelor's,HireVue,54.39,0.458,9,77.99,77.87,Neutral,51.46,5.98,52,0.565,57.18,Rejected
CAND_8F781B,35,9,Software Engineer,PhD,Teams,91.1,0.495,4,92.58,86.36,Confident,28.92,,29,0.608,94.21,Hired
CAND_84C987,38,12,Marketing Analyst,Bachelor's,HireVue,44.14,0.638,11,100.0,90.72,Confident,22.71,4.71,53,0.265,63.2,Rejected
CAND_09C649,40,16,Data Scientist,Associate,Google Meet,,0.592,12,100.0,100.0,Confident,2.01,3.29,55,0.54,75.55,Hired
CAND_C76E9C,27,3,Business Analyst,Bachelor's,Zoom,67.84,0.615,6,77.27,65.48,Neutral,35.88,4.71,43,0.678,65.05,Rejected
CAND_D2EA03,32,11,HR Manager,Master's,HireVue,66.4,0.585,8,100.0,89.44,Confident,11.91,3.96,45,0.427,82.28,Rejected
CAND_945010,33,12,Data Scientist,PhD,HireVue,72.9,0.531,11,100.0,70.49,Neutral,10.59,3.6,36,0.638,73.94,Rejected
CAND_C1FE6E,21,4,Data Scientist,Master's,Teams,54.68,0.444,7,100.0,100.0,Confident,26.13,5.09,35,0.559,74.29,Rejected
CAND_2A32E7,23,2,Software Engineer,Bachelor's,Teams,43.8,0.602,10,93.27,,Confident,,4.52,40,0.626,50.32,Rejected
CAND_551FAE,26,3,Sales Executive,Associate,Teams,51.56,0.483,17,74.0,51.79,Neutral,44.32,5.11,56,0.435,59.63,Rejected
CAND_230EEA,38,18,Marketing Analyst,Master's,Google Meet,18.08,0.684,5,71.02,71.58,Neutral,36.36,,35,0.444,46.85,Rejected
CAND_C4E2E1,21,0,HR Manager,Bachelor's,Google Meet,58.66,0.319,10,79.45,60.02,Confident,37.65,5.64,49,0.565,62.3,Rejected
CAND_42D61F,23,3,HR Manager,Master's,Zoom,50.33,0.469,8,82.69,53.71,Confident,26.6,4.05,47,0.467,58.9,Rejected
CAND_2EB012,20,0,UX Designer,Associate,Teams,79.18,0.569,6,100.0,89.98,Neutral,15.63,3.93,56,0.125,93.4,Hired
CAND_697E3D,28,6,Marketing Analyst,PhD,HireVue,,0.3,11,100.0,,Confident,,3.84,53,0.462,59.08,Rejected
CAND_884BAB,23,0,Product Manager,Master's,Teams,53.21,0.635,7,67.56,42.47,Neutral,53.95,7.08,69,0.444,63.19,Rejected
CAND_D57483,25,6,Product Manager,Associate,Teams,52.53,,7,100.0,95.46,Confident,3.57,3.2,41,0.688,69.67,Rejected
CAND_166F11,28,8,Product Manager,PhD,Zoom,47.64,0.59,14,80.31,78.46,Neutral,,,46,0.531,62.14,Rejected
CAND_1C1AB5,30,8,Data Scientist,Master's,Google Meet,72.9,0.576,9,78.85,52.53,Neutral,25.59,4.76,41,0.45,66.77,Rejected
CAND_DC1A95,31,7,Software Engineer,PhD,HireVue,47.55,0.856,5,100.0,95.51,Confident,3.58,3.54,51,0.272,67.79,Hired
CAND_EF4C58,32,15,Sales Executive,PhD,Teams,63.79,0.482,2,100.0,84.04,Confident,3.97,,48,0.915,76.59,Second Round
CAND_0F1E7C,33,10,Product Manager,Master's,Zoom,64.81,0.474,4,98.4,70.88,Confident,12.06,4.54,29,0.214,69.11,Hired
CAND_07FE2A,30,5,Marketing Analyst,Master's,Teams,39.0,0.484,9,100.0,67.15,Neutral,10.4,3.89,41,0.353,57.64,Rejected
CAND_39018D,32,6,Data Scientist,Associate,Teams,45.25,0.76,10,100.0,88.66,Neutral,9.84,4.75,36,0.379,57.51,On Hold
CAND_A9A8AC,36,16,Business Analyst,Master's,HireVue,79.26,0.434,6,100.0,71.43,Confident,16.62,,40,0.32,86.07,Hired
CAND_1AF239,20,0,UX Designer,Master's,Zoom,37.12,0.421,11,88.73,91.98,Neutral,27.01,4.51,39,0.69,55.83,Rejected
CAND_5AF52A,30,12,Marketing Analyst,Associate,Teams,58.32,0.758,13,87.12,93.4,Neutral,34.3,4.96,52,0.292,63.46,Rejected
CAND_2D19C8,32,4,UX Designer,Bachelor's,Teams,50.83,0.249,6,100.0,95.8,Confident,7.15,3.89,39,0.535,74.83,Hired
CAND_63B71E,37,15,Sales Executive,PhD,HireVue,68.53,0.461,11,78.53,67.6,Neutral,26.8,4.78,39,0.619,76.41,Second Round
CAND_68DD17,35,17,Software Engineer,Associate,Google Meet,39.26,0.698,9,58.28,61.79,Confident,49.06,5.55,46,0.181,46.33,Rejected
CAND_2D3291,43,20,Software Engineer,Bachelor's,HireVue,69.49,0.579,5,87.87,86.05,Confident,23.8,5.0,45,0.541,79.92,Rejected
CAND_F409B0,26,4,UX Designer,Associate,Zoom,88.91,0.295,5,100.0,100.0,Confident,20.56,4.31,43,0.799,93.46,Hired
CAND_4CD86F,35,16,Software Engineer,Master's,Google Meet,63.29,0.57,11,100.0,,Confident,12.28,4.15,44,0.708,70.15,Rejected
CAND_62710C,31,6,Marketing Analyst,Associate,Teams,55.65,0.334,13,100.0,100.0,Confident,8.71,3.46,35,0.289,65.8,Second Round
CAND_85761B,25,0,Software Engineer,Master's,HireVue,51.97,0.769,6,81.15,61.82,Confident,21.64,5.48,34,0.48,63.39,Rejected
CAND_93F749,24,4,Data Scientist,Master's,Teams,75.49,0.595,11,91.04,100.0,Confident,20.87,4.67,38,0.615,86.04,Hired
CAND_846B58,33,8,Software Engineer,Master's,HireVue,36.04,0.567,12,98.05,72.42,Neutral,15.12,5.06,40,0.631,61.57,Rejected
CAND_D45715,23,7,UX Designer,Associate,Zoom,46.62,0.669,12,100.0,65.17,Confident,9.06,4.39,33,0.542,60.99,Rejected
CAND_B4D4E9,28,8,Product Manager,Bachelor's,Zoom,60.79,0.501,8,100.0,100.0,Confident,20.13,5.39,31,0.493,62.67,Rejected
CAND_36BAEA,42,25,Business Analyst,Bachelor's,HireVue,75.74,0.693,6,100.0,100.0,Confident,12.66,,53,0.902,96.03,Hired
CAND_3C472F,34,17,Product Manager,Associate,HireVue,80.24,0.593,5,100.0,82.65,Confident,6.63,4.37,35,0.538,90.72,Hired
CAND_2A1559,38,16,Business Analyst,Master's,Teams,46.81,0.581,13,100.0,70.23,Confident,4.05,3.94,38,0.764,60.19,Rejected
CAND_6A5D56,33,8,Software Engineer,Associate,Google Meet,46.71,0.473,8,72.14,,Neutral,39.29,,45,0.346,55.78,Rejected
CAND_A54F4B,45,24,Marketing Analyst,Master's,Zoom,61.24,0.628,7,100.0,62.92,Confident,5.15,3.92,36,0.412,73.8,Second Round
CAND_976019,28,6,Software Engineer,PhD,Zoom,42.67,0.625,10,86.01,57.39,Confident,19.45,5.11,49,0.789,60.91,Rejected
CAND_966B6F,30,5,Software Engineer,Associate,Teams,55.39,0.585,11,100.0,100.0,Confident,17.42,3.96,20,0.411,73.9,Second Round
CAND_A783D9,36,8,Sales Executive,Associate,HireVue,72.54,0.846,3,100.0,100.0,Confident,11.71,4.55,37,0.363,83.64,Rejected
CAND_EFA39E,46,25,Software Engineer,Master's,Google Meet,62.22,0.514,8,100.0,100.0,Confident,15.48,,42,0.447,79.67,Rejected
CAND_0797B7,20,0,UX Designer,Bachelor's,Teams,64.01,0.657,7,78.71,72.22,Confident,,5.26,40,0.853,61.5,Rejected
CAND_D14042,25,1,Business Analyst,Bachelor's,Teams,68.11,0.596,11,86.57,78.02,Confident,21.03,4.53,34,0.211,72.39,Rejected
CAND_876135,20,1,Marketing Analyst,PhD,Zoom,60.04,0.678,9,98.32,97.39,Confident,10.42,3.43,52,0.586,68.29,Rejected
CAND_CEA6FB,37,19,Product Manager,Master's,Google Meet,62.22,0.893,8,57.95,,Neutral,52.33,5.7,37,0.544,64.29,Rejected
CAND_365AE5,22,0,Product Manager,Associate,Google Meet,28.95,0.556,12,80.97,80.52,Confident,24.11,4.33,28,0.555,43.12,Rejected
CAND_47A00C,20,2,Marketing Analyst,PhD,Google Meet,76.78,0.438,8,55.98,65.63,Neutral,54.22,6.33,36,0.437,57.5,On Hold
CAND_0F1AA0,30,10,HR Manager,Bachelor's,Google Meet,73.71,0.826,10,73.66,76.96,Neutral,46.87,5.39,57,0.59,81.72,Hired
CAND_51F04C,20,0,Marketing Analyst,PhD,HireVue,72.38,0.7,14,69.36,64.16,Confident,32.22,5.32,46,0.701,62.41,Rejected
CAND_663357,28,9,UX Designer,Bachelor's,Zoom,73.28,0.523,7,100.0,90.39,Neutral,9.32,4.14,58,0.287,79.94,Rejected
CAND_806225,31,12,Data Scientist,Associate,Google Meet,55.75,0.727,8,71.82,60.01,Confident,35.13,,20,0.77,62.35,Rejected
CAND_EC2418,33,13,Marketing Analyst,PhD,Teams,42.9,0.471,6,100.0,70.06,Confident,7.65,3.98,35,0.401,50.32,Rejected
CAND_CD1C9B,20,0,Sales Executive,Associate,Teams,43.07,0.782,9,100.0,100.0,Confident,14.52,4.19,44,0.239,56.44,Rejected
CAND_C926C3,20,0,Marketing Analyst,Master's,Zoom,57.14,0.617,16,100.0,85.74,Confident,26.39,5.2,58,0.574,76.7,Hired
CAND_C157D8,40,14,Data Scientist,Master's,HireVue,61.38,0.95,10,83.66,76.92,Confident,17.1,4.2,59,0.585,66.87,Second Round
CAND_2219B1,29,2,UX Designer,Bachelor's,Teams,89.53,0.642,8,99.03,100.0,Confident,20.01,,32,0.33,88.42,Hired
CAND_2FC17E,38,14,Data Scientist,PhD,Google Meet,62.49,0.759,12,76.13,57.58,Confident,37.31,6.91,36,0.684,70.1,Second Round
CAND_3DDEAF,26,0,Software Engineer,Bachelor's,Google Meet,43.6,0.272,6,82.95,88.94,Confident,47.4,6.79,40,0.22,51.87,Rejected
CAND_E50D66,30,6,Software Engineer,Master's,Teams,75.92,0.613,6,100.0,85.57,Confident,7.24,3.94,36,0.679,85.96,Hired
CAND_AEFD1D,25,8,Sales Executive,Associate,Zoom,67.88,0.732,5,86.83,76.45,Neutral,32.89,5.0,42,0.649,79.01,Second Round
CAND_C2FE79,36,18,Product Manager,Associate,Google Meet,,0.37,7,100.0,100.0,Confident,6.46,3.79,32,0.575,84.38,Second Round
CAND_D602F1,40,19,Software Engineer,PhD,Google Meet,81.49,,3,100.0,74.29,Confident,19.35,4.28,43,0.548,97.73,Hired
CAND_AB40E4,40,14,Business Analyst,PhD,Zoom,55.65,0.639,10,81.54,65.05,Confident,34.88,6.04,51,0.398,58.63,On Hold
CAND_4AA8A2,40,15,Software Engineer,PhD,HireVue,,0.492,6,100.0,100.0,Confident,2.99,3.77,44,0.072,71.51,Second Round
CAND_A25DE6,28,5,HR Manager,Master's,Zoom,64.51,0.591,5,100.0,84.03,Confident,21.49,4.59,53,0.645,69.27,Hired
CAND_7ABFE5,22,5,Business Analyst,Bachelor's,Google Meet,80.29,0.652,7,100.0,89.15,Confident,22.5,4.86,30,0.502,78.78,Second Round
CAND_4129EF,38,16,UX Designer,PhD,HireVue,65.43,0.623,7,98.45,81.83,Confident,22.1,5.43,49,0.372,69.24,Second Round
CAND_5C15A3,38,17,UX Designer,PhD,Teams,60.02,0.641,8,100.0,100.0,Confident,8.86,3.35,32,0.348,66.42,Second Round
CAND_90BAF0,24,1,UX Designer,Bachelor's,HireVue,58.98,0.887,15,100.0,76.16,Confident,25.39,4.93,58,0.548,66.64,Hired
CAND_C7CF42,20,1,Product Manager,Master's,Google Meet,44.28,0.522,6,80.64,82.33,Neutral,18.51,3.98,28,0.352,62.31,Rejected
CAND_DE0D99,21,0,Marketing Analyst,PhD,Teams,64.95,0.714,6,100.0,100.0,Confident,4.98,3.25,45,0.497,73.98,Rejected
CAND_E69FD8,24,0,Product Manager,Master's,Zoom,71.56,0.856,12,90.32,56.81,Confident,26.31,5.05,22,0.32,89.12,Second Round
CAND_43FDAE,37,15,Data Scientist,Bachelor's,Google Meet,49.44,0.796,11,100.0,89.71,Confident,13.69,4.38,38,0.207,79.29,Rejected
CAND_19A9D5,31,4,Data Scientist,PhD,HireVue,57.13,0.604,5,100.0,,Confident,6.15,3.87,46,0.625,65.13,Rejected
CAND_ADF3CE,46,31,Marketing Analyst,Bachelor's,Google Meet,36.96,0.611,9,60.29,67.49,Neutral,38.24,5.16,55,0.197,47.5,Rejected
CAND_C767A9,45,26,UX Designer,Master's,Google Meet,81.78,,9,100.0,100.0,Confident,5.86,3.41,25,0.197,95.45,Hired
CAND_4C3DAC,29,5,Sales Executive,Bachelor's,Google Meet,45.65,0.63,6,100.0,100.0,Confident,4.57,4.27,51,0.319,51.49,Rejected
CAND_7D0E13,29,3,Software Engineer,Bachelor's,Teams,77.82,0.483,7,100.0,100.0,Confident,19.79,5.3,33,0.617,86.02,Hired
CAND_A00351,22,4,Marketing Analyst,Master's,Google Meet,30.62,0.399,9,84.04,75.22,Neutral,25.31,4.53,54,0.295,43.55,Rejected
CAND_7EC751,37,10,Marketing Analyst,PhD,HireVue,47.32,0.487,4,78.16,77.24,Confident,28.43,4.91,36,0.393,51.1,Rejected
CAND_7A4C66,22,0,Software Engineer,Bachelor's,HireVue,54.57,0.477,13,56.51,59.89,Confident,52.76,7.12,56,0.628,52.9,On Hold
CAND_C54D3B,20,0,HR Manager,Master's,HireVue,64.47,0.625,7,94.3,71.66,Confident,32.8,5.08,46,0.327,80.28,Second Round
CAND_3ED97E,24,0,UX Designer,Bachelor's,HireVue,42.3,0.678,7,100.0,61.43,Neutral,4.38,4.12,48,0.751,57.88,Rejected
CAND_E132B2,37,11,Sales Executive,Bachelor's,HireVue,52.46,0.527,12,100.0,100.0,Confident,7.72,4.52,56,0.601,68.94,Hired
CAND_FA6016,25,6,Sales Executive,Associate,Teams,,0.897,10,98.32,100.0,Confident,15.61,4.32,56,0.482,68.08,Rejected
CAND_98B030,42,16,Marketing Analyst,PhD,HireVue,51.92,0.825,8,100.0,,Confident,13.95,4.08,41,0.358,60.36,Rejected
CAND_9A6B2A,38,17,Business Analyst,PhD,HireVue,46.81,0.741,13,77.68,79.57,Confident,55.97,6.71,50,0.647,56.45,Rejected
CAND_299DF6,31,9,Data Scientist,PhD,HireVue,52.81,0.612,12,82.06,,Neutral,12.64,3.5,56,0.517,59.63,On Hold
CAND_6B3C43,45,24,Marketing Analyst,PhD,Teams,70.8,0.621,10,76.56,68.95,Confident,52.62,6.13,51,0.63,72.96,Hired
CAND_6E07E2,30,10,Data Scientist,PhD,Zoom,52.62,0.775,13,100.0,82.93,Confident,4.99,3.82,51,0.261,68.69,Second Round
CAND_AA06E1,29,7,HR Manager,Associate,Teams,50.48,0.667,10,94.67,95.47,Confident,14.84,4.13,43,0.331,61.93,Rejected
CAND_6169E3,32,11,Sales Executive,Associate,Zoom,38.03,,11,89.15,82.45,Confident,10.77,4.17,55,0.314,48.97,Rejected
CAND_480392,21,0,HR Manager,Associate,Google Meet,66.51,0.891,5,100.0,52.8,Confident,4.27,4.33,58,0.465,72.06,Rejected
CAND_41CCB8,20,0,Data Scientist,Associate,Zoom,46.85,0.721,13,100.0,,Confident,11.97,5.64,51,0.287,59.55,Rejected
CAND_BDBABE,26,0,Business Analyst,Bachelor's,HireVue,83.28,0.95,5,65.08,41.37,Neutral,43.82,5.89,41,0.405,73.81,Second Round
CAND_E60E0B,20,0,Data Scientist,Bachelor's,HireVue,78.7,0.599,4,96.23,87.58,Confident,23.39,4.15,44,0.422,88.56,Hired
CAND_F26C9A,24,0,Software Engineer,Bachelor's,Teams,,0.692,8,96.04,86.85,Neutral,21.17,4.31,47,0.707,69.37,Rejected
CAND_D232AA,20,0,Software Engineer,Master's,Teams,69.04,0.745,9,100.0,100.0,Confident,17.97,5.73,45,0.411,69.26,Rejected
CAND_482D49,41,18,HR Manager,Associate,Teams,81.57,0.49,6,100.0,64.45,Confident,8.92,3.97,41,0.442,83.62,Second Round
CAND_179634,23,3,Marketing Analyst,PhD,HireVue,49.58,0.712,5,100.0,73.33,Confident,18.12,4.31,41,0.575,59.76,Rejected
CAND_2534B7,31,5,Data Scientist,Bachelor's,HireVue,43.37,0.334,11,88.17,75.36,Confident,28.99,,25,0.341,61.69,Rejected
CAND_8DF8D8,40,24,Software Engineer,PhD,Zoom,30.45,0.737,11,100.0,91.9,Confident,6.96,4.63,55,0.683,49.1,Rejected
CAND_0DB70A,35,11,Data Scientist,PhD,Zoom,16.9,0.688,14,79.96,71.27,Neutral,21.13,4.8,49,0.628,47.26,Rejected
CAND_61DFE9,22,0,HR Manager,PhD,HireVue,40.06,0.652,14,93.97,99.0,Neutral,9.0,4.02,49,0.429,56.66,Rejected
CAND_DA8CD7,30,9,UX Designer,Master's,HireVue,67.33,0.577,6,100.0,,Confident,26.89,4.37,47,0.779,67.79,Second Round
CAND_C7DB3E,23,0,HR Manager,PhD,HireVue,65.85,0.38,13,100.0,100.0,Confident,14.76,4.53,47,0.589,71.01,Rejected
CAND_35230F,32,7,Product Manager,Master's,Zoom,73.09,0.757,10,80.48,79.87,Confident,17.91,4.98,56,0.501,67.38,Rejected
CAND_5C2828,44,21,Product Manager,Associate,HireVue,70.78,0.745,5,95.39,77.5,Confident,29.72,5.07,46,0.548,84.81,Hired
CAND_23113D,25,5,Product Manager,Associate,HireVue,75.07,0.665,5,93.91,95.64,Confident,9.77,3.69,20,0.18,92.56,Hired
CAND_680583,26,3,HR Manager,Master's,HireVue,62.92,0.412,6,83.75,86.76,Confident,28.29,4.72,40,0.564,70.39,Rejected
CAND_8F1345,45,22,Sales Executive,Associate,Google Meet,52.42,0.261,9,100.0,100.0,Confident,6.98,5.21,42,0.372,78.53,Rejected
CAND_AD02E1,29,9,Software Engineer,Associate,Teams,82.5,0.657,8,100.0,63.8,Confident,12.03,3.61,35,0.354,80.6,Second Round
CAND_A4C761,21,0,HR Manager,PhD,Zoom,47.14,0.497,11,93.34,98.86,Confident,12.89,,33,0.518,65.47,Second Round
CAND_5017BD,26,2,Business Analyst,Bachelor's,HireVue,71.83,0.491,12,100.0,52.76,Confident,5.8,3.98,50,0.341,86.95,Hired
CAND_76549F,23,0,Marketing Analyst,Associate,Zoom,43.69,0.436,9,100.0,100.0,Confident,9.17,3.87,50,0.534,59.5,On Hold
CAND_36E31A,26,2,Data Scientist,Master's,HireVue,52.22,0.553,15,98.63,84.93,Confident,14.63,4.37,44,0.39,71.67,Rejected
CAND_521D0B,48,29,Data Scientist,PhD,Zoom,85.13,0.724,7,87.79,90.24,Confident,27.82,5.71,53,0.399,80.31,Rejected
CAND_B272A6,20,1,Software Engineer,Associate,HireVue,75.1,0.761,6,100.0,86.49,Confident,22.8,4.48,38,0.758,89.03,Hired
CAND_91CE53,20,0,Business Analyst,Associate,Google Meet,71.46,0.524,9,89.0,50.32,Confident,19.92,4.41,37,0.332,78.1,Second Round
CAND_A8778E,30,6,Marketing Analyst,Master's,Zoom,60.35,0.524,11,78.78,81.53,Confident,26.45,5.0,23,0.539,63.7,Rejected
CAND_CCEB07,20,0,Marketing Analyst,PhD,Zoom,70.98,0.683,6,83.39,,Confident,27.22,4.43,53,0.458,83.05,Rejected
CAND_1201DF,26,10,Product Manager,Bachelor's,Google Meet,87.76,0.584,3,100.0,70.01,Confident,5.22,4.21,48,0.168,82.2,Rejected
CAND_DE7738,20,0,Software Engineer,PhD,HireVue,53.21,0.575,11,100.0,87.68,Confident,7.18,4.19,38,0.856,67.11,Rejected
CAND_D52A24,23,1,Marketing Analyst,PhD,Teams,46.98,0.68,7,74.41,50.49,Neutral,39.61,5.72,32,0.533,48.65,Rejected
CAND_57610A,52,31,Marketing Analyst,Bachelor's,Zoom,64.6,0.709,9,76.27,77.73,Neutral,33.97,,50,0.352,64.8,Rejected
CAND_0989E5,38,13,Product Manager,Associate,Google Meet,36.27,0.722,8,90.19,100.0,Confident,19.6,5.2,49,0.375,46.75,Rejected
CAND_F6312A,29,10,UX Designer,Associate,Teams,,0.392,18,71.32,48.87,Neutral,53.4,5.56,44,0.771,41.23,Rejected
CAND_A27ABC,21,0,Business Analyst,Bachelor's,Teams,,0.557,5,100.0,68.07,Confident,5.56,3.74,45,0.512,65.18,Hired
CAND_FB9B94,32,5,Sales Executive,Associate,HireVue,36.66,0.617,17,76.5,74.53,Confident,27.12,4.63,40,0.539,46.36,Rejected
CAND_993BA7,36,14,Product Manager,Master's,Google Meet,54.84,,6,84.22,97.04,Neutral,28.29,4.36,48,0.669,64.19,Rejected
CAND_C6AD0B,20,0,Data Scientist,Bachelor's,Teams,52.15,0.619,6,100.0,100.0,Confident,11.41,,40,0.252,68.26,Second Round
CAND_2F71B0,30,7,Sales Executive,Master's,HireVue,75.71,,11,100.0,90.0,Confident,8.83,4.27,35,0.488,85.15,Hired
CAND_E55BCA,35,12,Marketing Analyst,Master's,HireVue,61.63,0.745,8,97.5,100.0,Confident,17.55,4.38,35,0.608,85.89,Hired
CAND_3E45C2,33,13,Business Analyst,Bachelor's,Zoom,29.8,0.469,9,100.0,100.0,Confident,,4.98,48,0.299,61.23,Rejected
CAND_A30486,56,35,HR Manager,PhD,Google Meet,34.91,0.468,11,82.49,80.78,Neutral,24.64,4.37,47,0.318,47.94,Rejected
CAND_EA0F57,28,8,Marketing Analyst,Associate,HireVue,72.48,0.58,5,100.0,100.0,Confident,,5.95,46,0.679,94.85,Hired
CAND_13DD3F,37,17,UX Designer,PhD,Teams,45.09,0.926,9,68.46,58.88,Neutral,38.2,5.1,40,0.761,51.81,Rejected
CAND_F67034,37,8,Software Engineer,Bachelor's,Zoom,35.17,0.676,15,94.18,81.77,Confident,26.21,5.1,47,0.371,53.7,On Hold
CAND_EA427E,25,0,Sales Executive,PhD,Teams,50.7,0.651,10,69.72,73.25,Neutral,42.02,5.35,48,0.778,55.16,Rejected
CAND_6A0269,25,2,UX Designer,Bachelor's,Zoom,52.54,0.478,5,83.96,83.38,Confident,28.27,4.85,29,0.491,67.43,Second Round
CAND_782F1C,39,21,UX Designer,Bachelor's,Zoom,63.89,0.733,8,97.88,85.57,Confident,34.24,5.03,33,0.453,71.78,Hired
CAND_6981C7,41,20,HR Manager,Master's,Zoom,48.26,0.688,8,73.97,39.64,Confident,47.41,6.26,40,0.59,46.09,Rejected
CAND_0D4FC6,30,7,Marketing Analyst,Associate,Zoom,71.54,0.665,5,67.07,54.21,Neutral,54.65,6.1,38,0.183,71.29,Second Round
CAND_62E39C,22,0,HR Manager,PhD,Google Meet,69.65,0.678,7,100.0,73.1,Confident,4.98,4.56,51,0.717,83.56,Second Round
CAND_48304A,45,19,Marketing Analyst,Bachelor's,HireVue,56.61,0.754,12,100.0,86.36,Confident,4.69,3.79,39,0.439,73.33,Hired
CAND_CC771F,21,0,Marketing Analyst,PhD,Teams,33.28,0.559,10,89.64,66.81,Confident,15.64,4.44,48,0.535,49.91,Rejected
CAND_DC4E4C,37,16,UX Designer,Associate,Teams,76.38,0.55,6,100.0,69.05,Confident,15.83,4.5,51,0.47,80.85,Second Round
CAND_5C19F0,41,21,Product Manager,Associate,Teams,60.61,0.407,13,83.97,79.45,Neutral,25.91,4.2,67,0.647,68.42,Hired
CAND_4E1DE9,30,6,Sales Executive,PhD,Zoom,58.12,0.606,5,100.0,,Neutral,8.16,3.95,40,0.519,73.75,Hired
CAND_87DC10,29,6,Marketing Analyst,Associate,Zoom,74.32,0.37,4,100.0,100.0,Confident,8.85,3.72,35,0.4,91.28,Second Round
CAND_E7BF9F,28,6,Software Engineer,Bachelor's,HireVue,42.25,0.537,15,90.52,65.05,Confident,8.75,3.54,54,0.531,55.38,Rejected
CAND_F6012D,29,11,Business Analyst,Associate,Zoom,76.68,0.615,8,100.0,100.0,Confident,21.73,4.37,58,0.318,84.01,Rejected
CAND_9F5F31,37,15,Sales Executive,Associate,HireVue,45.6,0.534,9,100.0,98.79,Confident,3.08,3.78,46,0.535,61.9,Rejected
CAND_8AEF71,20,0,Data Scientist,Master's,Zoom,42.24,0.514,12,71.17,75.97,Confident,,3.66,47,0.487,54.17,Rejected
CAND_CB190E,32,5,Sales Executive,Bachelor's,Google Meet,,0.428,9,100.0,90.42,Confident,12.81,4.21,22,0.233,70.04,Rejected
CAND_C5E811,25,5,Software Engineer,Bachelor's,Google Meet,33.24,0.731,14,91.25,74.69,Confident,6.61,3.45,50,0.892,52.11,Rejected
CAND_5DF091,25,1,Data Scientist,Associate,Google Meet,50.21,0.779,10,55.72,73.06,Slouched,39.25,6.35,47,0.437,52.15,Rejected
CAND_1AB607,20,0,Software Engineer,Associate,Teams,63.69,0.85,14,100.0,85.58,Confident,3.93,4.04,45,0.581,77.58,Hired
CAND_BCF933,26,4,Data Scientist,PhD,HireVue,57.75,0.95,12,100.0,72.08,Confident,6.95,,33,0.525,63.73,Rejected
CAND_D28901,34,13,UX Designer,Master's,Zoom,44.41,0.645,16,74.66,87.57,Neutral,54.31,5.89,61,0.745,52.4,Rejected
CAND_2B9610,33,14,UX Designer,Associate,HireVue,60.06,0.542,5,100.0,83.13,Confident,8.19,3.77,37,0.636,68.95,Rejected
CAND_E51E4E,32,9,Marketing Analyst,Associate,HireVue,51.92,0.495,9,100.0,89.09,Confident,23.67,4.33,42,0.361,66.81,Rejected
CAND_30C56C,20,0,Business Analyst,Bachelor's,Google Meet,86.89,0.704,4,100.0,100.0,Confident,31.22,6.13,42,0.317,87.44,Second Round
CAND_E308E3,37,14,Data Scientist,Master's,HireVue,38.74,0.744,12,100.0,,Confident,9.19,3.88,46,0.571,54.57,On Hold
CAND_665EB6,29,2,Product Manager,Master's,Zoom,56.22,0.902,4,100.0,76.12,Confident,2.15,3.36,37,0.524,59.61,Rejected
CAND_FF4EAE,26,0,Software Engineer,Associate,Zoom,59.87,0.623,5,94.8,80.77,Confident,18.57,4.68,60,0.709,56.57,Rejected
CAND_884762,42,20,Software Engineer,Master's,Zoom,62.24,0.206,4,81.26,63.26,Confident,28.01,4.45,34,0.176,62.57,Rejected
CAND_03A691,41,18,Sales Executive,Master's,Zoom,78.4,0.514,8,86.57,70.05,Confident,24.38,4.78,38,0.149,78.47,Hired
CAND_1EBE63,28,7,Data Scientist,Associate,Teams,77.13,0.565,6,63.6,58.47,Slouched,32.07,6.32,41,0.629,78.99,Hired
CAND_18F5F1,41,20,Business Analyst,Associate,Google Meet,59.84,0.349,8,61.6,57.18,Slouched,36.77,5.53,28,0.616,59.85,Rejected
CAND_11E137,29,1,Product Manager,PhD,Teams,61.03,0.695,8,83.46,78.43,Neutral,20.43,4.54,31,0.708,66.75,Rejected
CAND_C74886,32,8,Business Analyst,Bachelor's,Zoom,85.59,0.407,10,92.7,95.18,Confident,25.27,4.45,48,0.31,90.16,Hired
CAND_B1C6B2,26,4,Product Manager,PhD,Teams,41.98,0.59,8,63.72,51.43,Neutral,33.5,4.78,48,0.486,51.59,Rejected
CAND_5FA213,23,3,Software Engineer,Master's,Zoom,87.88,0.45,5,100.0,100.0,Confident,25.53,,53,0.823,94.22,Hired
CAND_AB1769,22,0,HR Manager,Master's,Zoom,51.98,0.578,12,71.2,53.63,Neutral,34.1,4.89,57,0.729,63.87,Rejected
CAND_264045,28,8,Software Engineer,Bachelor's,Teams,78.69,0.461,7,100.0,73.06,Confident,13.22,4.62,43,0.431,77.81,Hired
CAND_160F44,37,17,Marketing Analyst,Associate,HireVue,51.34,0.714,7,100.0,77.23,Confident,9.73,,49,0.516,56.46,Rejected
CAND_077469,23,1,Product Manager,PhD,HireVue,54.47,0.699,9,100.0,,Confident,7.31,3.98,50,0.426,65.85,Hired
CAND_D7A3E5,35,13,Software Engineer,Master's,HireVue,72.17,0.641,4,100.0,63.98,Confident,13.01,3.66,38,0.451,94.61,Hired
CAND_2DC055,30,4,Marketing Analyst,PhD,HireVue,59.17,0.456,6,81.31,,Confident,17.85,4.89,53,0.431,60.88,On Hold
CAND_FF4D68,33,10,Data Scientist,PhD,Teams,148.43,0.658,0,96.88,100.0,Neutral,26.58,,52,0.514,97.86,Hired
CAND_F7FDD9,42,20,UX Designer,PhD,Zoom,45.58,,11,97.75,99.52,Confident,19.28,5.68,44,0.499,61.59,Rejected
CAND_FF6CFB,29,6,Sales Executive,Associate,Teams,26.69,0.569,13,87.24,80.02,Confident,,4.88,53,0.326,39.89,Rejected
CAND_D22E70,28,12,Software Engineer,PhD,Google Meet,,0.556,10,100.0,66.07,Confident,20.45,4.2,51,0.624,70.01,Hired
CAND_9C3B09,36,16,Business Analyst,Associate,Zoom,67.16,0.943,9,98.55,75.99,Confident,18.69,4.84,38,0.78,67.6,Second Round
CAND_B7B024,28,6,Product Manager,Master's,Zoom,61.55,0.43,9,100.0,100.0,Confident,19.12,4.74,42,0.561,77.85,Hired
CAND_E52E8B,35,15,Data Scientist,Master's,HireVue,57.74,0.418,7,100.0,100.0,Confident,,4.94,52,0.095,70.14,Hired
CAND_BA6A95,29,6,HR Manager,Master's,Google Meet,58.23,0.386,13,100.0,100.0,Confident,20.89,4.78,38,0.521,78.99,Second Round
CAND_B87EF5,20,2,Business Analyst,Master's,Zoom,57.83,0.719,3,100.0,92.83,Confident,2.08,3.55,45,0.767,77.29,Hired
CAND_8D99F1,34,12,UX Designer,Associate,Teams,67.69,0.487,5,74.5,63.18,Neutral,32.05,6.04,33,0.229,69.15,Second Round
CAND_89F6DD,28,6,Sales Executive,Bachelor's,HireVue,64.43,0.794,9,100.0,90.8,Confident,17.42,4.92,25,0.452,76.65,Rejected
CAND_906AE8,23,4,Sales Executive,Master's,HireVue,60.5,0.394,15,89.7,93.43,Neutral,24.98,4.67,39,0.218,66.27,Rejected
CAND_5C4956,28,7,UX Designer,PhD,Google Meet,55.06,0.497,7,95.82,100.0,Confident,20.97,4.25,65,0.672,58.68,Rejected
CAND_D21132,34,12,Software Engineer,PhD,Teams,70.57,0.754,9,100.0,99.32,Confident,17.5,4.47,55,0.581,93.32,Hired
CAND_FA509F,34,12,HR Manager,Master's,Google Meet,86.85,0.664,11,100.0,100.0,Confident,8.79,3.89,51,0.344,90.82,Hired
CAND_20C756,28,5,Product Manager,Master's,Teams,73.54,0.326,9,100.0,43.27,Confident,6.68,4.61,42,0.66,85.67,Hired
CAND_858780,29,7,Sales Executive,Master's,HireVue,64.3,0.819,7,99.68,,Confident,22.2,4.25,28,0.187,86.88,Hired
CAND_9AB710,40,17,HR Manager,Master's,Teams,88.09,0.323,9,100.0,100.0,Confident,12.75,3.93,40,0.52,92.13,Hired
CAND_A5EB8A,20,0,UX Designer,Master's,Zoom,85.39,0.771,7,100.0,79.61,Confident,11.96,4.35,38,0.53,71.3,Rejected
CAND_0854A3,26,3,Sales Executive,Bachelor's,HireVue,50.46,0.39,11,100.0,80.1,Confident,3.27,,32,0.397,55.92,On Hold
CAND_60035C,32,3,Data Scientist,Associate,HireVue,52.11,0.838,8,94.45,100.0,Confident,6.94,4.06,45,0.389,65.64,Second Round
CAND_227730,28,6,Software Engineer,Associate,Teams,58.02,0.334,12,83.02,75.98,Neutral,9.42,4.11,47,0.515,74.91,Rejected
CAND_0B56A7,29,4,UX Designer,Bachelor's,Zoom,65.84,0.842,9,98.06,60.58,Confident,13.04,4.34,39,0.268,70.03,Second Round
CAND_5F20B5,24,5,Sales Executive,Bachelor's,HireVue,39.89,0.606,17,95.05,49.96,Confident,,4.53,50,0.391,64.95,Rejected
CAND_9B47BE,46,26,HR Manager,Master's,Google Meet,59.41,0.877,9,83.29,80.92,Confident,30.62,4.77,60,0.604,62.06,Rejected
CAND_E3392D,31,3,Software Engineer,Bachelor's,HireVue,57.07,0.39,5,100.0,88.03,Confident,8.08,3.49,59,0.562,69.28,Rejected
CAND_8E4A64,29,9,Software Engineer,PhD,HireVue,59.55,0.717,6,100.0,62.27,Neutral,9.72,3.85,42,0.085,75.15,Second Round
CAND_018344,20,0,UX Designer,Bachelor's,Google Meet,36.96,0.566,10,100.0,94.38,Confident,,3.92,31,0.647,49.33,Rejected
CAND_6381F3,26,2,Business Analyst,Bachelor's,Zoom,65.13,0.606,5,100.0,100.0,Confident,20.57,4.82,36,0.373,89.0,Second Round
CAND_8E12E2,42,23,Software Engineer,PhD,Google Meet,71.25,0.533,7,58.86,57.78,Neutral,40.48,5.73,58,0.575,78.95,Second Round
CAND_EB570E,28,7,Data Scientist,Master's,Teams,44.17,0.566,12,100.0,85.32,Confident,30.92,,37,0.09,57.84,Rejected
CAND_8164D7,35,11,Data Scientist,Associate,Teams,61.94,0.559,6,100.0,79.69,Confident,5.64,3.7,40,0.17,67.24,Hired
CAND_5FEE2B,21,0,Business Analyst,PhD,Google Meet,77.41,0.554,4,100.0,88.93,Confident,0.97,,26,0.567,86.37,Hired
CAND_B4F3CF,35,11,Marketing Analyst,Bachelor's,Zoom,79.87,0.324,3,95.96,100.0,Confident,11.32,4.21,55,0.989,72.62,Second Round
CAND_41C73C,35,14,Sales Executive,Bachelor's,HireVue,72.75,0.811,6,87.17,68.95,Neutral,23.32,5.11,48,0.474,70.86,Second Round
CAND_F42A00,28,10,Marketing Analyst,Associate,Google Meet,,0.522,8,100.0,85.15,Neutral,3.32,3.48,20,0.515,81.79,Rejected
CAND_5DB055,38,16,Data Scientist,Master's,HireVue,43.41,0.242,8,96.57,100.0,Confident,20.59,4.48,35,0.495,59.23,Rejected
CAND_6DB7A8,37,11,Product Manager,PhD,Zoom,49.88,0.607,10,73.02,74.79,Neutral,19.92,4.22,39,0.564,70.44,Second Round
CAND_0AFB39,38,16,Product Manager,Associate,Teams,66.21,0.744,9,100.0,85.19,Confident,13.41,3.58,36,0.38,63.48,Rejected
CAND_761D95,30,7,Software Engineer,PhD,HireVue,40.04,0.417,7,87.18,50.67,Confident,34.77,5.6,55,0.602,55.84,Rejected
CAND_1B5CFC,45,24,Product Manager,Associate,Google Meet,79.16,,3,100.0,97.23,Confident,13.01,4.39,46,0.713,75.73,Rejected
CAND_FA7C6B,31,11,Software Engineer,PhD,Teams,54.21,0.82,10,96.55,100.0,Confident,9.43,4.0,46,0.119,61.51,Rejected
CAND_5CE83E,45,25,Business Analyst,Associate,Google Meet,59.38,0.811,10,84.53,70.43,Confident,44.56,5.53,46,0.475,84.34,Hired
CAND_A96F04,29,10,Sales Executive,Associate,HireVue,62.1,0.576,12,78.48,70.59,Confident,29.69,4.91,56,0.715,61.32,Rejected
CAND_AB7017,20,0,Marketing Analyst,Master's,Google Meet,54.73,0.752,15,100.0,82.97,Confident,2.39,3.82,51,0.476,72.7,Hired
CAND_EC3833,33,13,Marketing Analyst,Bachelor's,Teams,39.1,0.592,16,97.43,89.31,Confident,11.19,3.66,45,0.345,55.31,Rejected
CAND_5B0936,26,3,Product Manager,Master's,Google Meet,83.37,0.414,7,100.0,100.0,Confident,8.73,3.83,62,0.19,90.38,Hired
CAND_B7ED05,25,2,Product Manager,Master's,Teams,45.93,0.562,15,100.0,60.42,Confident,11.67,5.79,44,0.616,59.41,Rejected
CAND_27D72B,32,9,Product Manager,Associate,Google Meet,54.7,0.541,11,100.0,94.91,Neutral,6.04,3.31,57,0.497,69.15,Second Round
CAND_41DD07,31,13,Software Engineer,PhD,Google Meet,89.36,0.605,8,100.0,79.28,Confident,4.02,4.27,52,1.0,90.54,Hired
CAND_F59D4F,41,16,Product Manager,PhD,Zoom,66.13,0.712,9,100.0,100.0,Confident,16.74,4.43,40,0.24,72.95,Second Round
CAND_4DFE94,37,15,Sales Executive,Master's,HireVue,39.54,0.418,15,73.24,71.25,Neutral,25.55,5.4,52,0.558,56.28,Rejected
CAND_CD6978,20,0,Software Engineer,PhD,Google Meet,58.44,0.436,8,100.0,87.72,Confident,11.37,3.91,48,0.244,79.22,Hired
CAND_13CB5B,22,0,Product Manager,Associate,Google Meet,26.62,0.596,14,78.68,86.47,Confident,,4.24,45,0.589,37.27,Rejected
CAND_D869C0,30,12,Sales Executive,Bachelor's,Teams,71.03,0.514,4,87.6,69.81,Confident,41.97,5.26,40,0.419,69.99,Rejected
CAND_8CEAC3,32,9,Software Engineer,Associate,Teams,78.21,0.589,10,100.0,95.89,Confident,21.13,4.15,51,0.296,95.35,Hired
CAND_14A3FD,24,0,Software Engineer,Master's,Teams,43.36,0.589,11,66.3,70.11,Neutral,34.29,4.98,57,0.394,55.27,On Hold
CAND_340555,24,0,UX Designer,Bachelor's,Zoom,72.91,0.273,8,99.31,100.0,Confident,,4.48,45,0.615,86.35,Hired
CAND_05DCE9,25,0,Data Scientist,Associate,Teams,74.86,0.604,13,100.0,98.55,Confident,8.94,3.86,49,0.344,84.04,Second Round
CAND_F57C22,20,0,Software Engineer,PhD,HireVue,74.98,0.326,7,100.0,100.0,Confident,20.16,4.21,48,0.488,87.67,Hired
CAND_958EBF,48,30,Business Analyst,Associate,Google Meet,65.8,0.927,9,100.0,,Confident,26.96,4.48,39,0.839,62.8,Rejected
CAND_BDAD1E,22,0,Sales Executive,Bachelor's,Teams,166.56,0.68,0,100.0,91.91,Confident,2.33,3.18,52,0.424,100.0,Hired
CAND_863F84,41,19,HR Manager,Associate,Google Meet,55.09,0.659,6,72.02,52.82,Neutral,40.73,6.81,41,0.792,70.92,Second Round
CAND_FC6016,26,1,HR Manager,Associate,Teams,38.14,0.863,10,82.27,59.04,Neutral,26.82,4.29,63,0.029,47.9,Rejected
CAND_85BA36,31,6,Data Scientist,Master's,Teams,60.94,0.592,8,100.0,81.57,Confident,11.83,4.91,47,0.141,84.7,Rejected
CAND_2DABA0,26,6,Business Analyst,Bachelor's,HireVue,51.91,0.507,13,62.66,44.77,Neutral,62.5,7.16,51,0.589,50.28,Rejected
CAND_A248B1,20,0,Marketing Analyst,Associate,Teams,34.22,0.633,9,84.86,78.24,Confident,14.15,4.94,61,0.926,55.91,Rejected
CAND_8B5D29,31,8,Product Manager,Master's,Teams,59.75,0.835,12,100.0,96.44,Confident,11.36,3.64,46,0.521,67.29,Rejected
CAND_7DF674,25,3,Sales Executive,Bachelor's,Google Meet,82.48,0.221,5,100.0,80.34,Confident,9.89,4.1,43,0.427,93.23,Hired
CAND_6487E0,24,2,Sales Executive,Associate,Teams,91.69,0.606,7,100.0,84.07,Confident,7.31,4.12,33,0.132,84.5,Second Round
CAND_8F0533,35,11,Sales Executive,Bachelor's,Google Meet,209.72,0.534,0,85.32,,Confident,31.73,7.12,60,0.627,100.0,Hired
CAND_53A611,38,20,UX Designer,Bachelor's,Zoom,70.5,0.591,5,81.07,62.8,Neutral,39.96,5.3,49,0.441,77.23,Second Round
CAND_70180E,24,3,Data Scientist,PhD,HireVue,81.29,0.66,8,85.2,65.38,Neutral,35.99,,26,0.461,76.2,Second Round
CAND_83E13A,21,0,Sales Executive,Bachelor's,Google Meet,61.6,0.503,5,73.71,,Neutral,40.35,5.94,58,0.321,72.2,Second Round
CAND_54F6A1,25,0,Marketing Analyst,Master's,Zoom,71.65,0.645,8,77.81,63.21,Neutral,,,53,0.168,61.61,Rejected
CAND_814756,28,4,Product Manager,PhD,Teams,67.68,0.376,8,100.0,96.79,Confident,4.02,3.07,41,0.672,80.06,Second Round
CAND_988524,20,0,HR Manager,PhD,Zoom,74.44,0.594,14,76.36,75.52,Confident,35.23,,56,0.019,77.33,Second Round
CAND_F1A6E6,39,11,Data Scientist,Master's,Teams,42.92,0.262,9,100.0,58.41,Confident,17.15,,46,0.435,49.36,Rejected
CAND_F34E44,20,0,Product Manager,PhD,Google Meet,67.63,0.592,10,87.7,95.2,Confident,49.73,5.42,57,0.755,71.23,Rejected
CAND_76611E,36,9,Marketing Analyst,PhD,Google Meet,73.38,0.469,5,89.91,,Confident,25.59,4.76,42,0.434,73.58,Rejected
CAND_B3BE78,40,11,Product Manager,Bachelor's,Teams,44.95,0.635,6,85.71,80.96,Confident,25.61,4.36,49,0.542,54.96,Rejected
CAND_0E6EA4,26,2,Sales Executive,Associate,Google Meet,46.6,0.402,11,87.73,78.17,Confident,19.14,,44,0.932,56.3,Rejected
CAND_96E10E,28,3,Data Scientist,Master's,Teams,51.3,0.796,7,95.91,70.79,Confident,24.44,,33,0.826,67.52,Hired
CAND_DE912B,39,16,Data Scientist,Associate,HireVue,55.93,0.63,3,78.41,50.26,Confident,31.08,5.08,45,0.085,58.43,Rejected
CAND_4C206E,35,9,Product Manager,Bachelor's,HireVue,62.01,,11,80.28,83.55,Neutral,33.1,5.19,55,0.668,72.23,Hired
CAND_285BC4,31,12,Business Analyst,Master's,HireVue,71.94,0.539,13,100.0,68.03,Confident,14.68,4.35,43,0.346,80.16,Rejected
CAND_D02BD2,23,0,Business Analyst,Master's,Google Meet,77.31,0.694,5,100.0,100.0,Confident,3.0,3.7,50,0.337,80.51,Rejected
CAND_17899B,31,8,Product Manager,Master's,Teams,30.16,0.667,8,95.46,100.0,Confident,15.56,4.36,41,0.416,68.06,Hired
CAND_44CA62,38,12,Data Scientist,Associate,Zoom,90.72,0.642,7,91.09,72.58,Confident,24.83,5.41,29,0.427,94.16,Hired
CAND_3D073A,25,1,HR Manager,Bachelor's,Teams,51.66,0.778,10,96.95,86.0,Confident,25.28,4.26,32,0.151,67.83,Second Round
CAND_B580DE,45,22,Software Engineer,Associate,Zoom,76.95,0.516,7,92.35,84.62,Confident,22.76,5.4,43,0.669,81.95,Rejected
CAND_C2DB5A,30,2,Marketing Analyst,Bachelor's,Zoom,43.57,0.405,11,100.0,100.0,Confident,8.17,3.65,41,0.418,53.18,On Hold
CAND_AD4635,27,5,UX Designer,Master's,Teams,57.89,0.582,5,100.0,100.0,Confident,12.0,3.53,45,0.123,71.15,Rejected
CAND_6E78FF,31,5,Product Manager,PhD,Google Meet,,0.554,15,86.64,70.86,Neutral,26.42,5.14,56,0.84,46.42,On Hold
CAND_A1D75F,26,5,UX Designer,Bachelor's,Zoom,51.41,0.666,6,97.55,100.0,Confident,24.26,4.05,36,0.342,58.47,Rejected
CAND_971DFC,35,8,UX Designer,Master's,Google Meet,55.04,0.682,4,75.04,78.04,Slouched,27.66,4.86,57,0.75,55.69,Rejected
CAND_88EF98,26,4,Software Engineer,Bachelor's,Teams,54.71,0.786,9,94.5,65.48,Confident,23.96,4.5,54,0.657,63.64,Rejected
CAND_CB25E1,25,0,Sales Executive,PhD,Teams,50.29,0.568,13,97.85,84.56,Confident,12.22,3.97,28,0.407,53.28,Rejected
CAND_152BD3,20,0,Product Manager,PhD,HireVue,53.35,0.608,12,78.62,26.66,Confident,44.99,6.46,49,0.257,59.81,Rejected
CAND_31A696,25,5,HR Manager,Bachelor's,Google Meet,34.35,0.638,10,100.0,88.99,Confident,3.13,3.62,47,0.658,56.97,Rejected
CAND_EAFF9B,27,0,Product Manager,Associate,Google Meet,59.76,0.469,13,98.12,82.04,Confident,16.21,4.23,37,0.797,71.98,Hired
CAND_71F598,21,0,Software Engineer,Bachelor's,Google Meet,63.9,,10,100.0,70.24,Confident,10.13,3.88,54,0.742,74.78,Rejected
CAND_BE0D31,23,0,Sales Executive,PhD,HireVue,36.89,0.722,7,67.12,50.05,Neutral,35.66,5.26,42,0.592,50.08,Rejected
CAND_93875A,33,7,HR Manager,Master's,Zoom,,0.62,11,56.18,61.83,Slouched,50.02,8.25,44,0.795,60.17,Rejected
CAND_5F975C,22,0,Business Analyst,Master's,Zoom,59.12,0.601,10,100.0,99.53,Confident,25.71,4.47,36,0.516,75.19,Second Round
CAND_6D5B4F,34,12,Data Scientist,Associate,HireVue,49.4,0.529,6,98.89,91.77,Confident,5.72,,47,0.664,73.41,Second Round
CAND_0199B6,35,20,Data Scientist,Bachelor's,Teams,66.87,0.45,6,100.0,70.65,Confident,19.07,4.85,42,0.0,78.68,Rejected
CAND_BC95D0,20,0,Data Scientist,Master's,Zoom,56.3,0.773,14,87.37,81.38,Confident,28.5,,44,0.496,63.44,Rejected
CAND_7CF2F2,25,2,UX Designer,Associate,Zoom,44.42,0.617,11,100.0,75.06,Confident,7.67,3.37,49,1.0,53.56,Rejected
CAND_F439D6,20,0,Sales Executive,PhD,Google Meet,46.11,0.719,6,74.69,69.18,Neutral,39.48,5.01,50,0.661,50.97,Rejected
CAND_E75EA5,41,20,HR Manager,PhD,HireVue,55.06,0.647,8,100.0,75.52,Confident,,5.16,42,0.507,62.91,Rejected
CAND_283FB1,20,0,Sales Executive,PhD,Teams,41.15,0.577,10,91.86,,Neutral,11.42,3.54,39,0.465,62.34,Rejected
CAND_F33B38,30,10,Data Scientist,PhD,HireVue,60.56,0.95,7,84.85,86.08,Confident,24.47,4.35,58,0.522,69.88,Hired
CAND_17271B,30,8,Product Manager,Bachelor's,Zoom,57.91,0.595,9,90.13,75.68,Confident,7.4,3.31,46,0.41,58.23,Rejected
CAND_4EB48C,24,0,Sales Executive,Bachelor's,Teams,29.82,0.477,11,90.39,93.01,Confident,21.0,4.24,27,0.417,50.69,Rejected
CAND_E7E6B0,29,7,Product Manager,PhD,Zoom,50.14,0.501,9,83.1,83.73,Neutral,27.2,4.49,57,0.543,59.27,Rejected
CAND_93E777,32,4,Sales Executive,Associate,Teams,47.64,0.562,3,61.44,60.23,Slouched,47.75,7.32,41,0.417,48.31,Rejected
CAND_9285EB,37,13,Sales Executive,PhD,Google Meet,58.15,0.478,9,100.0,,Confident,16.09,3.94,47,0.512,76.07,Second Round
CAND_F59930,20,0,Software Engineer,Bachelor's,HireVue,89.65,0.847,10,100.0,67.36,Confident,18.33,4.6,39,0.364,85.43,Hired
CAND_14CB6E,37,12,HR Manager,Associate,Google Meet,68.21,0.431,5,75.42,68.8,Neutral,55.15,7.27,45,0.014,81.29,Hired
CAND_8C7ECB,20,0,Sales Executive,Bachelor's,Zoom,53.77,0.377,15,100.0,68.11,Confident,10.69,3.98,55,0.727,68.24,Second Round
CAND_3957CC,21,0,Marketing Analyst,Master's,HireVue,70.53,,8,99.89,61.58,Confident,34.99,4.88,45,0.581,76.25,Rejected
CAND_6E3A10,24,0,HR Manager,Associate,Zoom,54.64,0.596,6,80.19,53.09,Neutral,12.32,3.7,50,0.715,63.62,Rejected
CAND_8B3BAE,23,0,Sales Executive,Associate,Teams,78.13,0.818,6,100.0,100.0,Confident,9.77,3.64,37,0.576,79.38,Second Round
CAND_26F14D,20,0,Marketing Analyst,Associate,HireVue,58.4,0.695,7,100.0,71.98,Confident,26.9,4.36,32,0.63,65.07,Second Round
CAND_709A02,34,14,Marketing Analyst,PhD,Zoom,57.34,0.707,9,85.24,,Confident,30.69,4.95,37,0.484,60.77,Rejected
CAND_D8CAE4,39,14,Business Analyst,Bachelor's,Google Meet,161.58,0.501,0,79.17,85.49,Confident,32.69,4.82,37,0.927,98.8,Hired
CAND_9D2235,20,0,Business Analyst,Associate,Google Meet,88.48,0.618,4,100.0,,Confident,2.09,3.57,60,0.362,91.47,Hired
CAND_DB6D56,28,6,UX Designer,PhD,Zoom,66.24,0.666,12,100.0,100.0,Confident,7.62,4.3,44,0.318,58.15,Rejected
CAND_95E976,27,8,Marketing Analyst,Bachelor's,Google Meet,38.31,0.61,15,87.88,80.14,Confident,32.64,4.71,36,0.724,43.47,On Hold
CAND_7D282D,26,3,Software Engineer,Associate,HireVue,70.99,0.629,5,86.11,69.37,Neutral,41.93,6.23,71,0.834,89.1,Hired
CAND_DD9D69,29,0,Marketing Analyst,Bachelor's,HireVue,60.57,0.399,9,100.0,100.0,Confident,13.79,3.95,52,0.0,67.54,Second Round
CAND_D417B6,42,22,HR Manager,Associate,Google Meet,75.05,0.582,7,91.19,67.49,Confident,26.18,5.29,50,0.645,96.34,Hired
CAND_BAF611,26,1,Data Scientist,Master's,Google Meet,66.81,0.604,5,84.83,77.75,Confident,30.0,4.39,37,0.465,68.55,Second Round
CAND_FE6866,38,17,Business Analyst,Master's,Google Meet,35.62,,19,96.21,98.52,Neutral,13.28,4.0,66,0.298,56.25,Rejected
CAND_4C72AD,27,0,UX Designer,Associate,Zoom,64.32,0.424,15,100.0,72.54,Confident,22.4,4.89,31,0.578,67.21,Second Round
CAND_710D77,31,12,UX Designer,PhD,Google Meet,86.42,0.669,3,100.0,98.41,Neutral,31.27,5.56,41,0.534,75.41,Rejected
CAND_D6BC36,23,0,HR Manager,Master's,Zoom,58.54,0.777,10,100.0,100.0,Confident,13.56,4.43,46,0.911,65.71,Rejected
CAND_0936DB,23,5,Data Scientist,PhD,Google Meet,59.91,0.483,15,99.47,87.41,Confident,19.19,,31,0.49,69.28,Rejected
CAND_AB087C,28,2,Sales Executive,Associate,Teams,42.41,0.513,17,98.35,100.0,Confident,2.99,3.53,47,0.759,57.11,Rejected
CAND_BE6C4D,32,9,Marketing Analyst,PhD,HireVue,42.2,0.738,12,92.4,71.27,Confident,13.84,4.36,40,0.525,54.64,On Hold
CAND_712122,40,17,HR Manager,Associate,Google Meet,36.69,0.524,10,100.0,95.29,Confident,5.77,3.82,37,0.648,62.93,Rejected
CAND_B4584B,20,4,Product Manager,Bachelor's,Teams,48.85,0.751,12,95.3,100.0,Neutral,22.5,4.61,52,0.4,59.91,Rejected
CAND_129520,21,0,Sales Executive,PhD,HireVue,99.03,0.801,6,87.1,71.24,Slouched,14.97,4.68,54,0.606,81.64,Hired
CAND_B3D944,46,27,Software Engineer,Master's,Google Meet,58.71,0.646,8,100.0,74.63,Confident,21.35,4.62,25,0.256,69.26,Rejected
CAND_0E3148,20,0,Marketing Analyst,Associate,HireVue,67.19,0.783,8,81.41,93.73,Confident,22.94,5.39,44,0.722,62.25,Rejected
CAND_B7FCB8,31,10,UX Designer,Associate,Google Meet,69.01,0.52,6,100.0,100.0,Confident,17.33,4.5,44,0.594,84.4,Hired
CAND_D9BB24,27,2,Product Manager,PhD,Teams,63.44,0.466,7,98.98,89.8,Neutral,5.33,,31,0.348,73.62,Rejected
CAND_401970,47,23,UX Designer,Bachelor's,Teams,45.94,0.753,8,79.23,70.34,Neutral,22.1,5.35,53,0.597,62.91,Rejected
CAND_6650E6,20,0,Sales Executive,Associate,HireVue,63.19,0.655,11,87.43,72.48,Confident,23.23,4.84,34,0.277,71.99,Second Round
CAND_AE98E1,23,0,UX Designer,Master's,Google Meet,44.11,0.667,12,100.0,67.89,Confident,2.74,3.52,39,0.991,62.45,Rejected
CAND_CF51F4,30,2,Marketing Analyst,Master's,Zoom,69.39,0.473,7,100.0,85.65,Confident,0.96,,44,0.545,78.0,Second Round
CAND_B84F09,23,0,Software Engineer,Bachelor's,Zoom,72.22,0.692,2,100.0,100.0,Neutral,8.95,3.74,41,0.247,84.03,Second Round
CAND_C755B6,28,5,Data Scientist,Associate,Google Meet,54.16,0.661,7,76.46,47.68,Confident,48.2,6.98,35,0.434,48.2,Rejected
CAND_3A6EC3,34,13,HR Manager,Master's,Teams,62.63,0.544,17,100.0,91.29,Confident,4.44,3.89,58,0.788,66.96,Hired
CAND_1D0F47,29,2,Data Scientist,PhD,HireVue,41.11,0.487,11,100.0,100.0,Confident,22.84,4.17,61,0.604,60.99,Rejected
CAND_DE6142,20,0,Data Scientist,PhD,Google Meet,54.34,0.641,6,100.0,100.0,Confident,17.39,4.11,41,0.318,62.36,Rejected
CAND_3C67A9,49,24,HR Manager,Master's,HireVue,64.89,0.582,11,100.0,100.0,Confident,5.85,4.01,55,0.156,78.9,Rejected
CAND_034E63,35,14,Product Manager,Master's,Google Meet,59.65,0.665,7,100.0,88.9,Confident,6.68,,39,0.335,74.7,Hired
CAND_490F59,42,22,Software Engineer,Associate,Google Meet,47.22,0.766,10,100.0,85.62,Confident,7.27,3.94,41,0.626,54.65,Rejected
CAND_8D3F2B,28,3,HR Manager,Associate,Teams,45.48,0.433,11,98.96,82.43,Confident,23.96,4.63,41,0.066,52.67,Rejected
CAND_F36D03,29,9,Business Analyst,Associate,Google Meet,58.49,0.646,9,88.25,50.5,Confident,,4.63,54,0.624,68.43,Hired
CAND_802319,36,10,Software Engineer,Bachelor's,Teams,92.31,0.511,2,100.0,95.57,Confident,,5.52,43,0.469,96.53,Second Round
CAND_D2616C,36,19,Marketing Analyst,PhD,Zoom,44.33,0.49,9,93.15,70.44,Confident,20.79,4.74,47,0.367,66.27,Second Round
CAND_9D35FF,24,0,Sales Executive,Associate,Zoom,66.3,0.702,9,100.0,77.21,Confident,4.59,4.47,29,0.521,79.16,Hired
CAND_3BF5DF,26,3,Marketing Analyst,PhD,Zoom,51.86,,9,100.0,100.0,Confident,3.93,3.62,42,0.302,66.81,Second Round
CAND_6DD004,20,0,Marketing Analyst,Master's,Teams,50.45,0.624,9,59.41,53.36,Slouched,48.33,5.32,64,0.539,51.95,Rejected
CAND_CFE933,37,18,Business Analyst,Associate,Zoom,57.06,0.745,13,94.6,89.29,Confident,27.01,4.82,36,0.543,68.43,Rejected
CAND_94EF85,40,19,Sales Executive,Associate,HireVue,81.94,0.635,3,100.0,100.0,Confident,16.33,4.45,42,0.684,98.02,Second Round
CAND_460E13,22,0,HR Manager,Bachelor's,Teams,57.03,0.727,10,92.95,94.39,Neutral,14.67,4.75,31,0.414,70.03,Second Round
CAND_4DED05,44,24,Data Scientist,PhD,HireVue,51.3,0.468,8,100.0,,Confident,18.72,4.89,47,0.691,67.51,Rejected
CAND_6D4C17,29,1,Business Analyst,Associate,Zoom,84.55,0.604,7,70.64,50.7,Neutral,58.56,7.9,32,0.341,77.79,Rejected
CAND_14E4FC,25,0,Product Manager,Associate,Teams,62.89,,12,100.0,70.89,Confident,3.39,3.41,43,0.659,76.84,Rejected
CAND_CD65AC,20,0,Data Scientist,Bachelor's,Teams,191.22,0.722,0,95.72,86.39,Confident,24.22,5.42,44,0.684,100.0,Hired
CAND_1BF5B0,23,4,Product Manager,Associate,Google Meet,84.83,0.802,8,100.0,84.49,Confident,7.22,3.98,34,0.46,93.77,Hired
CAND_01D097,26,1,Product Manager,PhD,Teams,28.49,0.464,8,100.0,100.0,Confident,11.38,3.71,45,0.298,57.98,Rejected
CAND_1D8B41,30,9,Marketing Analyst,Master's,Zoom,36.38,0.683,14,68.7,53.33,Confident,40.43,5.74,43,0.676,43.76,Rejected
CAND_C1B319,37,13,HR Manager,Master's,Zoom,83.51,0.521,10,100.0,,Confident,,4.06,31,0.641,91.02,Hired
CAND_7B1F34,34,9,UX Designer,Bachelor's,HireVue,56.86,0.735,10,100.0,94.4,Confident,16.83,5.03,29,0.521,67.51,Rejected
CAND_421859,45,27,Product Manager,Bachelor's,HireVue,65.6,0.832,6,97.53,76.01,Confident,12.54,4.0,49,0.639,68.95,Rejected
CAND_4419AF,20,0,Marketing Analyst,Master's,Zoom,61.69,0.884,6,100.0,78.76,Confident,6.54,3.65,38,0.424,68.49,Rejected
CAND_572349,34,11,Data Scientist,Bachelor's,HireVue,63.31,,10,100.0,100.0,Confident,4.42,3.44,42,0.526,72.03,Hired
CAND_AFD287,20,0,Sales Executive,Bachelor's,Teams,33.21,0.487,6,100.0,90.88,Confident,4.93,4.36,44,0.093,57.54,Rejected
CAND_FFBFB3,22,3,Marketing Analyst,PhD,HireVue,70.59,0.59,10,86.45,46.84,Confident,26.75,5.51,40,0.534,80.62,Hired
CAND_75D747,20,0,UX Designer,Master's,Google Meet,53.72,,13,100.0,100.0,Confident,9.18,3.63,49,0.818,59.35,Rejected
CAND_B83BA1,37,13,Product Manager,Associate,Teams,46.11,0.603,11,92.28,68.6,Confident,25.13,4.35,38,0.92,61.6,Rejected
CAND_AC7577,40,20,Sales Executive,Master's,Google Meet,20.05,0.688,13,100.0,71.58,Confident,2.31,3.27,35,0.637,62.59,Rejected
CAND_1A9EAA,35,15,Sales Executive,Bachelor's,Zoom,63.6,0.599,7,100.0,66.57,Confident,13.22,3.95,32,0.179,72.3,Rejected
CAND_D7D24C,37,13,HR Manager,Master's,HireVue,53.3,0.335,7,58.43,66.79,Slouched,55.66,6.25,36,0.651,63.72,Rejected
CAND_83E197,20,0,Marketing Analyst,Bachelor's,Zoom,41.11,0.67,5,56.61,53.6,Slouched,40.7,5.74,37,0.644,47.85,Rejected
CAND_0B02D4,32,6,UX Designer,Associate,Google Meet,65.89,0.329,10,100.0,98.46,Confident,11.22,3.49,50,0.594,90.86,Second Round
CAND_F48D0A,25,2,Software Engineer,Bachelor's,Google Meet,60.77,0.671,10,98.25,63.76,Confident,16.77,4.33,23,0.543,71.72,Rejected
CAND_EC29ED,34,15,Marketing Analyst,Associate,Google Meet,51.38,0.698,6,87.55,79.15,Confident,26.55,4.51,46,0.361,70.21,Second Round
CAND_0E1999,24,0,Software Engineer,Master's,Google Meet,80.96,0.611,9,91.18,73.84,Confident,17.06,4.25,62,0.587,86.12,Hired
CAND_3EE62E,30,9,Business Analyst,Associate,Teams,65.13,0.559,9,95.23,100.0,Confident,28.61,5.29,33,0.406,69.88,Second Round
CAND_6A5BD4,37,13,HR Manager,Master's,Google Meet,43.82,0.776,13,81.24,87.81,Confident,31.86,9.39,42,0.407,45.9,Rejected
CAND_A55346,38,17,Product Manager,Associate,Google Meet,56.62,0.713,11,70.33,64.3,Slouched,41.24,5.42,44,0.51,61.23,On Hold
CAND_866F15,21,0,Marketing Analyst,PhD,Google Meet,72.23,0.537,3,100.0,100.0,Confident,17.39,4.15,53,0.574,74.31,Second Round
CAND_80311C,34,10,Product Manager,PhD,HireVue,49.29,0.519,16,100.0,92.56,Confident,17.54,3.67,59,0.176,72.86,Second Round
CAND_C583F4,32,12,Sales Executive,Bachelor's,Teams,48.81,0.877,11,100.0,95.27,Confident,3.66,3.94,58,0.685,53.68,Rejected
CAND_F0EEF7,29,4,Software Engineer,Associate,Google Meet,63.07,0.537,7,100.0,100.0,Confident,3.22,3.96,49,0.401,61.47,Rejected
CAND_AF93FB,50,29,Data Scientist,Associate,Zoom,84.27,0.52,5,100.0,100.0,Confident,16.46,,42,0.697,95.75,Hired
CAND_C1BE5F,30,12,Sales Executive,Associate,HireVue,77.78,0.581,4,100.0,81.97,Confident,18.59,3.99,44,0.252,73.1,Rejected
CAND_D5DC7D,40,19,Product Manager,Bachelor's,Google Meet,60.73,0.237,9,100.0,100.0,Neutral,32.34,4.59,35,0.369,80.75,Rejected
CAND_3CBAC3,32,12,Product Manager,Master's,Google Meet,57.08,0.576,11,71.68,53.34,Confident,25.55,4.87,51,0.254,60.24,Rejected
CAND_5C0A10,24,0,UX Designer,Bachelor's,Teams,,0.384,10,98.02,100.0,Confident,20.29,4.3,38,0.368,60.43,Rejected
CAND_B4F28E,25,1,Sales Executive,Bachelor's,Google Meet,49.79,0.313,4,100.0,100.0,Confident,3.75,3.6,55,0.567,53.32,On Hold
CAND_EFAC54,34,12,HR Manager,PhD,Zoom,24.32,0.526,10,95.33,100.0,Confident,22.29,4.46,47,0.428,54.64,Rejected
CAND_D1B9DC,28,3,Data Scientist,Associate,HireVue,82.35,0.563,7,92.75,96.94,Confident,24.62,4.2,59,0.557,86.75,Hired
CAND_6D34D1,28,0,Software Engineer,PhD,Zoom,64.78,0.419,8,97.88,100.0,Confident,15.31,3.99,37,0.562,75.67,Second Round
CAND_73C45F,26,6,Business Analyst,Master's,Teams,60.52,0.802,14,87.56,59.08,Confident,17.32,5.55,42,0.36,53.24,Rejected
CAND_C97E99,20,0,Marketing Analyst,PhD,Zoom,65.68,0.341,5,100.0,80.5,Confident,15.64,3.94,37,0.623,81.98,Rejected
CAND_FA5219,29,5,HR Manager,Bachelor's,HireVue,42.98,0.504,6,100.0,100.0,Confident,20.87,5.36,53,1.0,59.91,Rejected
CAND_DF17B9,22,4,HR Manager,Bachelor's,Zoom,61.9,0.487,7,80.31,57.23,Confident,22.0,5.11,37,0.755,66.01,Hired
CAND_6A2C30,27,3,HR Manager,Associate,Google Meet,70.0,0.676,4,100.0,52.6,Confident,22.19,4.07,23,0.403,75.89,Hired
CAND_946753,39,13,Product Manager,Bachelor's,Google Meet,44.37,0.56,11,88.77,72.65,Neutral,9.47,4.1,41,0.135,53.62,Rejected
CAND_E21AAD,50,30,Marketing Analyst,Master's,Google Meet,50.83,0.687,9,91.01,81.47,Confident,21.38,6.78,47,0.464,64.23,Rejected
CAND_BDFE53,26,5,UX Designer,Associate,HireVue,65.56,0.593,8,71.35,60.09,Neutral,26.44,,42,0.413,59.33,Rejected
CAND_0676BC,32,8,HR Manager,Bachelor's,HireVue,69.24,0.624,11,99.57,,Confident,3.94,4.13,58,0.524,85.21,Hired
CAND_936A8A,40,19,Product Manager,Associate,HireVue,72.31,0.588,9,100.0,82.06,Confident,,3.34,29,0.487,84.85,Rejected
CAND_6000A9,33,13,Business Analyst,Associate,Teams,84.7,0.585,11,100.0,97.4,Confident,2.42,4.12,60,0.598,81.61,Rejected
CAND_C778C3,30,6,Sales Executive,Bachelor's,Google Meet,47.57,0.663,13,70.02,36.7,Neutral,41.81,5.44,41,0.537,42.48,Rejected
CAND_A08D73,41,24,Sales Executive,PhD,Teams,82.93,0.663,6,100.0,74.26,Confident,0.54,3.26,41,0.237,89.66,Second Round
CAND_FBED15,31,12,Marketing Analyst,Master's,HireVue,67.64,0.495,6,83.04,55.44,Neutral,26.92,5.22,44,0.323,67.87,Rejected
CAND_843117,21,0,Data Scientist,Bachelor's,Zoom,70.68,0.284,5,100.0,100.0,Confident,21.46,4.36,41,0.624,82.67,Hired
CAND_FB5EE9,30,8,Sales Executive,PhD,Google Meet,90.69,0.902,5,100.0,87.64,Confident,6.6,4.15,47,0.345,88.87,Hired
CAND_2BB907,43,20,Software Engineer,Bachelor's,HireVue,60.79,0.34,12,90.26,89.0,Neutral,13.41,,44,0.831,77.18,Hired
CAND_3B4EB6,44,25,HR Manager,Bachelor's,Zoom,63.18,0.577,10,100.0,100.0,Confident,13.17,3.99,54,0.066,72.05,Hired
CAND_CB14CC,22,0,Marketing Analyst,PhD,HireVue,48.25,,12,100.0,62.27,Confident,7.25,5.1,34,1.0,65.7,Rejected
CAND_18A749,31,13,Marketing Analyst,PhD,Teams,96.53,0.624,4,100.0,100.0,Confident,14.03,,38,0.545,90.11,Hired
CAND_2F8E9B,34,14,Marketing Analyst,Bachelor's,HireVue,53.13,,7,100.0,100.0,Confident,9.91,4.38,43,0.579,75.99,Hired
CAND_1B17E5,25,0,Data Scientist,Bachelor's,Teams,45.69,0.243,9,100.0,100.0,Confident,19.99,3.94,46,0.501,61.85,On Hold
CAND_0DF57A,29,5,HR Manager,Associate,Google Meet,55.57,0.301,8,100.0,77.91,Confident,8.14,4.52,45,0.468,63.63,Rejected
CAND_5FD128,37,13,Business Analyst,Associate,Google Meet,57.79,0.678,7,64.87,63.62,Neutral,48.78,7.14,20,0.674,57.57,Rejected
CAND_759BA9,34,7,UX Designer,Bachelor's,Zoom,56.58,0.498,6,100.0,88.72,Confident,7.84,3.69,57,0.265,59.69,Rejected
CAND_0D91AF,36,14,Software Engineer,Master's,HireVue,46.36,0.434,6,96.42,,Confident,28.69,4.8,41,0.742,60.79,Rejected
CAND_C92AB0,20,0,HR Manager,Master's,Zoom,49.63,,7,100.0,96.13,Confident,22.45,4.57,31,0.579,61.89,Rejected
CAND_9BAFC5,20,1,Product Manager,Associate,HireVue,73.46,0.654,10,99.51,100.0,Confident,12.28,3.74,46,0.784,72.78,Second Round
CAND_4D83BD,30,4,Sales Executive,Associate,HireVue,149.18,0.817,0,85.3,47.16,Confident,29.56,5.4,48,0.394,79.09,Hired
CAND_61FA96,28,3,Marketing Analyst,Associate,Zoom,168.94,0.736,0,100.0,89.31,Confident,23.94,4.17,64,0.743,100.0,Hired
CAND_73ABBF,29,10,HR Manager,Associate,HireVue,38.43,0.541,11,87.96,91.2,Confident,33.43,4.98,50,0.496,50.38,Rejected
CAND_0A7815,27,1,Marketing Analyst,Bachelor's,HireVue,55.36,0.692,10,100.0,66.45,Confident,9.22,3.47,25,0.424,61.65,Rejected
CAND_0E81CA,27,4,Sales Executive,Master's,Zoom,62.38,0.639,8,82.52,89.63,Confident,19.14,7.66,52,0.634,63.34,Rejected
CAND_9A9B03,35,14,Business Analyst,Bachelor's,Google Meet,43.11,0.618,8,100.0,97.62,Neutral,19.36,4.27,53,0.804,58.13,Rejected
CAND_717C1F,37,15,Sales Executive,Bachelor's,HireVue,46.2,0.417,7,100.0,70.31,Confident,6.47,4.34,65,0.469,60.02,Rejected
CAND_65C8C0,42,17,Sales Executive,Associate,Zoom,42.36,0.449,17,100.0,95.36,Confident,17.86,4.8,43,0.754,64.78,Rejected
CAND_A6172B,39,18,UX Designer,Associate,Google Meet,78.74,0.41,6,100.0,70.71,Confident,24.07,4.44,51,0.226,76.27,Rejected
CAND_C335A0,35,7,UX Designer,PhD,HireVue,51.26,0.566,10,100.0,100.0,Confident,5.61,3.37,42,0.342,65.6,Rejected
CAND_23A464,43,27,HR Manager,Associate,Google Meet,66.77,0.541,8,100.0,92.25,Confident,31.25,4.61,21,0.55,72.49,Second Round
CAND_2C2473,46,23,Product Manager,Master's,Google Meet,36.74,0.486,12,100.0,99.92,Confident,4.75,3.97,36,0.716,56.05,Rejected
CAND_9A7E33,20,1,Sales Executive,Master's,Teams,97.32,0.51,6,100.0,100.0,Confident,16.16,3.62,52,0.325,92.22,Second Round
CAND_583E16,34,11,Sales Executive,Bachelor's,HireVue,,0.903,15,89.53,75.46,Confident,30.79,4.61,31,0.158,67.82,Rejected
CAND_3FC6A4,34,12,UX Designer,Master's,Zoom,75.68,0.588,9,100.0,100.0,Confident,32.97,5.38,46,0.392,88.36,Hired
CAND_279D42,22,0,Marketing Analyst,PhD,Teams,,0.85,0,81.72,74.09,Confident,34.25,5.07,39,0.28,83.14,Second Round
CAND_45E3F9,25,2,Software Engineer,Bachelor's,Google Meet,60.86,0.563,8,100.0,42.93,Confident,1.71,3.19,31,0.435,69.2,Rejected
CAND_76CA37,25,4,Data Scientist,Master's,HireVue,52.98,0.695,10,95.29,,Confident,10.47,3.76,44,0.411,57.58,Rejected
CAND_F10E38,36,9,Business Analyst,Bachelor's,Google Meet,76.42,0.675,8,97.19,73.26,Confident,14.7,4.61,42,0.364,83.38,Second Round
CAND_4C63B4,22,0,Data Scientist,Bachelor's,HireVue,61.39,0.556,5,100.0,76.33,Confident,24.69,4.99,41,0.553,75.37,Rejected
CAND_034865,32,13,Data Scientist,Bachelor's,Zoom,58.62,0.758,4,99.96,100.0,Confident,,4.94,35,0.264,68.32,Hired
CAND_3EADB1,33,11,Data Scientist,Master's,Google Meet,56.07,0.566,8,100.0,88.7,Confident,10.22,3.93,23,0.644,79.47,Hired
CAND_687B06,34,8,Sales Executive,Associate,Zoom,57.47,0.735,15,100.0,72.07,Confident,10.13,4.19,49,0.803,73.57,Second Round
CAND_8DA957,20,0,Business Analyst,Master's,Zoom,43.66,0.635,8,100.0,60.84,Confident,1.31,3.74,44,0.69,69.55,Second Round
CAND_F5D699,34,9,HR Manager,Bachelor's,Teams,62.08,0.567,9,78.03,44.68,Neutral,32.92,5.03,60,0.587,68.14,Second Round
CAND_38528F,30,5,Business Analyst,PhD,Teams,60.49,0.408,18,100.0,80.46,Confident,3.62,3.49,42,0.351,78.17,Second Round
CAND_3811D1,23,0,HR Manager,PhD,Teams,51.59,,12,72.12,75.21,Neutral,38.67,5.61,40,0.343,63.57,Rejected
CAND_21C7F7,33,7,HR Manager,Master's,Teams,62.4,0.95,10,100.0,83.34,Confident,15.89,6.33,53,0.259,77.87,Rejected
CAND_0D033A,20,1,HR Manager,Associate,Google Meet,34.38,0.538,10,100.0,87.06,Confident,5.72,3.6,49,0.192,59.07,Rejected
CAND_44AACE,21,0,Software Engineer,Bachelor's,Zoom,46.52,0.521,9,99.4,,Confident,22.72,4.07,47,0.467,45.99,Rejected
CAND_B3B2B3,20,0,Product Manager,Associate,Zoom,44.25,0.625,6,77.82,82.79,Slouched,41.82,5.12,34,0.705,50.09,Rejected
CAND_5D18BA,43,28,Product Manager,Bachelor's,Google Meet,81.83,0.655,7,100.0,,Confident,14.52,4.3,44,0.768,86.69,Second Round
CAND_E9C288,23,3,Marketing Analyst,PhD,Google Meet,72.18,0.409,8,100.0,,Confident,15.56,4.29,42,0.7,78.45,Rejected
CAND_18F43A,20,1,Product Manager,Associate,HireVue,203.33,0.587,0,100.0,99.87,Confident,19.53,4.05,42,0.614,100.0,Hired
CAND_6542FA,34,19,Sales Executive,PhD,HireVue,59.07,0.606,5,93.21,53.96,Confident,21.75,4.52,36,0.531,72.46,Rejected
CAND_DF2745,39,22,Data Scientist,Bachelor's,Google Meet,62.28,0.699,7,100.0,92.67,Confident,3.94,4.11,54,0.676,74.93,Second Round
CAND_98C2F1,20,0,Product Manager,PhD,Teams,86.56,0.705,6,100.0,91.03,Confident,36.6,5.58,44,0.68,84.17,Rejected
CAND_BB7668,33,16,Business Analyst,Master's,Zoom,38.05,0.642,15,94.22,,Confident,19.99,7.53,39,0.173,50.15,Rejected
CAND_ED7273,41,16,Marketing Analyst,Master's,Google Meet,,0.461,17,92.1,91.69,Neutral,13.57,5.57,43,0.571,68.14,Rejected
CAND_EA868D,46,21,Data Scientist,Bachelor's,Google Meet,73.32,0.559,9,88.47,79.32,Confident,33.67,4.58,41,0.334,72.17,Rejected
CAND_DE12B5,21,0,Business Analyst,Bachelor's,Zoom,55.04,0.626,11,100.0,78.09,Confident,4.74,4.66,47,0.361,67.22,Rejected
CAND_ACA5BE,32,14,Sales Executive,PhD,Zoom,40.2,0.684,15,95.59,61.42,Confident,22.75,5.88,39,0.128,57.66,Rejected
CAND_DBB4DF,42,24,UX Designer,PhD,Google Meet,47.68,0.911,9,100.0,100.0,Confident,5.02,,58,0.688,57.91,Rejected
CAND_D26EF3,33,8,Product Manager,Associate,Teams,60.17,0.703,5,100.0,100.0,Confident,7.76,4.29,36,0.53,75.07,Rejected
CAND_B4B547,38,17,UX Designer,PhD,HireVue,44.98,0.473,13,77.82,46.5,Neutral,32.64,4.67,36,0.765,70.24,Rejected
CAND_53FC78,32,8,HR Manager,Associate,Zoom,60.33,0.594,9,100.0,,Confident,8.19,,33,0.344,76.12,Rejected
CAND_A8B062,22,0,Product Manager,Associate,Teams,,0.788,7,53.99,38.68,Neutral,48.93,7.24,32,0.627,64.38,Rejected
CAND_952C99,32,9,HR Manager,Associate,Google Meet,59.59,0.67,13,93.68,75.43,Confident,29.57,5.23,27,0.098,74.66,Second Round
CAND_B69E9C,35,21,HR Manager,Associate,HireVue,76.54,0.687,7,100.0,85.52,Confident,9.36,3.73,59,0.231,79.21,Rejected
CAND_65FE81,30,5,Product Manager,Master's,Teams,60.33,0.637,12,69.45,45.83,Confident,46.3,5.55,60,0.355,67.92,Second Round
CAND_D88F79,23,0,Data Scientist,Master's,HireVue,25.21,0.625,8,87.23,100.0,Confident,36.39,4.98,52,0.442,38.3,Rejected
CAND_B0CE1C,35,12,Business Analyst,Bachelor's,HireVue,32.07,0.667,11,82.53,72.16,Neutral,34.98,4.69,42,0.493,43.03,Rejected
CAND_D5DEBB,20,0,Marketing Analyst,Bachelor's,Teams,67.42,0.778,6,100.0,,Confident,18.54,4.1,40,0.448,82.69,Second Round
CAND_150656,29,4,Business Analyst,PhD,Google Meet,77.89,0.658,7,100.0,46.89,Confident,25.66,4.96,29,0.397,100.0,Hired
CAND_3A61A2,40,15,Product Manager,Associate,Zoom,85.93,0.626,8,100.0,97.05,Neutral,26.0,4.52,31,0.565,83.71,Hired
CAND_B8C52E,20,0,Marketing Analyst,Master's,Teams,46.87,0.749,17,84.37,78.06,Neutral,14.22,3.82,41,0.863,53.46,Rejected
CAND_306C52,37,16,Software Engineer,Bachelor's,Google Meet,75.92,0.438,7,65.74,80.52,Confident,43.51,5.25,55,0.759,67.7,Second Round
CAND_4331C5,20,0,HR Manager,Associate,Google Meet,65.76,0.576,10,100.0,84.42,Confident,12.6,4.2,39,0.419,79.4,Hired
CAND_FFF917,21,0,HR Manager,Associate,Teams,56.19,0.678,9,89.27,78.9,Neutral,22.52,4.81,38,0.661,58.4,Rejected
CAND_4A9016,21,0,Sales Executive,Associate,HireVue,57.55,0.689,14,100.0,89.09,Confident,7.49,3.99,45,0.626,73.25,Rejected
CAND_36CAAA,34,15,Data Scientist,Associate,HireVue,,0.481,6,81.75,56.62,Confident,31.54,4.76,53,0.297,90.16,Hired
CAND_35F47B,43,21,Business Analyst,Bachelor's,HireVue,49.44,0.543,9,100.0,61.88,Confident,9.8,4.43,40,0.216,68.75,Second Round
CAND_975047,32,8,Data Scientist,Master's,Zoom,57.63,0.466,13,100.0,65.91,Confident,4.78,3.85,36,0.14,81.36,Rejected
CAND_B19192,21,1,Marketing Analyst,Bachelor's,Zoom,74.05,0.777,4,100.0,89.12,Neutral,18.71,3.95,37,0.847,89.33,Hired
CAND_8E7BF2,24,4,Software Engineer,Master's,HireVue,45.06,0.584,14,77.31,,Neutral,30.31,,31,0.194,54.26,Rejected
CAND_74D5FD,20,0,Data Scientist,Master's,Zoom,57.23,0.686,13,100.0,,Confident,11.77,4.45,25,0.459,71.62,Hired
CAND_CC5CC4,38,17,Sales Executive,Bachelor's,Google Meet,80.06,0.378,10,100.0,89.19,Neutral,11.38,4.24,44,0.567,85.35,Hired
CAND_639817,28,0,Sales Executive,Bachelor's,Google Meet,77.27,0.376,7,65.81,53.48,Neutral,48.54,5.7,64,0.762,73.23,Hired
CAND_598375,33,9,Software Engineer,PhD,HireVue,63.62,0.85,11,88.57,88.99,Confident,17.82,4.38,44,0.37,67.94,Second Round
CAND_DE7C61,20,0,Data Scientist,Master's,Google Meet,29.46,0.545,9,79.1,59.45,Confident,36.7,5.52,40,0.285,42.61,Rejected
CAND_47E6F8,39,17,Data Scientist,Master's,Google Meet,67.05,0.544,6,100.0,76.64,Confident,17.04,5.13,47,0.216,80.46,Second Round
CAND_7AA046,26,3,Product Manager,Bachelor's,Google Meet,75.15,0.496,5,100.0,64.82,Confident,9.14,4.53,65,0.719,66.03,Rejected
CAND_4F7BED,37,23,Marketing Analyst,Associate,Zoom,50.08,0.405,14,94.89,69.73,Neutral,14.77,6.08,47,0.382,52.79,Rejected
CAND_7D34B6,20,0,Business Analyst,PhD,HireVue,52.87,0.532,11,77.81,88.04,Neutral,31.11,5.9,38,0.4,61.91,Rejected
CAND_A790B5,20,0,Software Engineer,Master's,Teams,64.47,,11,100.0,76.15,Confident,17.03,4.05,51,0.584,75.14,Hired
CAND_673D6C,28,11,Sales Executive,Associate,Zoom,55.36,,9,88.15,92.86,Neutral,24.33,,33,0.288,61.72,Rejected
CAND_102315,28,10,Sales Executive,Associate,Zoom,73.59,0.498,9,100.0,100.0,Confident,12.96,4.14,40,0.151,81.97,Second Round
CAND_D23422,33,8,UX Designer,Bachelor's,Google Meet,70.67,0.639,10,100.0,100.0,Confident,3.15,3.96,46,0.213,74.01,Second Round
CAND_62E2C9,31,9,Data Scientist,Master's,Teams,72.09,0.47,7,99.53,93.16,Confident,27.52,4.56,52,0.744,86.95,Hired
CAND_539E70,20,2,Sales Executive,Bachelor's,Teams,76.66,0.42,6,100.0,92.16,Confident,37.54,,51,0.521,83.26,Second Round
CAND_09F784,52,28,Business Analyst,Master's,Teams,62.74,0.538,7,100.0,93.88,Confident,4.07,3.52,50,0.41,79.0,Hired
CAND_7F31D7,23,1,Sales Executive,Bachelor's,Zoom,35.33,0.629,16,100.0,100.0,Confident,16.5,4.81,37,0.443,53.9,Rejected
CAND_D2B8D5,42,16,Marketing Analyst,Master's,Zoom,,0.556,7,100.0,100.0,Confident,6.01,4.58,61,0.354,60.64,Rejected
CAND_F11B4C,36,15,Marketing Analyst,PhD,HireVue,62.23,0.719,9,100.0,99.55,Confident,4.61,3.65,31,0.476,72.35,Second Round
CAND_76F5A2,23,1,UX Designer,PhD,Zoom,52.23,0.647,10,100.0,42.71,Confident,13.15,5.15,50,0.572,66.34,Rejected
CAND_F856B7,25,4,Data Scientist,PhD,Zoom,82.14,0.604,7,100.0,87.94,Confident,6.01,4.61,49,0.492,89.48,Hired
CAND_C27FC7,20,0,Product Manager,PhD,HireVue,60.82,0.374,11,100.0,73.19,Confident,21.23,5.3,45,0.478,73.69,Hired
CAND_3A0AB8,41,21,Business Analyst,PhD,Google Meet,74.68,0.295,13,100.0,88.23,Confident,7.92,3.55,37,0.423,77.35,Rejected
CAND_97FDF8,33,13,Sales Executive,PhD,Teams,,,9,100.0,76.52,Confident,18.26,5.21,41,0.253,75.43,Rejected
CAND_77A1DD,28,4,Business Analyst,Master's,HireVue,54.41,0.303,9,100.0,92.87,Neutral,4.33,,49,0.491,69.05,Second Round
CAND_63BAA8,31,8,Product Manager,Bachelor's,HireVue,80.92,0.415,8,100.0,100.0,Confident,15.63,3.86,32,0.478,87.23,Hired
CAND_6D61C6,29,10,Sales Executive,Associate,Zoom,149.36,0.672,0,91.64,96.99,Confident,12.45,4.01,38,0.309,100.0,Hired
CAND_A76C1E,28,5,Data Scientist,Bachelor's,HireVue,49.34,0.56,14,81.29,74.84,Neutral,43.96,6.84,32,0.548,58.38,Rejected
CAND_4C69A4,37,14,HR Manager,PhD,HireVue,45.75,0.722,8,93.88,82.29,Confident,24.49,4.05,31,0.526,62.75,Rejected
CAND_746FA1,26,9,Software Engineer,Bachelor's,HireVue,51.68,0.673,10,100.0,100.0,Confident,10.57,,35,0.594,70.97,Rejected
CAND_BF200B,45,21,Sales Executive,Bachelor's,Teams,56.61,0.493,5,90.45,88.7,Confident,30.19,5.07,49,0.67,65.95,Hired
CAND_BFD22E,20,0,Business Analyst,Master's,Zoom,71.32,0.895,5,100.0,98.93,Confident,12.11,4.1,35,0.51,71.88,Second Round
CAND_8809BA,22,0,UX Designer,Master's,HireVue,46.89,0.497,7,86.0,66.07,Confident,21.53,4.27,33,0.384,59.34,Rejected
CAND_068B34,24,0,Marketing Analyst,Associate,Teams,60.96,0.707,2,100.0,94.64,Confident,18.56,4.26,36,0.149,75.18,Hired
CAND_451ECA,27,3,HR Manager,Bachelor's,Google Meet,28.74,0.658,13,100.0,80.79,Confident,19.82,4.62,33,0.205,71.15,Rejected
CAND_27DA3E,31,10,UX Designer,Master's,Zoom,57.5,0.585,13,100.0,100.0,Confident,6.97,3.93,47,0.551,63.55,Rejected
CAND_F0B1A5,30,11,Product Manager,PhD,Teams,29.38,0.733,11,91.93,87.42,Confident,14.28,,69,0.418,51.86,Rejected
CAND_232447,31,9,Marketing Analyst,Master's,Zoom,45.64,0.607,10,100.0,86.79,Neutral,9.32,4.09,41,0.499,59.35,Rejected
CAND_E415EB,24,6,Marketing Analyst,Associate,Zoom,16.39,0.672,17,60.45,58.63,Neutral,41.21,5.19,34,0.51,23.67,Rejected
CAND_028055,22,1,Software Engineer,PhD,HireVue,67.23,0.929,7,95.42,88.93,Confident,17.22,4.88,52,0.496,70.1,Rejected
CAND_F4CEA9,20,0,Data Scientist,Associate,HireVue,47.36,0.611,10,80.83,63.16,Confident,37.4,6.78,54,0.547,51.8,Rejected
CAND_A80386,37,16,UX Designer,Bachelor's,Google Meet,54.73,0.285,12,81.9,50.5,Confident,33.82,4.54,35,0.382,66.21,Hired
CAND_80CE60,24,0,Sales Executive,PhD,Zoom,64.47,0.556,6,75.56,54.03,Neutral,21.81,4.33,39,0.355,71.58,Rejected
CAND_7CE98E,31,11,Software Engineer,Master's,HireVue,42.96,0.478,13,100.0,43.5,Confident,8.63,4.6,33,0.676,54.47,Rejected
CAND_662492,21,0,UX Designer,Master's,Google Meet,76.37,0.42,8,91.28,69.69,Confident,19.7,4.5,57,0.307,75.61,Hired
CAND_C860FE,34,8,Data Scientist,Bachelor's,HireVue,52.04,0.734,6,98.34,93.99,Confident,15.25,5.19,40,0.396,59.77,Rejected
CAND_8DAFEB,26,2,Business Analyst,PhD,Teams,70.49,0.716,11,74.34,56.69,Neutral,35.8,4.68,22,0.645,68.86,Hired
CAND_5C696F,38,18,Business Analyst,Bachelor's,Google Meet,53.85,0.654,8,74.29,65.1,Confident,19.28,4.27,38,0.7,56.45,Rejected
CAND_3E0725,37,13,Data Scientist,Associate,Zoom,52.59,0.495,5,100.0,86.4,Confident,,3.17,43,0.643,60.05,Rejected
CAND_E1A5D1,23,0,Data Scientist,Bachelor's,Zoom,66.5,0.491,2,100.0,83.46,Neutral,7.47,3.9,47,0.573,71.37,Rejected
CAND_E08709,25,2,Data Scientist,Master's,Zoom,66.32,0.74,9,100.0,80.18,Confident,25.76,5.81,43,0.664,88.62,Hired
CAND_FA6CA6,36,12,Marketing Analyst,Associate,Zoom,35.63,0.742,17,85.31,60.33,Neutral,,4.65,50,0.315,41.88,Rejected
CAND_D842D4,34,9,Software Engineer,PhD,HireVue,68.49,0.465,8,77.98,94.08,Neutral,36.96,,41,0.561,77.02,Hired
CAND_2CD082,22,2,HR Manager,Master's,Zoom,55.96,0.895,8,61.77,55.78,Slouched,54.64,5.55,52,0.617,50.8,Rejected
CAND_4500AF,32,6,HR Manager,Bachelor's,Google Meet,66.49,0.565,7,73.4,55.29,Confident,55.38,6.75,46,0.462,59.1,Rejected
CAND_AF8566,27,0,Software Engineer,Associate,Google Meet,,0.8,9,92.95,82.96,Confident,12.27,4.04,44,0.408,75.13,Rejected
CAND_59384E,25,0,Data Scientist,Bachelor's,Zoom,69.88,0.701,7,70.0,61.81,Confident,28.98,6.27,20,0.392,71.22,Hired
CAND_E410A9,38,19,Product Manager,PhD,Google Meet,56.0,0.631,7,74.43,57.07,Neutral,27.24,4.69,45,0.511,57.14,Rejected
CAND_213E89,32,10,Sales Executive,Master's,Teams,49.94,0.467,9,100.0,81.75,Confident,19.9,4.31,50,0.786,60.69,Rejected
CAND_31D6B9,20,0,Software Engineer,Master's,Google Meet,61.6,0.42,13,100.0,75.75,Confident,6.15,4.46,40,0.564,72.84,Hired
CAND_79AEBE,29,5,Business Analyst,PhD,Teams,34.25,0.95,11,100.0,100.0,Confident,16.15,4.0,49,0.574,51.47,Rejected
CAND_DCA828,24,1,Business Analyst,PhD,Google Meet,53.31,0.504,11,94.7,100.0,Confident,13.72,,65,0.556,66.33,Second Round
CAND_99AA25,20,0,Product Manager,Bachelor's,Teams,52.3,0.479,6,100.0,70.47,Confident,12.69,4.1,55,0.765,68.52,Rejected
CAND_DBA0E5,45,27,Software Engineer,Associate,Google Meet,80.52,0.719,8,100.0,88.66,Confident,13.63,4.04,37,0.461,91.87,Hired
CAND_7842EA,34,10,UX Designer,Bachelor's,Google Meet,71.37,0.644,6,87.46,75.21,Confident,17.12,4.19,52,0.637,74.82,Hired
CAND_790F5C,24,0,Sales Executive,PhD,Google Meet,72.76,0.629,9,91.8,79.47,Confident,25.61,4.41,44,0.577,74.78,Second Round
CAND_86A48E,30,8,Business Analyst,Master's,Zoom,68.84,0.647,8,100.0,56.15,Confident,28.04,5.07,38,0.825,74.1,Second Round
CAND_DB2325,32,7,Software Engineer,Associate,Teams,51.82,0.591,9,96.56,83.48,Confident,18.52,4.08,54,0.177,63.95,Rejected
CAND_3BF25F,20,0,UX Designer,Master's,HireVue,54.52,0.776,11,100.0,93.78,Confident,1.04,4.74,55,0.636,81.95,Rejected
CAND_8EE144,20,0,Sales Executive,PhD,HireVue,81.73,0.731,7,91.56,76.3,Confident,36.11,6.49,41,0.447,81.57,Hired
CAND_E60A0C,45,19,Software Engineer,PhD,Zoom,63.19,0.398,7,100.0,55.46,Confident,23.05,8.43,45,0.476,60.38,Rejected
CAND_2423D0,24,0,Data Scientist,Master's,Google Meet,48.16,0.715,9,100.0,100.0,Confident,6.43,3.56,39,0.347,59.68,On Hold
CAND_4C5614,28,1,Business Analyst,Bachelor's,Zoom,71.33,0.441,4,100.0,94.06,Confident,18.0,4.09,43,0.429,93.17,Hired
CAND_4EF246,22,0,UX Designer,PhD,Teams,76.61,,4,100.0,,Confident,15.43,3.86,45,0.345,86.72,Hired
CAND_CD93DE,28,2,Product Manager,Master's,Zoom,48.4,0.598,13,100.0,70.36,Confident,31.16,5.09,44,0.147,59.58,Rejected
CAND_CB352D,27,1,Data Scientist,Bachelor's,Teams,51.07,0.735,8,92.65,74.72,Confident,32.24,5.02,52,0.395,68.31,Second Round
CAND_980AE1,32,8,Business Analyst,Master's,Google Meet,54.29,0.515,15,100.0,88.17,Neutral,8.37,3.64,46,0.381,70.53,Hired
CAND_BC7DB3,20,0,Business Analyst,Master's,HireVue,62.17,0.206,13,100.0,70.74,Confident,3.73,3.89,38,0.635,71.99,Second Round
CAND_CFD98C,25,5,Product Manager,Master's,Teams,76.59,0.89,3,100.0,97.78,Confident,7.11,5.48,22,0.556,95.5,Second Round
CAND_C6DECA,33,9,Business Analyst,PhD,HireVue,53.18,0.705,4,77.59,69.23,Neutral,27.9,5.91,61,0.771,58.18,Rejected
CAND_923B2B,40,19,Software Engineer,Master's,Google Meet,,0.673,7,100.0,84.4,Confident,9.39,5.27,43,0.32,82.87,Hired
CAND_D14680,31,10,Software Engineer,PhD,Teams,72.7,0.415,7,100.0,100.0,Confident,17.0,4.91,34,0.409,85.03,Hired
CAND_05C5AF,36,12,Sales Executive,Master's,Zoom,66.25,0.61,10,100.0,100.0,Confident,23.51,,60,0.824,77.29,Rejected
CAND_806B12,38,10,Data Scientist,Master's,HireVue,80.96,0.247,8,63.33,60.99,Neutral,48.69,5.56,58,0.468,83.6,Rejected
CAND_B078A3,40,16,Business Analyst,Associate,HireVue,40.49,0.763,14,78.73,64.54,Neutral,18.58,4.15,37,0.39,51.7,Rejected
CAND_DD42FC,26,2,Sales Executive,Associate,HireVue,42.55,0.496,14,97.42,61.21,Neutral,18.21,4.46,33,0.637,58.07,Rejected
CAND_818FBA,29,5,Software Engineer,Master's,Teams,82.75,0.654,8,83.8,83.47,Neutral,,5.33,45,0.626,76.16,Second Round
CAND_85618D,35,14,UX Designer,Associate,Teams,44.12,0.532,6,97.52,88.54,Confident,11.54,3.79,43,0.527,68.36,Second Round
CAND_BFBCD5,28,7,Product Manager,PhD,Google Meet,79.83,0.634,7,92.73,92.82,Confident,,5.64,58,0.331,87.54,Hired
CAND_A03FB8,20,0,Data Scientist,PhD,HireVue,45.57,0.459,11,86.12,75.79,Confident,38.02,8.12,43,0.33,48.24,Rejected
CAND_2AF45B,20,1,Software Engineer,Associate,Google Meet,65.13,0.473,10,100.0,100.0,Confident,20.27,5.66,48,0.298,79.77,Hired
CAND_B3283C,22,0,HR Manager,PhD,HireVue,39.41,0.824,10,87.96,58.54,Confident,34.68,5.54,40,0.666,48.82,Rejected
CAND_D25BC4,22,0,Software Engineer,Master's,HireVue,64.64,0.46,13,100.0,100.0,Confident,17.57,4.54,43,0.766,70.82,Second Round
CAND_379E03,26,3,Data Scientist,PhD,Zoom,72.53,0.797,2,100.0,79.3,Confident,6.41,3.35,49,0.608,80.55,Rejected
CAND_FA2F32,27,0,Data Scientist,PhD,Teams,56.4,0.376,11,100.0,,Confident,4.86,3.95,46,0.36,66.45,Rejected
CAND_287C80,45,20,Software Engineer,Master's,Google Meet,34.7,0.626,9,64.74,70.79,Neutral,37.18,,44,0.486,39.8,On Hold
CAND_7337E7,36,12,Marketing Analyst,PhD,Google Meet,66.93,0.778,8,97.03,72.2,Confident,11.67,5.5,47,0.578,72.66,Second Round
CAND_F113B4,31,14,Product Manager,PhD,Zoom,74.07,0.713,10,93.0,88.19,Confident,,4.67,46,0.339,94.92,Hired
CAND_7AAC4E,23,0,Business Analyst,Associate,HireVue,45.22,0.674,15,100.0,,Confident,17.78,3.99,52,0.389,60.49,Rejected
CAND_DE2FAA,22,0,Software Engineer,Associate,Teams,60.14,0.458,10,100.0,100.0,Confident,8.75,4.3,39,0.761,79.97,Rejected
CAND_CA70D3,24,0,UX Designer,Master's,HireVue,68.66,0.334,16,91.1,100.0,Confident,28.92,4.81,75,0.468,76.67,Hired
CAND_15D697,33,9,Sales Executive,Associate,Google Meet,70.11,0.25,6,100.0,80.06,Confident,9.59,3.71,46,0.698,71.38,Rejected
CAND_320438,38,14,UX Designer,Associate,HireVue,61.37,0.696,13,100.0,94.71,Confident,,3.71,45,0.139,66.3,Second Round
CAND_FAAD1B,22,0,Software Engineer,PhD,Teams,85.49,0.814,8,91.05,97.45,Confident,20.83,4.54,46,0.947,78.61,Second Round
CAND_5DA965,36,14,Software Engineer,Associate,Google Meet,71.76,0.699,8,100.0,54.71,Confident,7.22,4.19,45,0.459,92.76,Hired
CAND_98A888,29,8,HR Manager,PhD,Google Meet,32.37,,17,100.0,,Neutral,21.21,4.43,48,0.744,53.88,Rejected
CAND_CFEDC4,21,0,Software Engineer,Master's,Teams,,0.744,5,100.0,86.98,Confident,18.3,3.83,50,0.733,67.22,Rejected
CAND_012B0F,38,16,HR Manager,Associate,Teams,51.35,0.914,10,100.0,64.66,Confident,22.97,5.84,36,0.528,69.03,Second Round
CAND_5DCE7E,23,4,HR Manager,Master's,HireVue,33.92,0.79,10,81.76,59.81,Confident,41.37,6.27,36,0.573,44.57,On Hold
CAND_B1DDAD,20,0,Sales Executive,PhD,Zoom,95.75,0.518,4,75.71,81.22,Confident,35.75,4.92,52,0.367,81.96,Rejected
CAND_C76478,27,5,Product Manager,Bachelor's,HireVue,,0.596,6,100.0,100.0,Confident,4.53,3.78,55,0.688,79.73,Rejected
CAND_1A7C78,29,5,Marketing Analyst,Master's,Teams,114.07,,4,100.0,60.28,Confident,16.2,4.39,40,0.0,78.71,Second Round
CAND_D82141,30,9,Sales Executive,Bachelor's,Google Meet,51.25,0.621,9,78.81,47.23,Confident,24.04,4.21,43,0.164,61.21,Rejected
CAND_653D8B,40,20,HR Manager,Associate,Teams,36.49,0.588,10,98.97,61.75,Confident,4.65,,46,0.455,56.77,Rejected
CAND_ABB87C,20,0,HR Manager,Associate,Zoom,49.4,0.577,8,88.65,62.67,Confident,24.15,,36,0.487,57.51,Rejected
CAND_7E71C0,31,8,UX Designer,Master's,Teams,40.22,0.776,14,81.37,61.73,Neutral,30.89,4.87,53,0.536,49.16,Rejected
CAND_835F6F,30,11,Sales Executive,Master's,Google Meet,,0.751,9,55.94,55.12,Slouched,38.21,5.93,46,0.24,69.14,Rejected
CAND_D43D18,20,0,Sales Executive,PhD,Teams,46.61,0.599,10,98.32,93.52,Confident,20.76,4.98,52,0.299,59.49,Rejected
CAND_4EDD18,22,0,HR Manager,Master's,Google Meet,182.13,0.701,0,100.0,84.57,Confident,7.26,3.98,42,0.381,100.0,Second Round
CAND_AE52C7,32,9,Sales Executive,Associate,Zoom,65.55,0.594,9,98.55,85.04,Confident,18.0,4.61,24,0.193,83.98,Second Round
CAND_615955,37,17,Sales Executive,PhD,Google Meet,74.81,0.572,4,92.58,65.17,Confident,36.42,5.77,46,0.555,78.64,Second Round
CAND_444FA4,30,4,HR Manager,Master's,Teams,75.88,0.523,8,58.15,37.2,Confident,44.48,5.31,35,0.557,81.42,Hired
CAND_51D895,21,4,Sales Executive,Associate,Teams,54.99,0.578,8,60.04,41.13,Slouched,51.13,6.18,36,0.431,50.42,Rejected
CAND_DA50EC,40,17,HR Manager,Bachelor's,Teams,86.03,0.665,11,100.0,,Confident,22.71,4.47,48,0.608,82.11,Hired
CAND_B1D6BB,39,22,Marketing Analyst,PhD,Zoom,77.95,0.856,7,72.08,56.55,Neutral,36.84,5.8,44,0.624,74.44,Hired
CAND_E6886B,22,0,UX Designer,Associate,HireVue,52.69,0.624,12,88.65,85.48,Confident,35.5,5.24,41,0.614,66.42,Rejected
CAND_EAC401,28,3,Data Scientist,PhD,Zoom,60.17,0.651,6,100.0,85.78,Confident,19.28,,50,0.183,76.72,Rejected
CAND_C2FC50,32,10,Business Analyst,Associate,HireVue,80.83,0.599,5,100.0,60.21,Confident,19.99,4.67,45,0.495,94.31,Hired
CAND_8EE2B6,26,5,Software Engineer,Associate,Zoom,70.59,0.529,15,100.0,87.75,Confident,10.28,,38,0.462,87.78,Hired
CAND_80585C,29,6,Sales Executive,Associate,Google Meet,63.82,0.411,8,100.0,98.91,Confident,10.85,4.61,42,0.544,96.55,Hired
CAND_6D2656,36,13,HR Manager,Bachelor's,Zoom,78.41,0.827,4,100.0,58.83,Confident,12.24,5.43,51,0.52,82.62,Hired
CAND_2FFD0F,32,13,Product Manager,PhD,HireVue,56.81,0.645,12,95.22,,Confident,15.44,5.08,41,0.843,74.57,Rejected
CAND_08D615,35,7,Data Scientist,Master's,HireVue,60.12,0.637,10,100.0,51.5,Confident,14.35,4.03,40,0.164,70.95,Hired
CAND_C82B7C,31,7,Product Manager,Master's,Zoom,55.56,0.572,14,87.23,78.22,Confident,22.75,5.02,43,0.744,72.52,Second Round
CAND_65EEAB,37,15,Marketing Analyst,Bachelor's,HireVue,73.44,0.602,8,68.83,,Neutral,36.6,5.6,40,0.49,68.51,Hired
CAND_17EF15,20,0,Software Engineer,PhD,Teams,62.45,0.57,10,93.39,94.41,Confident,29.9,4.78,55,0.775,70.51,Rejected
CAND_EFB4BB,20,0,Software Engineer,Master's,HireVue,75.66,0.635,9,100.0,79.55,Confident,29.46,4.6,46,0.501,87.63,Hired
CAND_F1F536,30,7,Data Scientist,Associate,Google Meet,53.2,0.589,11,68.84,89.13,Confident,48.36,6.47,54,0.592,65.16,Rejected
CAND_6CE9CC,20,0,Software Engineer,Associate,Teams,49.84,0.682,15,72.14,84.16,Neutral,42.28,5.51,56,0.587,48.81,Rejected
CAND_0ABE5F,37,11,UX Designer,Master's,Zoom,49.07,0.624,6,69.48,46.97,Neutral,53.57,6.09,50,0.558,51.77,Rejected
CAND_73524D,26,0,UX Designer,Bachelor's,Teams,140.68,0.675,2,99.01,91.3,Confident,18.54,4.26,29,0.126,88.47,Second Round
CAND_F957F5,29,5,Product Manager,Master's,Zoom,46.13,0.701,11,77.43,,Slouched,58.54,,56,0.577,50.7,On Hold
CAND_94F530,38,16,Business Analyst,PhD,Teams,69.49,0.892,5,100.0,58.7,Confident,6.2,3.25,42,0.348,93.55,Hired
CAND_75A846,38,11,HR Manager,Associate,Zoom,46.26,0.493,9,60.45,68.14,Slouched,28.68,5.31,39,0.514,52.72,Rejected
CAND_488396,31,12,Business Analyst,PhD,Teams,63.57,0.672,16,100.0,53.69,Confident,9.23,3.88,21,0.838,75.5,Hired
CAND_170FA6,34,12,UX Designer,Associate,Teams,27.5,0.584,14,100.0,77.67,Confident,6.24,3.35,52,0.66,48.12,On Hold
CAND_A892A6,32,10,Business Analyst,Bachelor's,Zoom,55.11,0.741,8,100.0,86.91,Confident,7.93,4.35,33,0.206,70.73,Second Round
CAND_1A6EE2,29,10,Sales Executive,Bachelor's,Teams,53.36,0.589,9,100.0,74.13,Confident,13.48,4.7,32,0.082,62.86,Rejected
CAND_8C5BF9,33,6,Business Analyst,Associate,Teams,68.05,0.63,12,97.82,73.4,Confident,9.77,4.86,46,0.587,73.71,Hired
CAND_8A17A5,36,11,Business Analyst,Associate,Zoom,78.8,0.346,3,88.18,100.0,Confident,28.42,4.55,50,0.764,74.32,Rejected
CAND_5930D5,27,5,Sales Executive,Associate,Teams,77.66,0.629,6,100.0,82.71,Confident,8.83,4.02,49,0.062,75.4,Rejected
CAND_97E0C0,24,0,Software Engineer,Master's,Zoom,60.91,,7,89.76,,Neutral,19.77,5.28,46,0.482,69.74,Rejected
CAND_2CD219,38,16,Marketing Analyst,Master's,HireVue,84.37,0.425,10,100.0,92.63,Confident,29.85,4.83,30,0.682,97.66,Hired
CAND_7F9164,32,12,Data Scientist,Bachelor's,Teams,55.92,0.676,4,78.31,81.06,Neutral,49.39,5.94,56,0.296,67.13,Rejected
CAND_6ACB4D,37,18,Product Manager,Associate,Teams,40.34,0.448,14,95.51,81.34,Confident,18.43,5.48,53,0.521,58.96,Rejected
CAND_A55AF7,41,18,Sales Executive,PhD,Teams,72.36,0.71,9,100.0,83.56,Confident,19.11,4.49,25,0.52,73.33,Hired
CAND_651580,33,12,Software Engineer,Associate,Google Meet,,0.676,7,100.0,87.68,Confident,10.1,4.32,38,0.746,62.24,Rejected
CAND_BB5B87,25,5,Business Analyst,PhD,Teams,56.36,0.697,8,90.64,100.0,Confident,29.86,5.14,39,0.733,65.5,Hired
CAND_7F5AA5,33,6,UX Designer,Master's,HireVue,74.51,0.585,5,64.39,60.09,Neutral,49.42,5.88,34,0.511,67.84,Hired
CAND_373135,20,0,Sales Executive,Bachelor's,Zoom,56.2,0.574,4,93.02,95.99,Confident,21.18,4.42,55,0.433,73.08,Hired
CAND_6CFD78,20,0,UX Designer,Bachelor's,Teams,61.52,0.607,12,87.09,78.21,Confident,24.69,4.83,52,0.715,77.11,Hired
CAND_050DF5,34,10,Data Scientist,Master's,Teams,62.84,0.477,8,100.0,84.91,Confident,14.31,,47,0.757,67.42,Hired
CAND_20F16A,23,1,HR Manager,Associate,Google Meet,71.93,0.477,13,88.45,73.08,Confident,47.76,6.5,52,0.27,70.84,Hired
CAND_DF14E7,34,13,UX Designer,Associate,Teams,58.89,0.563,9,100.0,75.63,Confident,7.41,5.04,48,0.782,72.99,Hired
CAND_F1BB39,26,2,Sales Executive,Master's,Google Meet,77.9,0.394,12,88.55,64.92,Confident,11.26,4.1,43,0.113,85.22,Hired
CAND_8C73A0,23,0,Data Scientist,PhD,HireVue,81.29,0.56,4,95.7,59.87,Confident,8.79,5.08,35,0.459,79.47,Second Round
CAND_91E415,30,2,Sales Executive,Associate,HireVue,51.06,0.385,13,79.53,65.26,Neutral,26.76,4.94,55,0.485,72.5,Second Round
CAND_2A288A,23,5,Software Engineer,Associate,HireVue,58.31,0.694,14,100.0,82.12,Confident,15.81,5.12,37,0.399,73.63,Second Round
CAND_750F8D,27,1,Marketing Analyst,Master's,Teams,67.69,0.53,6,73.56,49.8,Neutral,48.39,6.13,62,0.24,60.34,Rejected
CAND_22512E,36,9,Marketing Analyst,Associate,Google Meet,58.88,0.801,9,100.0,85.72,Confident,6.28,3.54,46,0.939,75.12,Second Round
CAND_F82B95,28,6,Sales Executive,Bachelor's,Google Meet,,0.437,3,98.61,100.0,Confident,31.54,5.34,33,0.63,83.2,Rejected
CAND_214B42,21,0,UX Designer,Master's,Teams,55.68,0.693,17,100.0,100.0,Confident,2.53,3.47,49,0.337,78.6,Second Round
CAND_28637F,26,2,Business Analyst,Associate,HireVue,35.14,0.419,14,99.73,90.42,Neutral,13.95,4.11,45,0.537,81.37,Rejected
CAND_EF5842,35,13,Business Analyst,Associate,HireVue,71.61,0.487,11,72.03,46.7,Neutral,,5.45,49,0.535,74.19,Second Round
CAND_4EB234,24,0,Data Scientist,Associate,Zoom,71.87,0.422,7,100.0,100.0,Confident,4.71,3.41,50,0.556,82.25,Rejected
CAND_37E1B8,42,15,HR Manager,Master's,Teams,67.76,0.862,10,90.25,63.08,Neutral,12.94,4.44,38,0.384,78.49,Hired
CAND_9AE9FF,43,22,Business Analyst,Associate,Google Meet,74.88,0.421,8,79.29,62.89,Confident,44.67,5.82,69,0.619,81.14,Second Round
CAND_8AFF46,20,0,HR Manager,Master's,Teams,50.85,0.722,18,87.99,42.4,Confident,34.99,5.64,58,0.75,59.3,Rejected
CAND_C1BAF7,22,0,Business Analyst,Bachelor's,Teams,42.41,0.64,6,79.89,51.92,Confident,19.89,4.67,42,0.416,49.81,Rejected
CAND_5711AE,34,13,Product Manager,PhD,Teams,58.69,0.642,10,100.0,100.0,Confident,19.55,4.68,31,0.224,75.18,Second Round
CAND_7C4057,38,15,Product Manager,Bachelor's,Zoom,72.04,,8,100.0,,Confident,5.25,4.42,46,0.453,82.4,Rejected
CAND_22F6BC,37,11,HR Manager,Associate,Zoom,58.9,0.37,11,91.23,90.42,Confident,13.19,4.37,36,0.053,64.29,Rejected
CAND_C5223A,21,0,HR Manager,Master's,HireVue,51.83,0.653,13,96.45,83.88,Neutral,13.85,4.96,60,0.517,63.03,Rejected
CAND_C70B18,36,11,HR Manager,PhD,HireVue,77.04,0.571,9,87.47,100.0,Confident,17.09,6.0,36,0.341,89.26,Hired
CAND_4006D6,32,15,Data Scientist,Bachelor's,Google Meet,55.59,0.528,8,100.0,100.0,Confident,7.45,3.79,53,0.506,65.96,Rejected
CAND_02B80B,31,12,UX Designer,Associate,Google Meet,79.33,0.473,8,95.22,93.95,Confident,35.29,5.31,41,0.56,81.15,Second Round
CAND_E77BE9,22,1,Data Scientist,Bachelor's,HireVue,172.17,0.537,0,100.0,67.38,Confident,10.75,4.78,38,0.452,100.0,Hired
CAND_C20C3A,23,0,HR Manager,Master's,Teams,75.19,0.547,5,100.0,100.0,Confident,21.35,,29,0.435,91.36,Hired
CAND_026C1F,43,17,UX Designer,Associate,Teams,49.05,0.611,8,100.0,63.66,Confident,7.78,3.68,51,0.6,60.63,Rejected
CAND_289855,22,0,Sales Executive,Master's,Teams,69.29,0.535,12,100.0,90.52,Confident,6.67,3.75,49,0.0,79.12,Hired
CAND_B356AC,46,23,UX Designer,PhD,HireVue,27.29,0.821,18,80.28,97.47,Neutral,25.11,4.34,46,0.238,29.7,Rejected
CAND_467EE0,46,27,Data Scientist,Master's,Zoom,41.55,0.823,16,78.79,49.35,Confident,32.66,4.81,57,0.446,62.57,Rejected
CAND_06EE68,32,14,Marketing Analyst,Bachelor's,Google Meet,53.07,0.473,8,69.53,72.86,Neutral,53.41,6.05,55,0.355,60.01,Rejected
CAND_5E64C3,30,13,Data Scientist,Bachelor's,Zoom,137.3,0.696,1,84.24,87.73,Neutral,22.76,4.56,44,0.353,84.67,Second Round
CAND_1BDE96,36,14,Software Engineer,Bachelor's,Teams,92.06,0.732,3,100.0,86.46,Confident,14.17,4.5,34,0.682,92.09,Hired
CAND_2DEEEE,20,0,HR Manager,PhD,HireVue,69.94,0.322,5,100.0,98.09,Confident,6.56,4.05,38,0.914,83.07,Hired
CAND_08C1EC,37,12,HR Manager,PhD,Google Meet,39.33,0.784,8,76.71,62.78,Neutral,21.47,3.97,31,0.635,46.84,Rejected
CAND_78195F,34,14,Business Analyst,Master's,Google Meet,38.33,0.797,7,78.83,71.39,Neutral,45.65,5.66,45,0.593,42.51,Rejected
CAND_3B5960,25,1,Software Engineer,PhD,Google Meet,46.84,0.868,13,100.0,100.0,Confident,4.7,4.1,34,0.287,63.08,Rejected
CAND_4DEFA3,26,7,Sales Executive,Associate,Teams,,0.596,9,100.0,76.7,Confident,10.35,5.01,58,0.264,74.41,Hired
CAND_8A09DE,34,6,UX Designer,PhD,HireVue,171.8,0.567,0,100.0,100.0,Confident,11.97,4.29,32,0.495,100.0,Hired
CAND_F3493E,32,9,Sales Executive,Associate,Teams,38.56,0.496,10,56.51,66.63,Neutral,51.96,6.58,45,0.164,52.19,Rejected
CAND_973732,30,9,Software Engineer,PhD,Zoom,27.97,0.626,6,100.0,100.0,Confident,24.96,,40,0.577,79.73,Second Round
CAND_B24031,31,9,Sales Executive,Master's,HireVue,88.26,0.517,7,96.53,89.98,Confident,2.72,3.27,47,0.443,85.07,Hired
CAND_03C1FA,22,0,Data Scientist,PhD,HireVue,62.17,0.82,13,100.0,90.61,Neutral,,4.21,41,0.736,71.35,Rejected
CAND_647F1A,28,5,Data Scientist,Associate,Google Meet,57.45,0.671,10,100.0,85.27,Confident,10.78,,61,0.254,75.04,Second Round
CAND_CC5660,30,9,Software Engineer,Master's,HireVue,49.84,0.721,7,100.0,98.15,Confident,7.04,6.16,53,0.623,63.54,Rejected
CAND_B630F3,27,2,Sales Executive,Master's,HireVue,51.57,0.706,9,100.0,100.0,Confident,8.04,3.56,44,0.377,62.99,Rejected
CAND_A37F6A,24,0,UX Designer,Master's,Teams,24.42,0.613,11,87.91,,Confident,20.83,4.3,31,0.685,31.79,Rejected
CAND_8E40D4,32,9,Data Scientist,Bachelor's,HireVue,53.53,0.532,9,89.08,100.0,Confident,22.82,4.79,46,0.266,71.49,Rejected
CAND_F8FC7A,22,0,Business Analyst,Associate,Google Meet,71.74,0.567,7,100.0,82.34,Confident,12.81,4.82,35,0.343,89.41,Second Round
CAND_7C805E,34,9,Sales Executive,Bachelor's,Teams,56.07,0.739,7,100.0,,Confident,13.73,4.0,44,0.462,64.91,Rejected
CAND_D6326E,44,26,Sales Executive,Bachelor's,Google Meet,74.39,0.369,5,79.44,79.11,Neutral,39.81,5.73,27,0.35,66.07,Rejected
CAND_AF99F0,27,5,Data Scientist,PhD,HireVue,49.1,0.509,7,87.65,94.57,Neutral,34.72,6.1,47,0.57,56.59,Rejected
CAND_7D866B,34,11,HR Manager,Associate,Teams,52.36,0.804,13,76.98,67.99,Confident,45.46,7.03,63,0.38,66.92,Rejected
CAND_4D1E8C,28,6,Marketing Analyst,Bachelor's,Zoom,,0.466,6,100.0,90.58,Confident,21.57,5.58,42,0.779,70.63,Hired
CAND_6232D6,21,0,UX Designer,Bachelor's,Google Meet,62.19,0.693,11,89.71,100.0,Confident,36.69,5.27,44,0.333,80.67,Rejected
CAND_E501F8,29,6,HR Manager,Bachelor's,Google Meet,48.44,0.674,12,69.55,44.45,Confident,23.75,5.37,53,0.566,53.95,Rejected
CAND_874081,41,16,HR Manager,Associate,Google Meet,53.14,0.609,6,92.35,100.0,Neutral,23.88,4.66,42,0.47,59.65,Rejected
CAND_FF3B22,34,13,Product Manager,Master's,Zoom,50.99,0.731,6,100.0,83.22,Neutral,4.68,4.24,61,0.436,70.27,Rejected
CAND_AE9C5B,20,0,Sales Executive,PhD,Teams,40.05,0.681,11,65.74,53.23,Neutral,47.76,6.45,48,0.533,44.78,Rejected
CAND_DD5436,23,0,UX Designer,Associate,HireVue,52.53,0.657,8,73.1,90.29,Slouched,34.33,5.32,27,0.576,61.52,Rejected
CAND_AB4323,27,4,Software Engineer,PhD,Google Meet,53.87,0.3,12,92.41,100.0,Confident,8.31,3.27,48,0.449,58.09,Rejected
CAND_B2A93A,20,0,Marketing Analyst,Associate,Teams,53.13,0.779,7,100.0,100.0,Confident,17.07,4.44,43,0.542,58.02,Rejected
CAND_91F716,36,14,HR Manager,Bachelor's,Google Meet,42.88,0.893,10,63.47,62.15,Confident,43.11,6.01,34,0.477,39.28,Rejected
CAND_FD5D61,29,6,UX Designer,Bachelor's,Teams,55.27,0.679,14,100.0,94.69,Confident,16.93,3.89,41,0.485,58.78,Rejected
CAND_49A809,40,19,Marketing Analyst,Master's,Zoom,64.64,0.597,5,100.0,49.03,Confident,13.89,,38,0.593,92.8,Hired
CAND_F36978,26,1,HR Manager,Associate,Google Meet,73.64,0.653,3,80.92,78.75,Confident,21.48,4.35,32,0.491,74.25,Second Round
CAND_70741D,29,9,Marketing Analyst,PhD,Teams,42.33,0.813,15,100.0,87.09,Neutral,4.35,4.18,61,0.435,53.08,Rejected
CAND_CBF9D5,26,4,Data Scientist,Master's,Google Meet,31.96,0.885,9,78.88,79.32,Neutral,22.18,4.04,50,0.276,48.84,Rejected
CAND_1CCAE0,39,17,Software Engineer,PhD,HireVue,56.5,0.516,9,69.06,68.42,Neutral,40.61,5.08,36,0.57,60.88,Rejected
CAND_91B266,23,0,Sales Executive,Associate,Google Meet,31.85,0.685,14,100.0,83.99,Confident,17.35,4.18,37,0.877,54.37,Rejected
CAND_6DBAA5,37,18,UX Designer,Bachelor's,Google Meet,46.11,0.67,8,100.0,99.19,Confident,7.38,5.49,45,0.556,60.85,Rejected
CAND_D5153C,22,0,Product Manager,Associate,HireVue,,0.408,7,91.81,50.73,Confident,13.46,3.77,50,0.739,62.18,Rejected
CAND_E44E91,49,27,Software Engineer,Bachelor's,Google Meet,83.42,0.817,8,100.0,100.0,Confident,16.56,5.28,56,0.706,84.3,Hired
CAND_612D38,32,7,Software Engineer,Bachelor's,Google Meet,73.74,0.903,9,98.22,100.0,Confident,23.92,,28,0.205,68.27,Hired
CAND_0EFA09,25,5,HR Manager,Master's,Zoom,63.82,0.83,14,100.0,100.0,Neutral,19.32,4.04,35,0.666,75.31,Hired
CAND_57667D,28,6,Sales Executive,PhD,Teams,72.31,0.719,12,91.35,70.02,Confident,13.52,3.67,41,0.569,77.32,Second Round
CAND_10F0C5,24,4,Data Scientist,Associate,HireVue,48.29,0.512,8,100.0,100.0,Neutral,20.25,4.46,31,0.451,59.91,Rejected
CAND_89FFE1,40,16,Business Analyst,Bachelor's,Zoom,33.25,0.615,5,92.44,100.0,Confident,33.2,5.1,51,0.496,50.55,Rejected
CAND_088677,34,11,UX Designer,Bachelor's,HireVue,51.42,0.602,9,88.62,96.97,Confident,41.55,6.5,56,0.362,59.95,Rejected
CAND_10F0D2,26,0,Data Scientist,Master's,HireVue,66.81,0.496,11,86.54,64.84,Neutral,36.4,5.97,38,0.429,78.1,Rejected
CAND_AF0D4E,20,0,HR Manager,PhD,Teams,37.91,0.233,6,100.0,68.9,Confident,4.8,3.13,45,0.393,60.39,Rejected
CAND_248295,22,3,Product Manager,Associate,Zoom,69.23,0.714,10,100.0,89.44,Confident,13.64,5.1,56,0.377,74.92,Hired
CAND_34291A,31,9,Sales Executive,Bachelor's,Zoom,71.04,0.613,7,100.0,85.0,Confident,15.25,4.7,49,0.187,84.38,Rejected
CAND_84AB53,23,0,Data Scientist,Master's,Teams,59.71,0.691,11,100.0,100.0,Confident,7.56,4.39,64,0.738,71.92,Hired
CAND_979667,24,0,Software Engineer,Master's,Teams,186.38,0.603,0,100.0,78.64,Confident,17.12,4.22,50,0.787,100.0,Hired
CAND_EB4108,22,0,Marketing Analyst,Bachelor's,Zoom,69.52,0.499,7,100.0,100.0,Confident,21.52,4.35,40,0.826,79.37,Hired
CAND_A4C0E1,49,24,Business Analyst,Master's,HireVue,43.07,0.645,12,84.66,87.02,Confident,38.9,5.29,53,0.392,53.05,Rejected
CAND_E9048E,24,1,Software Engineer,Master's,Google Meet,53.02,0.583,10,100.0,75.99,Neutral,24.41,5.31,29,0.652,70.08,Rejected
CAND_72F630,20,0,Marketing Analyst,Associate,Teams,54.27,0.597,8,78.67,65.37,Slouched,24.2,,29,0.519,61.64,Rejected
CAND_EA26C6,29,9,Business Analyst,PhD,Teams,76.88,0.802,8,100.0,75.26,Confident,12.47,3.79,38,0.955,83.31,Rejected
CAND_6FF432,29,12,Software Engineer,Master's,Zoom,68.94,,9,98.4,82.36,Confident,25.76,4.44,39,0.495,76.81,Rejected
CAND_19D2EF,36,15,UX Designer,Master's,Teams,56.72,0.936,11,98.3,100.0,Confident,15.29,4.23,44,0.612,65.03,Second Round
CAND_7043E8,31,9,HR Manager,Bachelor's,Google Meet,42.12,0.692,13,59.63,45.43,Neutral,57.71,6.78,42,0.107,42.56,Rejected
CAND_02A6BD,26,2,Product Manager,Associate,HireVue,45.75,0.771,7,100.0,81.51,Confident,5.66,3.52,34,0.379,60.74,Rejected
CAND_9B2923,20,0,HR Manager,Master's,Teams,59.14,0.436,10,60.92,61.31,Slouched,43.03,5.16,59,0.763,70.29,Second Round
CAND_9BB2E3,30,7,UX Designer,PhD,Teams,52.14,0.812,9,93.81,100.0,Confident,29.39,5.64,48,0.535,48.37,Rejected
CAND_C7D617,28,6,Business Analyst,Associate,HireVue,78.0,0.83,6,79.2,71.95,Neutral,30.92,5.13,40,0.805,75.06,Hired
CAND_AC6FED,22,0,Data Scientist,Bachelor's,HireVue,23.51,,9,100.0,96.34,Confident,10.49,5.99,56,0.581,63.44,On Hold
CAND_8101AD,46,21,Business Analyst,PhD,Google Meet,48.62,0.668,11,92.19,95.33,Confident,8.88,4.1,42,0.46,63.11,Rejected
CAND_391543,20,0,Marketing Analyst,Bachelor's,Zoom,75.27,0.765,12,100.0,80.41,Confident,12.13,3.8,49,0.832,88.73,Hired
CAND_E7D2B7,25,7,HR Manager,Bachelor's,Zoom,46.59,0.632,7,99.06,73.51,Confident,16.76,4.89,44,0.236,67.95,Hired
CAND_915D28,33,11,Marketing Analyst,Associate,Zoom,26.11,0.716,14,82.85,87.84,Confident,19.87,5.66,43,0.612,47.3,Rejected
CAND_DC6E2C,30,13,Marketing Analyst,PhD,Zoom,64.54,0.643,12,98.84,71.58,Confident,14.55,3.65,60,0.753,70.97,Rejected
CAND_7AC3E7,20,0,HR Manager,Master's,Google Meet,47.25,0.482,15,100.0,78.12,Confident,1.52,3.61,45,0.406,63.97,Rejected
CAND_C63AE3,27,2,HR Manager,Associate,Teams,80.14,0.572,12,100.0,,Confident,25.07,4.94,48,0.503,77.28,Rejected
CAND_2E0EFA,40,14,Product Manager,Master's,Teams,85.39,0.697,5,100.0,80.98,Confident,,3.29,34,0.344,91.2,Hired
CAND_3CA048,25,5,Marketing Analyst,Bachelor's,Google Meet,66.59,0.61,11,100.0,85.08,Confident,39.42,6.6,31,0.375,75.35,Rejected
CAND_854479,31,8,HR Manager,Associate,Teams,67.22,0.482,9,100.0,73.63,Confident,29.89,4.78,40,1.0,87.89,Hired
CAND_5A80F0,28,4,Sales Executive,PhD,Google Meet,66.36,0.686,6,94.54,78.16,Confident,19.87,4.29,37,0.527,76.18,Second Round
CAND_61627A,44,22,UX Designer,PhD,Zoom,53.78,0.799,4,100.0,100.0,Confident,34.08,4.91,64,0.649,58.83,Rejected
CAND_CD5CF9,31,8,Business Analyst,Bachelor's,Zoom,93.07,0.869,5,90.01,66.51,Neutral,21.36,4.59,45,0.603,95.48,Hired
CAND_2B549E,31,9,Data Scientist,Master's,Zoom,59.97,0.679,10,100.0,83.61,Confident,15.27,4.52,48,0.514,62.68,Rejected
CAND_F278F0,40,17,Sales Executive,Bachelor's,HireVue,48.93,0.72,10,85.51,73.96,Neutral,11.46,3.63,44,0.608,61.26,Rejected
CAND_DB08C0,20,0,Product Manager,Associate,HireVue,43.88,0.472,12,82.74,65.75,Neutral,43.41,5.61,24,0.264,52.53,Rejected
CAND_58EF1A,30,6,Data Scientist,Associate,Zoom,,0.505,8,100.0,80.27,Confident,17.35,3.83,29,0.325,88.09,Hired
CAND_A914AB,31,2,Software Engineer,Associate,Google Meet,54.18,0.5,11,70.14,40.87,Neutral,39.57,5.05,50,0.617,62.19,Rejected
CAND_9E338E,38,14,Software Engineer,Associate,Teams,79.66,0.547,6,100.0,81.98,Confident,19.16,4.03,39,0.571,85.56,Hired
CAND_0E3483,41,19,UX Designer,Master's,Zoom,69.58,0.517,7,100.0,73.49,Neutral,3.15,3.34,41,0.522,85.48,Hired
CAND_40F829,20,0,Business Analyst,Bachelor's,HireVue,50.48,0.318,6,75.26,53.68,Confident,41.38,5.79,41,0.399,52.98,Rejected
CAND_9F3A7A,39,13,Business Analyst,Bachelor's,Google Meet,61.55,0.402,13,100.0,100.0,Confident,14.83,4.75,45,0.315,73.17,Hired
CAND_50A825,22,0,Data Scientist,PhD,Google Meet,64.38,0.732,9,100.0,100.0,Confident,26.44,5.72,56,0.626,74.87,Hired
CAND_09855B,20,0,Software Engineer,Associate,Teams,50.85,0.672,8,93.83,84.19,Confident,14.85,4.04,22,0.447,60.89,Rejected
CAND_C720C6,20,0,Software Engineer,Associate,HireVue,71.39,0.449,4,100.0,100.0,Confident,11.38,4.46,48,0.775,88.6,Hired
CAND_4C89A1,27,3,Sales Executive,PhD,Google Meet,34.45,0.683,12,100.0,93.9,Confident,15.61,4.15,42,0.574,60.92,On Hold
CAND_2F6A9B,30,11,Product Manager,Associate,Google Meet,77.85,0.589,4,100.0,69.07,Confident,3.64,,48,0.424,89.33,Second Round
CAND_069314,24,0,Product Manager,Associate,Zoom,53.06,0.787,8,88.03,91.97,Confident,27.12,,51,0.149,43.58,Rejected
CAND_DC8CAA,27,3,Marketing Analyst,Master's,HireVue,52.83,0.599,9,100.0,97.27,Confident,7.37,3.54,42,0.861,57.32,On Hold
CAND_1FE65D,21,0,HR Manager,Master's,Google Meet,67.18,0.546,5,74.06,79.41,Neutral,42.46,6.81,29,0.283,61.2,Rejected
CAND_B9905B,21,0,Sales Executive,Master's,Teams,46.26,0.781,5,94.17,69.65,Neutral,13.38,3.62,44,0.537,59.76,Rejected
CAND_D56463,26,7,Business Analyst,Master's,Zoom,73.26,0.617,9,100.0,91.79,Confident,4.98,4.14,40,0.804,90.88,Hired
CAND_E67FDB,35,15,HR Manager,Associate,Google Meet,86.87,0.578,7,100.0,66.78,Confident,24.55,4.81,58,0.414,88.22,Second Round
CAND_996AA2,28,5,UX Designer,Associate,Google Meet,57.51,0.601,10,100.0,85.11,Confident,4.83,3.58,43,0.472,67.39,Hired
CAND_61E4CB,31,6,Sales Executive,Master's,Google Meet,47.0,0.749,11,92.78,100.0,Confident,19.68,4.33,47,0.662,52.36,Rejected
CAND_B19567,42,22,HR Manager,Master's,Zoom,86.93,0.465,11,100.0,100.0,Confident,13.23,3.96,59,0.602,84.89,Second Round
CAND_EAE166,20,0,Product Manager,Master's,Google Meet,87.23,0.674,5,73.47,83.23,Neutral,55.0,5.62,46,0.698,84.05,Hired
CAND_9E33E6,35,17,UX Designer,Bachelor's,Google Meet,,0.636,13,93.17,90.42,Confident,14.01,4.08,42,0.52,53.79,Rejected
CAND_973FB2,35,9,Software Engineer,Associate,HireVue,61.73,0.463,12,100.0,93.28,Confident,4.07,3.77,45,0.566,74.63,Rejected
CAND_C2CF8B,23,0,Data Scientist,Associate,Teams,65.41,0.605,7,99.55,72.95,Confident,11.16,4.23,37,0.696,84.08,Second Round
CAND_4A8E09,20,1,Product Manager,Master's,Google Meet,,0.528,10,80.84,75.12,Neutral,23.82,4.99,53,0.419,57.49,Rejected
CAND_848F47,29,2,UX Designer,Associate,Teams,69.76,0.353,12,100.0,55.57,Confident,24.13,4.63,39,0.299,82.93,Second Round
CAND_97EB21,36,12,Product Manager,Master's,Teams,74.41,0.571,8,100.0,83.26,Confident,9.57,4.76,46,0.601,84.12,Hired
CAND_4E473D,31,9,HR Manager,Bachelor's,Google Meet,63.7,0.502,6,100.0,83.76,Neutral,,4.08,51,0.598,79.6,Hired
CAND_90DE86,29,8,HR Manager,Bachelor's,Teams,42.42,0.567,16,75.3,71.92,Neutral,42.92,5.29,48,0.641,44.35,Rejected
CAND_CCA35C,38,13,HR Manager,PhD,Teams,77.77,0.441,5,100.0,,Confident,14.26,3.82,43,0.38,86.14,Second Round
CAND_31CAF8,39,8,Software Engineer,Associate,Zoom,48.47,0.677,8,90.5,71.29,Confident,20.6,4.31,37,0.591,45.7,Rejected
CAND_9958F1,28,7,Business Analyst,PhD,Google Meet,56.49,0.644,9,87.42,49.93,Confident,23.48,4.69,43,0.523,68.28,Second Round
CAND_693B27,41,18,Business Analyst,Bachelor's,Teams,56.49,0.707,5,100.0,100.0,Confident,24.42,4.63,71,0.618,69.49,Hired
CAND_7F1BCC,20,1,Business Analyst,Master's,Google Meet,,0.515,9,100.0,94.67,Neutral,34.94,5.79,30,0.3,100.0,Second Round
CAND_0AE255,25,5,Data Scientist,Associate,Teams,52.06,0.396,12,83.7,46.45,Neutral,25.54,5.43,35,0.793,66.24,Rejected
CAND_75B63D,28,8,Business Analyst,PhD,Google Meet,73.61,0.638,11,100.0,,Confident,18.86,4.17,42,0.443,78.86,Second Round
CAND_804C17,38,18,Product Manager,PhD,Google Meet,45.01,0.802,8,100.0,100.0,Neutral,10.56,4.19,45,0.684,63.86,Rejected
CAND_2FB6B0,20,0,Business Analyst,Master's,Google Meet,62.18,0.78,8,100.0,72.25,Confident,0.97,3.63,50,0.671,78.88,Second Round
CAND_05B755,39,18,Data Scientist,Bachelor's,Teams,81.7,0.458,5,100.0,74.44,Confident,18.19,4.46,47,0.826,79.82,Second Round
CAND_DDE8E8,20,0,Software Engineer,Master's,Teams,48.69,0.703,16,86.55,69.66,Confident,15.37,5.3,30,0.321,60.18,Rejected
CAND_833B86,40,19,Data Scientist,PhD,Google Meet,42.65,0.515,11,69.19,71.77,Confident,34.6,4.68,43,0.43,50.35,Rejected
CAND_C57244,39,19,Product Manager,Bachelor's,Teams,67.35,0.639,14,79.55,59.48,Confident,40.55,6.72,21,0.334,70.46,Hired
CAND_58FB42,34,13,Marketing Analyst,PhD,Google Meet,68.6,0.597,11,81.56,69.52,Confident,23.1,4.43,46,0.525,77.61,Rejected
CAND_8D1332,20,0,HR Manager,Bachelor's,HireVue,65.86,0.799,9,96.98,61.86,Confident,21.17,4.62,40,0.562,62.99,Rejected
CAND_EA0DBC,26,0,Software Engineer,Master's,Google Meet,53.96,,12,84.83,78.65,Confident,25.41,5.37,49,0.612,67.89,Rejected
CAND_00148F,20,0,Software Engineer,Bachelor's,Teams,34.71,0.752,10,74.02,58.05,Slouched,37.83,5.26,40,0.596,46.69,Rejected
CAND_39D790,33,8,Data Scientist,Master's,HireVue,35.95,0.498,6,100.0,96.75,Confident,9.62,3.5,56,0.589,60.72,Rejected
CAND_F28073,29,0,HR Manager,Associate,Google Meet,83.23,0.547,7,91.15,88.88,Confident,13.53,4.6,47,0.484,79.68,Second Round
CAND_0854E1,32,12,UX Designer,Bachelor's,HireVue,42.12,0.696,8,83.55,73.75,Neutral,17.08,4.07,44,0.754,53.73,On Hold
CAND_F80D40,27,8,Marketing Analyst,PhD,Teams,68.12,,9,93.66,77.68,Confident,13.25,4.0,60,0.686,76.31,Rejected
CAND_F472D9,25,0,Data Scientist,Master's,Teams,51.44,0.739,13,99.25,84.17,Confident,10.17,3.9,39,0.343,70.49,Second Round
CAND_B87494,28,8,Marketing Analyst,Bachelor's,Teams,72.37,0.711,7,100.0,100.0,Confident,11.29,4.11,57,0.323,75.73,Hired
CAND_8D32EF,44,24,Product Manager,PhD,Zoom,78.97,0.593,6,99.1,100.0,Confident,17.28,6.71,31,0.557,79.11,Second Round
CAND_2CF063,35,12,UX Designer,Bachelor's,Zoom,35.45,0.717,13,65.88,54.42,Neutral,29.59,,52,0.245,49.01,Rejected
CAND_C9D57C,39,15,Business Analyst,PhD,Zoom,77.87,0.656,9,95.74,80.14,Confident,16.57,4.51,49,0.347,73.58,Rejected
CAND_8FB04C,36,17,Marketing Analyst,Master's,HireVue,44.29,,12,69.53,56.31,Confident,23.08,4.16,38,0.992,50.29,Rejected
CAND_870DA5,24,1,Software Engineer,Bachelor's,Google Meet,50.38,0.743,3,100.0,84.85,Confident,5.54,3.51,44,0.5,61.97,Rejected
CAND_B225C2,50,26,Product Manager,PhD,Zoom,84.07,0.405,7,96.15,85.6,Confident,32.28,5.17,52,0.315,95.23,Hired
CAND_5C5FF5,26,7,Data Scientist,Associate,Google Meet,65.64,0.69,4,97.67,83.89,Confident,9.53,3.72,48,0.844,78.56,Rejected
CAND_0B3144,21,0,UX Designer,Associate,Teams,75.41,0.832,11,96.84,100.0,Confident,30.39,5.32,54,0.407,80.1,Rejected
CAND_54E1B7,44,20,HR Manager,Master's,HireVue,57.11,0.53,6,100.0,57.96,Confident,9.83,4.45,46,0.494,65.24,Hired
CAND_D67DA9,31,12,HR Manager,PhD,Teams,75.29,0.347,10,100.0,100.0,Confident,5.1,3.46,47,0.467,74.61,Rejected
CAND_9FC9CE,23,6,Product Manager,Associate,Teams,40.64,0.601,10,77.5,61.56,Neutral,27.52,4.81,49,0.221,46.07,On Hold
CAND_3D0FA8,27,5,Sales Executive,Master's,Google Meet,,0.593,13,79.63,85.71,Confident,38.52,6.46,56,0.595,64.93,Rejected
CAND_36D2FD,26,3,HR Manager,Master's,Zoom,139.76,0.527,2,100.0,81.02,Confident,4.57,,30,0.394,100.0,Hired
CAND_DDCCD1,34,13,UX Designer,Associate,HireVue,65.35,0.714,4,93.67,100.0,Confident,24.56,,44,0.614,66.35,Second Round
CAND_3435B5,34,8,Product Manager,Bachelor's,Zoom,68.56,0.606,12,90.07,66.38,Neutral,12.75,3.34,34,0.163,79.18,Rejected
CAND_7D8654,34,19,Data Scientist,Bachelor's,Zoom,65.77,0.772,4,95.79,85.96,Confident,7.62,3.43,41,0.222,77.3,Hired
CAND_8DC1D5,42,15,Marketing Analyst,Master's,Zoom,89.24,0.75,9,100.0,,Confident,22.44,5.04,61,0.377,84.3,Hired
CAND_B26254,23,0,Data Scientist,PhD,Zoom,66.8,0.732,10,94.03,70.64,Neutral,10.47,4.17,57,0.211,80.55,Hired
CAND_3A2951,30,11,Sales Executive,Master's,Google Meet,62.27,0.373,13,100.0,92.85,Confident,5.54,3.83,43,0.301,74.05,Second Round
CAND_A651F8,27,5,UX Designer,Bachelor's,Google Meet,63.99,0.671,7,100.0,100.0,Confident,7.99,3.45,37,0.304,71.08,Hired
CAND_6CFD1A,42,21,Software Engineer,Bachelor's,Google Meet,46.07,,14,76.07,69.56,Neutral,45.29,6.6,41,0.73,58.54,Rejected
CAND_3FF4FD,36,15,HR Manager,Master's,Zoom,46.84,0.636,15,60.73,54.38,Neutral,66.44,6.64,62,0.681,42.2,Rejected
CAND_5932FE,24,0,UX Designer,Associate,HireVue,60.09,0.414,11,93.91,67.11,Neutral,26.84,5.17,43,0.482,73.23,Hired
CAND_75A339,20,0,Marketing Analyst,Master's,HireVue,73.25,0.39,10,100.0,,Confident,9.3,3.64,47,0.668,69.08,Rejected
CAND_02317E,23,0,Data Scientist,Associate,Teams,55.8,0.207,5,100.0,76.73,Confident,21.51,4.67,46,0.409,66.48,Rejected
CAND_D0317E,31,7,Data Scientist,PhD,Google Meet,53.3,0.721,7,100.0,100.0,Confident,11.98,4.01,54,0.922,76.91,Hired
CAND_6A5E29,23,0,Business Analyst,Bachelor's,Zoom,82.39,0.704,5,100.0,61.35,Confident,11.74,4.27,42,0.337,99.15,Hired
CAND_CDCBCF,45,23,HR Manager,PhD,Teams,55.98,0.539,13,95.47,92.08,Confident,28.76,5.0,53,0.44,74.14,Hired
CAND_E72899,20,0,Marketing Analyst,PhD,Google Meet,57.66,,15,100.0,56.73,Neutral,18.03,4.49,38,1.0,82.13,Hired
CAND_71360D,32,16,Sales Executive,PhD,Google Meet,46.23,0.752,8,72.53,63.42,Neutral,32.4,4.91,42,0.212,48.42,Rejected
CAND_461BB5,42,23,Data Scientist,Bachelor's,Teams,69.15,0.685,10,100.0,85.58,Confident,,3.97,57,0.698,76.56,Rejected
CAND_FF330F,43,23,Product Manager,Associate,HireVue,22.99,0.302,15,58.03,64.19,Neutral,32.54,4.57,26,0.613,30.04,Rejected
CAND_3B59E9,27,2,Data Scientist,Bachelor's,HireVue,64.99,0.773,9,100.0,66.29,Confident,7.35,4.13,45,0.63,73.78,Second Round
CAND_BC5088,45,20,Data Scientist,PhD,Teams,62.59,0.438,4,67.63,77.96,Neutral,40.15,5.27,41,0.298,56.85,Rejected
CAND_95A395,40,17,Business Analyst,PhD,HireVue,70.53,0.49,10,100.0,100.0,Confident,14.74,3.57,41,0.907,82.56,Second Round
CAND_92C14F,44,23,HR Manager,PhD,Teams,56.56,0.623,7,87.83,85.27,Confident,16.14,3.68,50,0.687,66.43,Rejected
CAND_D33916,20,0,UX Designer,Associate,HireVue,55.81,0.388,12,100.0,100.0,Confident,0.55,3.17,57,0.535,73.52,Rejected
CAND_70B531,26,2,Sales Executive,Master's,HireVue,93.25,0.666,5,99.9,,Confident,13.85,3.63,35,0.524,96.34,Hired
CAND_FB2374,27,4,UX Designer,Bachelor's,Teams,39.0,0.493,11,81.49,80.93,Confident,24.93,4.82,30,0.271,50.19,Rejected
CAND_C063CA,49,30,Software Engineer,PhD,HireVue,55.99,0.712,13,63.95,51.57,Neutral,49.11,6.22,51,0.62,56.97,Rejected
CAND_303CC0,27,1,Software Engineer,PhD,Google Meet,71.92,0.592,11,100.0,100.0,Confident,5.92,3.42,39,0.554,71.24,Hired
CAND_EAC4BC,30,13,Marketing Analyst,Associate,Teams,60.19,0.725,5,100.0,75.21,Confident,14.85,3.89,49,0.321,71.77,Hired
CAND_FD0BAD,28,0,HR Manager,Master's,Teams,38.51,0.591,17,78.7,,Neutral,13.88,3.59,42,0.461,54.46,Rejected
CAND_211855,29,2,Product Manager,Bachelor's,Teams,72.71,0.688,6,100.0,86.51,Confident,7.94,3.15,32,0.395,80.28,Hired
CAND_35408D,41,17,HR Manager,PhD,Zoom,47.02,0.562,6,95.67,95.03,Confident,9.18,4.13,59,0.523,55.0,On Hold
CAND_DA14EB,28,12,Data Scientist,Associate,Teams,,0.642,9,99.82,100.0,Confident,19.17,4.93,46,0.61,69.69,Rejected
CAND_A3D23D,29,8,Data Scientist,Master's,Zoom,29.57,0.57,9,100.0,100.0,Confident,7.14,3.79,46,0.625,52.3,Rejected
CAND_3D1150,31,11,Product Manager,Associate,Teams,21.22,0.495,11,82.52,55.32,Confident,28.6,5.05,62,0.728,50.73,Rejected
CAND_159611,38,20,Marketing Analyst,Associate,HireVue,54.6,0.476,8,100.0,76.63,Neutral,23.58,4.68,54,0.52,67.86,Rejected
CAND_51743D,35,14,Software Engineer,PhD,Zoom,74.81,,5,92.21,,Confident,32.78,4.96,34,0.416,75.68,Second Round
CAND_D570A8,39,14,Software Engineer,Master's,Teams,68.14,0.759,11,100.0,91.76,Confident,13.55,4.74,29,0.352,78.02,Rejected
CAND_ADC42D,25,0,Sales Executive,PhD,Google Meet,31.82,0.429,18,100.0,96.48,Confident,7.81,4.0,33,0.714,76.88,Rejected
CAND_26081D,31,10,Product Manager,PhD,Zoom,58.27,0.575,7,100.0,63.29,Confident,8.23,4.95,36,0.56,64.58,Rejected
CAND_E42A79,20,0,UX Designer,Associate,Zoom,65.58,0.681,11,100.0,90.51,Confident,19.12,4.59,51,0.484,73.32,Hired
CAND_3E0F11,45,22,Data Scientist,Associate,HireVue,47.59,0.62,7,94.81,100.0,Confident,24.43,4.78,60,0.348,56.6,Rejected
CAND_8F3A42,20,0,HR Manager,Master's,Zoom,54.91,0.915,13,67.57,40.69,Neutral,48.05,5.92,51,0.352,62.42,Rejected
CAND_31286D,27,3,HR Manager,Master's,Google Meet,56.18,0.362,5,100.0,80.45,Confident,4.06,3.38,48,0.835,66.42,Rejected
CAND_C7FC06,28,0,Business Analyst,PhD,Zoom,82.24,0.547,9,100.0,89.41,Confident,19.98,4.98,31,0.527,81.23,Hired
CAND_6E55EE,24,0,Data Scientist,Bachelor's,Teams,53.55,0.69,10,77.62,53.6,Confident,31.43,,41,0.888,52.6,Rejected
CAND_7609DC,28,6,UX Designer,Master's,Zoom,51.48,0.468,10,100.0,90.68,Confident,,3.69,35,0.529,71.57,Second Round
CAND_C99012,32,14,Software Engineer,Associate,Zoom,21.29,0.825,18,85.17,56.97,Neutral,13.41,4.43,41,0.372,32.6,On Hold
CAND_206856,39,16,Marketing Analyst,Bachelor's,Google Meet,69.88,0.234,6,95.6,93.41,Confident,37.04,4.99,35,0.349,74.18,Hired
CAND_9ACB9E,32,10,UX Designer,PhD,HireVue,76.98,0.495,9,97.78,66.32,Confident,5.89,5.1,34,0.441,80.29,Second Round
CAND_890D94,30,9,Data Scientist,PhD,HireVue,67.08,0.471,7,91.97,100.0,Neutral,23.58,5.43,35,0.48,73.02,Hired
CAND_BB7D53,20,0,Data Scientist,Master's,Zoom,74.43,0.642,9,100.0,99.85,Confident,18.33,6.77,24,0.71,77.14,Rejected
CAND_ECEB1F,20,0,Sales Executive,Bachelor's,Google Meet,64.53,0.836,9,100.0,88.63,Confident,26.87,5.11,37,0.547,66.26,Second Round
CAND_3DAF78,20,0,Data Scientist,Bachelor's,Teams,47.34,0.632,8,100.0,,Confident,12.01,6.47,53,0.669,54.92,Rejected
CAND_85BCC7,25,5,Product Manager,Master's,Google Meet,45.68,0.876,11,99.91,74.91,Confident,20.48,3.94,36,0.581,60.59,Rejected
CAND_3F4B9C,48,27,Marketing Analyst,PhD,HireVue,85.5,0.371,7,100.0,70.97,Neutral,28.52,5.42,40,0.466,97.38,Hired
CAND_D6666E,32,18,HR Manager,Master's,Teams,48.16,0.65,15,78.67,70.45,Confident,42.45,5.45,56,0.364,52.5,Rejected
CAND_3EBA37,20,0,Data Scientist,Master's,HireVue,77.72,0.46,7,100.0,,Confident,10.73,3.57,29,0.427,79.11,Rejected
CAND_D25825,37,15,Marketing Analyst,Bachelor's,HireVue,45.97,0.496,14,74.8,53.28,Neutral,44.71,4.97,54,0.689,43.38,On Hold
CAND_F49B6A,42,19,Marketing Analyst,Master's,Zoom,49.04,0.75,15,97.16,85.23,Confident,25.19,5.39,41,0.398,48.88,Rejected
CAND_630E3A,26,6,Business Analyst,Bachelor's,Zoom,60.19,0.698,7,100.0,67.78,Confident,6.16,3.49,50,0.694,75.23,Second Round
CAND_B7C019,20,0,Marketing Analyst,Associate,Google Meet,68.81,0.483,5,75.25,58.89,Neutral,41.94,5.62,39,0.659,69.87,Second Round
CAND_A93375,35,18,Product Manager,Bachelor's,HireVue,77.38,0.861,7,87.36,83.88,Neutral,30.04,4.56,60,0.588,70.92,Second Round
CAND_F1BA4D,26,2,HR Manager,Associate,Teams,52.69,0.523,7,100.0,100.0,Confident,6.67,3.5,44,0.414,62.55,Rejected
CAND_2A1705,20,0,Business Analyst,PhD,Zoom,56.4,0.643,11,100.0,100.0,Confident,10.87,4.0,45,0.847,73.57,Rejected
CAND_6F9CAC,26,10,Marketing Analyst,Bachelor's,Zoom,54.38,0.753,11,65.81,47.05,Neutral,39.88,5.96,33,0.746,63.31,Rejected
CAND_0B1212,31,8,Software Engineer,Master's,Zoom,29.45,0.512,6,63.13,45.53,Confident,23.1,4.3,37,0.665,37.02,Rejected
CAND_F3CF36,34,14,HR Manager,Bachelor's,Teams,64.23,0.545,7,80.79,89.69,Confident,45.72,5.87,54,0.248,54.49,Rejected
CAND_F63888,25,1,Data Scientist,PhD,HireVue,58.01,0.609,9,79.44,87.47,Confident,32.28,4.71,61,0.906,65.07,Second Round
CAND_284A82,32,8,Sales Executive,Bachelor's,Zoom,74.87,0.485,7,100.0,82.32,Confident,6.54,3.76,50,0.431,78.03,Rejected
CAND_B7AC3B,38,21,HR Manager,Associate,Teams,75.76,0.383,4,100.0,79.07,Confident,20.09,4.68,28,0.526,91.65,Hired
CAND_D69B58,29,4,Business Analyst,Associate,Teams,76.52,0.845,8,100.0,85.23,Confident,11.68,4.46,58,0.411,91.52,Second Round
CAND_31FA77,23,0,Marketing Analyst,Associate,Zoom,46.99,0.889,6,83.29,69.14,Confident,19.92,4.69,60,0.0,57.97,Rejected
CAND_F5B59A,30,6,Product Manager,Master's,Google Meet,69.53,0.421,6,93.37,59.75,Confident,,4.58,42,0.304,73.53,Second Round
CAND_98425B,29,7,HR Manager,Bachelor's,Google Meet,50.43,0.61,12,94.03,78.12,Neutral,18.65,4.38,51,0.304,61.08,Rejected
CAND_AC8A5D,23,2,UX Designer,Bachelor's,Teams,73.13,0.564,4,96.41,86.83,Confident,12.55,3.85,60,0.592,79.4,Second Round
CAND_A42F48,35,16,HR Manager,PhD,Google Meet,31.88,0.745,11,90.12,63.19,Neutral,6.97,3.33,35,0.629,46.61,Rejected
CAND_520179,34,8,Data Scientist,PhD,HireVue,37.87,0.554,15,100.0,92.16,Confident,5.75,3.32,47,0.593,56.59,On Hold
CAND_388E54,36,13,Sales Executive,Associate,Teams,72.52,0.305,10,87.24,66.35,Neutral,32.77,5.09,48,0.319,75.64,Rejected
CAND_98B227,21,0,Software Engineer,Bachelor's,HireVue,37.39,0.645,7,64.77,81.12,Confident,25.28,4.74,38,0.581,44.14,Rejected
CAND_5A018D,37,11,Product Manager,Master's,Google Meet,63.37,0.567,11,85.32,,Confident,18.54,4.9,34,0.458,75.57,Second Round
CAND_F756F4,20,0,Product Manager,Associate,Google Meet,39.86,0.55,5,78.12,60.33,Neutral,19.53,4.3,53,0.275,50.03,Rejected
CAND_F895AA,20,0,Software Engineer,Master's,Zoom,77.55,0.723,6,100.0,,Confident,15.64,4.48,47,0.0,89.22,Hired
CAND_7EB08F,23,0,Product Manager,PhD,Google Meet,52.09,0.576,8,100.0,83.98,Confident,,3.97,32,0.462,79.67,Rejected
CAND_50B409,26,5,Sales Executive,PhD,Zoom,,0.547,15,79.92,59.96,Neutral,51.63,6.69,52,0.765,68.0,Hired
CAND_E854D1,34,10,HR Manager,PhD,Zoom,58.18,0.585,13,89.7,77.6,Neutral,18.7,4.38,21,0.449,68.53,Rejected
CAND_2F3EA9,30,6,Product Manager,Associate,Zoom,40.39,0.2,13,100.0,91.77,Confident,20.95,4.14,42,0.245,55.92,Rejected
CAND_ACB6D4,31,12,UX Designer,Associate,Teams,33.61,0.599,8,68.27,,Neutral,44.91,5.23,62,0.535,43.02,Rejected
CAND_04B29A,23,0,UX Designer,Master's,Zoom,35.17,0.762,10,81.68,46.42,Neutral,28.24,6.39,26,0.54,59.19,Rejected
CAND_628408,35,15,Marketing Analyst,PhD,Zoom,77.97,0.412,6,100.0,84.81,Confident,9.39,4.11,47,0.661,93.65,Hired
CAND_E8337A,37,10,Sales Executive,Associate,HireVue,,0.511,12,100.0,79.58,Confident,5.71,4.14,49,0.144,67.04,Rejected
CAND_FB5B8C,29,6,HR Manager,PhD,Zoom,45.3,0.645,14,100.0,,Confident,22.47,5.31,36,0.25,61.89,Rejected
CAND_15B9D4,36,13,HR Manager,PhD,Teams,52.38,0.419,6,100.0,73.41,Confident,4.84,3.39,50,0.635,75.01,Second Round
CAND_EC81FD,36,12,HR Manager,Associate,Google Meet,62.62,0.598,8,95.04,91.82,Neutral,11.57,4.85,29,0.177,72.77,Hired
CAND_CDF782,27,9,HR Manager,PhD,Zoom,77.14,0.33,2,82.84,69.9,Confident,28.11,,49,0.0,87.12,Hired
CAND_E15C55,28,8,Data Scientist,Bachelor's,Zoom,75.96,0.627,6,78.52,,Confident,24.11,4.9,54,0.132,63.36,Rejected
CAND_5656DD,22,0,Sales Executive,Bachelor's,HireVue,38.16,0.698,6,100.0,100.0,Confident,3.65,4.01,48,0.558,56.55,Rejected
CAND_20939B,21,0,Marketing Analyst,Associate,Teams,45.26,0.726,11,92.7,86.83,Confident,21.68,6.25,51,0.672,52.86,Rejected
CAND_25684F,31,4,HR Manager,Bachelor's,Teams,,,5,100.0,54.43,Confident,7.26,3.35,28,0.363,81.9,Second Round
CAND_8CB44B,28,8,Business Analyst,Associate,HireVue,42.32,,7,64.78,43.24,Neutral,54.55,5.78,47,0.431,45.74,Rejected
CAND_F6FC1B,38,21,HR Manager,Bachelor's,Google Meet,39.81,0.714,9,74.46,35.78,Neutral,27.11,4.34,59,0.16,51.36,Rejected
CAND_016A98,20,1,Marketing Analyst,PhD,Google Meet,54.35,0.331,8,80.7,54.63,Slouched,25.79,4.28,45,0.992,58.52,Rejected
CAND_185727,33,15,HR Manager,Master's,Zoom,40.41,0.658,6,99.1,80.07,Confident,3.25,5.1,46,0.637,55.89,Rejected
CAND_B2D425,27,3,Software Engineer,Bachelor's,Zoom,62.46,0.55,10,96.16,68.84,Confident,16.02,7.02,36,0.788,69.55,Second Round
CAND_FA581C,23,5,Business Analyst,PhD,Teams,39.04,0.66,12,97.73,78.77,Confident,7.93,4.21,47,0.641,50.66,Rejected
CAND_5F38B2,42,24,UX Designer,Associate,Teams,68.85,0.585,6,78.83,38.73,Confident,36.4,6.86,42,0.672,80.64,Second Round
CAND_924F3B,26,9,Software Engineer,Associate,Teams,63.95,0.657,9,100.0,100.0,Confident,12.08,4.48,63,0.142,80.44,Second Round
CAND_45C72A,20,0,Product Manager,Associate,Google Meet,62.1,0.412,18,94.24,96.51,Confident,27.55,5.67,38,0.418,58.01,Rejected
CAND_C7572B,25,0,UX Designer,Bachelor's,Teams,61.55,0.834,10,96.76,85.26,Confident,16.14,3.69,34,0.38,81.4,Second Round
CAND_34CDAE,27,4,HR Manager,PhD,Teams,39.38,0.444,10,82.26,69.17,Neutral,18.45,4.96,42,0.43,47.62,Rejected
CAND_A9CF69,31,5,Data Scientist,Bachelor's,HireVue,32.08,0.429,10,65.83,45.64,Confident,33.82,4.69,36,0.202,40.43,Rejected
CAND_705C8D,38,12,Data Scientist,Associate,Zoom,22.17,0.455,6,70.26,60.97,Neutral,31.92,5.45,37,0.454,51.69,Rejected
CAND_F17A33,33,7,Sales Executive,PhD,Teams,,0.548,7,100.0,98.26,Confident,17.49,,30,0.717,79.49,Hired
CAND_7BC991,35,15,Marketing Analyst,Master's,Teams,60.7,0.594,11,100.0,100.0,Confident,3.51,3.28,35,0.608,74.67,Hired
CAND_49E5E8,20,0,Marketing Analyst,Bachelor's,Google Meet,64.37,0.929,2,94.4,94.94,Confident,4.57,3.51,46,0.411,75.33,Second Round
CAND_929606,43,22,Software Engineer,Bachelor's,Zoom,82.27,0.484,6,100.0,,Confident,24.09,,50,0.278,93.83,Hired
CAND_6F3885,47,27,Data Scientist,Bachelor's,Teams,83.13,0.72,6,92.68,82.23,Confident,31.48,4.85,42,0.417,76.08,Rejected
CAND_FE2966,28,7,Data Scientist,Bachelor's,HireVue,89.96,0.644,12,100.0,93.67,Confident,28.69,5.26,61,0.73,76.77,Hired
CAND_3D0B23,30,6,UX Designer,Associate,Zoom,32.99,0.609,7,66.66,54.92,Neutral,41.32,6.32,59,0.798,40.88,Rejected
CAND_5172D5,45,24,HR Manager,Bachelor's,HireVue,80.27,0.394,5,94.52,,Confident,21.72,5.09,45,0.44,73.18,Hired
CAND_040C36,23,1,UX Designer,Associate,HireVue,54.35,0.453,8,100.0,83.2,Confident,,3.73,44,0.585,80.14,Hired
CAND_7D8328,20,0,Sales Executive,Master's,Teams,51.81,0.771,12,100.0,90.6,Confident,3.06,4.21,61,0.286,69.0,Rejected
CAND_CEDE94,32,6,Software Engineer,Bachelor's,Google Meet,67.15,0.274,8,91.54,60.83,Confident,26.19,4.63,55,0.157,68.19,Hired
CAND_72D9C0,34,11,Software Engineer,Master's,Google Meet,38.71,0.457,7,100.0,73.49,Confident,6.28,4.68,42,0.442,54.89,Rejected
CAND_6FB365,40,12,Software Engineer,Bachelor's,Teams,75.29,0.706,10,96.23,46.79,Confident,22.89,4.91,48,0.7,74.95,Hired
CAND_E29CF4,26,4,Data Scientist,Master's,Zoom,74.25,0.403,4,77.94,47.58,Slouched,21.11,5.2,42,0.457,74.48,Second Round
CAND_1D5353,34,9,Product Manager,PhD,Google Meet,62.8,0.781,9,100.0,87.62,Confident,13.02,5.19,57,0.213,60.79,Rejected
CAND_10D796,20,0,Business Analyst,PhD,HireVue,56.26,,11,100.0,81.23,Confident,5.67,4.56,40,0.505,65.31,Hired
CAND_DAB4AF,38,15,HR Manager,Master's,Google Meet,46.4,0.228,7,94.01,82.91,Confident,19.08,,55,0.043,60.2,Rejected
CAND_D67FB2,24,6,Marketing Analyst,Associate,Zoom,38.96,0.688,8,100.0,,Confident,17.68,3.77,45,0.869,48.16,Rejected
CAND_0B7323,39,20,Marketing Analyst,Master's,Teams,61.72,0.644,7,100.0,100.0,Confident,9.21,4.0,55,0.446,70.48,Rejected
CAND_5FF7F2,27,4,Sales Executive,Associate,Google Meet,64.23,0.578,10,78.21,100.0,Confident,18.14,4.95,51,0.484,64.96,Rejected
CAND_823475,35,10,HR Manager,Associate,Teams,93.71,0.535,6,77.31,54.5,Neutral,45.49,5.43,42,0.242,90.8,Hired
CAND_00BA0C,44,20,Data Scientist,Associate,Teams,71.32,0.254,9,99.77,75.52,Confident,31.33,4.47,50,0.517,81.54,Second Round
CAND_07AE0F,31,10,Marketing Analyst,Associate,Google Meet,62.02,0.83,10,100.0,100.0,Confident,16.15,4.43,52,0.657,75.18,Rejected
CAND_F5C424,33,9,Business Analyst,Associate,Zoom,56.26,0.657,12,82.36,77.42,Neutral,18.5,4.8,37,0.609,75.6,Rejected
CAND_729338,30,8,HR Manager,Master's,Google Meet,32.95,0.874,13,100.0,69.12,Confident,3.78,3.42,35,0.301,58.06,Rejected
CAND_4A7950,26,2,Business Analyst,PhD,Teams,47.75,0.622,10,100.0,79.98,Confident,1.51,3.52,52,0.408,61.93,Rejected
CAND_1D960B,40,24,Software Engineer,PhD,Zoom,60.54,0.463,7,80.61,86.14,Slouched,30.34,4.87,25,0.17,76.1,Hired
CAND_BFBFEE,21,2,Business Analyst,Master's,Zoom,44.5,,12,67.81,64.4,Neutral,31.04,5.73,54,0.483,49.16,Rejected
CAND_345B7E,25,2,UX Designer,Master's,Zoom,,0.564,3,100.0,72.37,Confident,8.97,4.45,38,0.835,77.19,Rejected
CAND_FBE3FE,24,3,Data Scientist,Associate,HireVue,81.79,0.371,8,100.0,100.0,Confident,11.07,4.03,55,0.698,100.0,Hired
CAND_B14E29,33,6,UX Designer,Master's,Zoom,61.01,0.811,10,100.0,100.0,Confident,2.45,3.39,38,0.373,70.64,Second Round
CAND_1CDD85,29,10,Software Engineer,PhD,HireVue,,0.682,11,89.43,,Neutral,,,71,0.486,69.9,Second Round
CAND_68A586,31,10,Business Analyst,Associate,Teams,34.08,0.688,14,100.0,79.18,Confident,,4.61,48,0.492,55.72,Rejected
CAND_04C72E,38,18,Software Engineer,Bachelor's,HireVue,50.64,0.821,12,100.0,100.0,Confident,9.96,3.27,56,0.117,65.97,Second Round
CAND_C82CD4,29,5,Software Engineer,Bachelor's,Google Meet,81.37,0.501,7,100.0,94.89,Neutral,8.58,3.79,53,0.48,78.24,Second Round
CAND_0643BD,32,10,Sales Executive,Bachelor's,HireVue,63.57,0.526,8,100.0,100.0,Confident,17.61,,49,0.681,80.32,Hired
CAND_9D2F67,34,7,Business Analyst,Associate,Zoom,51.76,0.602,12,100.0,97.3,Confident,6.44,,51,0.261,59.73,Rejected
CAND_3ECF72,25,0,Software Engineer,Associate,Google Meet,36.26,0.771,11,81.86,89.77,Neutral,46.77,5.51,35,0.315,51.17,Rejected
CAND_345342,35,9,Sales Executive,Bachelor's,Google Meet,72.08,0.563,5,100.0,100.0,Confident,4.38,3.05,51,0.536,84.57,Second Round
CAND_A3EDE5,34,16,Software Engineer,Master's,Zoom,64.24,0.465,11,100.0,,Confident,20.45,4.3,55,0.505,79.23,Hired
CAND_24DC33,28,5,Data Scientist,PhD,HireVue,75.04,0.603,11,80.75,92.21,Confident,18.27,4.59,28,0.702,83.16,Hired
CAND_E72C11,30,11,UX Designer,PhD,Zoom,,0.457,11,98.04,100.0,Confident,,5.19,45,0.611,71.83,Hired
CAND_6EAD8B,29,0,Marketing Analyst,Bachelor's,Zoom,42.42,0.588,11,100.0,100.0,Confident,24.98,,44,0.441,60.62,Rejected
CAND_E54207,30,6,Marketing Analyst,PhD,HireVue,36.59,0.371,12,100.0,100.0,Confident,2.74,3.0,42,0.45,64.01,Rejected
CAND_B9E957,22,7,Product Manager,Associate,Zoom,46.67,0.766,9,83.87,87.11,Confident,25.79,4.24,50,0.51,67.1,Hired
CAND_CD81B7,22,2,HR Manager,Associate,Zoom,51.12,0.505,6,100.0,65.08,Neutral,8.59,4.06,46,0.551,64.88,Rejected
CAND_B81C14,36,16,Sales Executive,Associate,Google Meet,75.19,0.8,4,100.0,80.57,Confident,4.02,3.79,45,0.847,91.36,Hired
CAND_89B1E9,25,1,Sales Executive,Master's,Zoom,66.05,0.651,12,91.65,87.38,Confident,18.41,3.87,36,0.416,79.74,Rejected
CAND_390515,39,15,Data Scientist,PhD,Teams,36.84,0.788,8,59.93,58.16,Neutral,53.21,6.65,54,0.683,46.84,Rejected
CAND_9B8B99,21,0,UX Designer,Bachelor's,Zoom,52.33,0.519,6,100.0,100.0,Confident,12.17,4.43,44,0.571,71.81,Rejected
CAND_0E0859,29,6,Software Engineer,Master's,HireVue,42.29,0.454,8,84.67,92.18,Confident,42.61,5.59,45,0.498,50.32,On Hold
CAND_035284,33,10,Sales Executive,Bachelor's,Google Meet,85.85,0.474,5,92.49,60.11,Confident,38.2,5.93,23,0.224,82.21,Hired
CAND_31799C,36,14,Business Analyst,PhD,HireVue,72.24,,8,85.68,100.0,Confident,31.09,6.44,32,0.534,78.8,Rejected
CAND_46934F,21,0,Data Scientist,Master's,Teams,50.35,0.759,10,84.17,73.79,Confident,20.04,6.29,42,0.703,62.42,Rejected
CAND_1D253E,39,22,Sales Executive,Master's,HireVue,70.69,,8,62.19,51.65,Slouched,58.6,6.61,47,0.437,63.46,Rejected
CAND_8DDBC6,30,6,Product Manager,PhD,Zoom,80.46,0.679,12,77.19,46.38,Neutral,42.53,5.77,56,0.696,64.33,Rejected
CAND_B03B25,25,6,Data Scientist,Master's,Zoom,54.63,0.709,13,100.0,74.6,Confident,6.98,5.78,34,0.134,63.66,Rejected
CAND_4AB410,36,11,Marketing Analyst,Bachelor's,HireVue,50.57,0.717,9,100.0,58.11,Confident,15.16,,47,0.283,67.63,Hired
CAND_A71B0E,35,15,Business Analyst,PhD,Zoom,66.37,0.656,6,92.26,89.15,Neutral,33.5,5.0,36,0.327,66.99,Second Round
CAND_72BA6D,26,9,Business Analyst,Associate,Teams,57.55,0.554,11,83.08,100.0,Confident,36.05,5.22,37,0.39,68.0,Hired
CAND_2E6B41,25,5,Business Analyst,Bachelor's,HireVue,,0.644,16,63.29,51.56,Neutral,58.35,6.44,38,0.515,46.92,Rejected
CAND_AAAE89,28,0,HR Manager,Associate,Teams,36.26,0.498,17,81.57,63.73,Neutral,43.76,5.99,54,0.742,45.96,On Hold
CAND_FFEBB1,37,9,Product Manager,PhD,HireVue,75.68,0.394,7,100.0,93.59,Confident,7.64,3.44,41,0.504,71.63,Second Round
CAND_6D4335,36,10,Software Engineer,Master's,Zoom,49.48,0.537,9,95.53,100.0,Confident,21.34,4.52,47,0.424,66.89,Hired
CAND_7280F3,25,5,Software Engineer,PhD,Teams,66.39,0.523,13,100.0,100.0,Confident,11.47,3.75,34,0.533,68.32,Hired
CAND_83C8CE,20,0,Marketing Analyst,Master's,HireVue,69.01,0.394,12,98.76,68.9,Confident,23.35,5.41,34,0.591,77.38,Hired
CAND_38068B,44,20,UX Designer,PhD,HireVue,69.62,0.573,6,100.0,100.0,Neutral,17.29,4.52,42,0.338,68.93,Hired
CAND_BE8659,28,3,Business Analyst,PhD,Google Meet,71.57,0.626,5,93.51,71.79,Confident,31.71,4.44,49,0.581,77.25,Hired
CAND_4B5847,20,0,Product Manager,Associate,Google Meet,74.14,0.41,8,95.98,,Confident,21.76,4.53,43,0.709,76.95,Hired
CAND_0D2D09,20,0,UX Designer,Master's,Google Meet,74.06,0.649,10,91.56,98.16,Confident,9.83,3.8,43,0.544,74.53,Rejected
CAND_6B2204,42,20,Business Analyst,Associate,Teams,52.33,0.561,8,67.54,51.93,Neutral,60.9,7.01,34,0.64,56.15,Rejected
CAND_AB17ED,46,22,HR Manager,PhD,Zoom,33.29,0.812,18,73.88,46.28,Neutral,35.74,5.24,37,0.472,42.96,Rejected
CAND_E6C8FF,21,0,Data Scientist,Master's,Zoom,96.53,0.507,6,85.79,,Confident,38.19,5.67,44,0.74,95.19,Hired
CAND_C4B77D,37,17,Software Engineer,Associate,Teams,74.44,0.51,9,100.0,69.91,Neutral,9.49,3.97,41,0.192,93.23,Hired
CAND_0A9C32,38,18,Software Engineer,PhD,Teams,58.42,0.584,9,75.15,67.98,Neutral,15.03,3.62,50,0.486,71.73,Hired
CAND_387DAA,20,0,Product Manager,Bachelor's,Zoom,69.59,0.502,8,100.0,92.03,Confident,20.22,,41,0.295,62.09,Rejected
CAND_E9B20C,39,18,Business Analyst,Associate,HireVue,71.25,0.545,11,98.44,100.0,Confident,,4.96,25,0.7,72.28,Rejected
CAND_1FD93E,26,2,Marketing Analyst,Associate,Google Meet,48.54,0.499,12,74.86,,Neutral,31.42,4.91,47,0.348,58.13,Rejected
CAND_104293,40,14,Business Analyst,PhD,Google Meet,60.75,0.452,9,100.0,100.0,Confident,21.32,4.81,22,0.519,73.6,Hired
CAND_D2D583,42,21,Sales Executive,Bachelor's,Google Meet,59.38,0.666,10,100.0,90.11,Confident,8.77,3.82,41,0.496,72.5,Rejected
CAND_550EF3,34,15,Software Engineer,Master's,HireVue,65.44,0.323,6,86.25,65.81,Confident,17.85,4.1,43,0.107,75.46,Rejected
CAND_9FB1AF,24,3,Product Manager,PhD,HireVue,65.33,0.95,6,82.55,75.92,Confident,24.02,4.2,39,0.24,66.24,Rejected
CAND_5E755A,42,19,HR Manager,PhD,Teams,52.08,0.56,12,100.0,85.35,Confident,7.47,3.41,28,0.266,68.36,Rejected
CAND_2442D5,35,15,HR Manager,Bachelor's,Google Meet,63.64,0.77,10,100.0,86.22,Confident,2.12,3.35,47,1.0,78.7,Hired
CAND_84B329,21,0,Sales Executive,Master's,Google Meet,81.2,0.95,4,98.97,95.01,Confident,18.26,4.26,59,0.945,82.66,Rejected
CAND_143107,45,25,Business Analyst,Associate,HireVue,79.31,0.826,4,100.0,100.0,Confident,11.72,4.39,35,0.635,71.99,Second Round
CAND_33D30C,39,15,UX Designer,Bachelor's,Google Meet,85.25,0.801,8,100.0,78.18,Confident,26.11,5.23,36,0.379,85.06,Hired
CAND_84E586,20,2,HR Manager,Associate,Google Meet,61.03,0.63,7,100.0,100.0,Confident,6.42,3.26,44,0.518,78.65,Hired
CAND_41D06C,42,21,Sales Executive,Master's,HireVue,47.12,0.536,7,75.42,58.42,Neutral,38.85,5.45,47,0.371,55.82,Rejected
CAND_6E9C14,41,11,Marketing Analyst,Master's,Google Meet,62.63,0.547,14,100.0,,Confident,8.98,4.09,43,0.903,69.26,Rejected
CAND_A96480,26,7,Marketing Analyst,Bachelor's,HireVue,47.93,0.471,13,100.0,77.91,Confident,8.05,4.15,40,0.388,73.17,Hired
CAND_F57249,31,6,Data Scientist,Bachelor's,HireVue,48.18,0.59,5,98.41,100.0,Confident,12.88,,50,0.262,67.07,Second Round
CAND_5A63A1,38,18,Business Analyst,Bachelor's,Zoom,68.81,0.651,7,89.76,75.42,Confident,44.54,5.81,51,0.378,76.67,Second Round
CAND_A8B1F7,25,3,Marketing Analyst,Master's,Zoom,50.58,0.656,8,100.0,100.0,Confident,0.92,4.14,34,0.467,68.38,Second Round
CAND_F40E1D,26,2,UX Designer,Associate,Zoom,54.96,0.648,12,100.0,95.98,Confident,22.8,4.22,64,0.872,65.85,Hired
CAND_6074B6,20,0,Business Analyst,Master's,HireVue,75.57,0.243,5,100.0,100.0,Confident,19.3,,44,0.552,93.66,Second Round
CAND_34311F,20,1,Data Scientist,PhD,Google Meet,44.55,,11,79.68,41.63,Neutral,25.04,4.82,50,0.343,57.26,Rejected
CAND_5232A5,24,0,HR Manager,PhD,Teams,65.77,0.619,5,100.0,88.02,Confident,16.07,4.55,51,0.545,61.59,Rejected
CAND_D95B43,34,10,Product Manager,Associate,Teams,97.26,0.538,8,100.0,100.0,Neutral,4.66,3.57,54,0.409,97.76,Hired
CAND_758F91,37,17,Marketing Analyst,Associate,Teams,56.7,0.719,4,100.0,67.22,Confident,4.38,4.01,35,0.427,75.35,Hired
CAND_80698A,30,5,Data Scientist,Master's,HireVue,74.63,0.448,9,100.0,100.0,Confident,7.87,5.59,57,0.603,75.54,Second Round
CAND_6F885E,21,2,Business Analyst,Associate,Google Meet,58.5,0.765,12,64.12,41.37,Slouched,51.32,5.76,44,0.616,59.05,Rejected
CAND_E938C0,33,11,HR Manager,Associate,Zoom,77.2,0.512,4,100.0,99.72,Confident,10.15,3.71,36,0.147,83.1,Second Round
CAND_8178A6,20,0,HR Manager,Bachelor's,Teams,76.76,0.713,7,98.92,64.8,Confident,14.06,,67,0.619,91.08,Second Round
CAND_CD9BC4,20,1,UX Designer,PhD,Teams,72.35,0.591,6,77.65,45.03,Confident,57.06,6.35,46,0.546,67.66,Second Round
CAND_D3E3D5,24,2,Marketing Analyst,Bachelor's,HireVue,78.5,0.49,5,100.0,100.0,Confident,11.0,,35,0.409,87.72,Hired
CAND_C26A68,34,6,Sales Executive,Associate,Zoom,52.38,0.726,10,61.08,64.65,Slouched,65.4,6.52,42,0.919,57.64,Rejected
CAND_6C03B1,31,10,Data Scientist,PhD,Zoom,78.1,0.772,7,100.0,100.0,Confident,7.58,3.52,39,0.597,93.32,Hired
CAND_F9FC61,26,3,Business Analyst,Bachelor's,Zoom,49.33,0.585,16,79.53,63.4,Neutral,15.54,4.54,46,0.485,63.32,Rejected
CAND_8413E1,35,8,Software Engineer,Master's,Teams,68.47,0.819,6,91.48,100.0,Confident,23.58,4.55,33,0.652,68.28,Rejected
CAND_9EBB4A,32,11,Product Manager,Master's,Teams,53.7,0.681,12,100.0,89.79,Confident,15.59,4.14,37,0.394,57.2,Rejected
CAND_3F0985,39,20,Software Engineer,Associate,Teams,69.12,0.308,11,100.0,100.0,Confident,12.74,4.2,48,0.779,74.61,Second Round
CAND_4D40AA,31,8,Product Manager,Bachelor's,Zoom,51.35,0.532,11,100.0,69.96,Confident,18.54,4.2,46,0.626,65.35,Hired
CAND_02EAFC,28,6,Sales Executive,Bachelor's,HireVue,52.4,0.609,14,96.14,93.95,Confident,10.75,4.1,46,0.392,66.84,Hired
CAND_E3485D,33,5,Marketing Analyst,Associate,HireVue,,0.4,5,100.0,82.09,Confident,4.83,3.79,36,0.878,72.75,Hired
CAND_C321D8,24,8,Marketing Analyst,Associate,Zoom,44.27,0.569,10,94.44,85.91,Confident,11.24,6.36,54,0.516,66.9,Hired
CAND_365B84,39,13,Software Engineer,Master's,Teams,61.88,0.646,11,92.24,76.59,Confident,29.72,4.61,57,0.695,74.73,Rejected
CAND_17E27B,28,5,UX Designer,Master's,Teams,78.81,0.857,6,100.0,75.33,Confident,10.64,4.05,34,0.289,81.43,Rejected
CAND_D4FFF2,20,4,Marketing Analyst,Bachelor's,HireVue,45.18,0.858,10,100.0,93.71,Confident,7.75,5.61,53,0.341,70.45,Second Round
CAND_DABF25,33,8,HR Manager,Bachelor's,HireVue,34.98,0.445,9,81.46,90.22,Confident,24.24,4.59,35,0.828,53.36,Rejected
CAND_939B8D,32,10,Software Engineer,PhD,HireVue,73.15,0.662,8,77.7,64.4,Neutral,15.89,4.8,50,0.436,87.2,Hired
CAND_68B598,34,15,Software Engineer,PhD,Zoom,,0.452,7,100.0,90.93,Confident,12.06,4.69,39,0.547,77.53,Second Round
CAND_518D2B,20,0,Sales Executive,Bachelor's,Google Meet,77.54,0.377,3,57.74,40.84,Neutral,38.99,,65,0.517,70.82,Rejected
CAND_ADD86C,27,9,Sales Executive,PhD,Zoom,58.63,,12,100.0,57.07,Confident,3.96,3.89,39,0.557,68.98,Second Round
CAND_5AF39B,33,11,UX Designer,PhD,HireVue,56.92,0.539,12,96.24,100.0,Confident,13.78,4.0,32,0.582,69.55,Second Round
CAND_FAD118,25,6,Product Manager,PhD,Google Meet,68.49,0.284,6,100.0,97.22,Confident,21.02,4.6,62,0.0,75.8,Hired
CAND_CF3508,49,21,Marketing Analyst,PhD,HireVue,69.2,0.476,9,100.0,,Confident,6.16,3.89,47,0.576,68.86,Hired
CAND_AE481E,29,6,Sales Executive,Associate,HireVue,38.27,0.606,12,73.36,58.68,Slouched,22.24,5.48,46,0.522,48.45,Rejected
CAND_919AE6,20,0,Marketing Analyst,Master's,Google Meet,56.05,0.598,6,84.4,74.18,Confident,,,44,0.574,58.97,Rejected
CAND_F9FF8A,34,9,Business Analyst,Associate,Zoom,48.15,0.596,8,100.0,100.0,Confident,14.87,4.52,43,0.694,68.89,Rejected
CAND_2441B2,32,11,Product Manager,Master's,Zoom,35.55,0.77,12,69.47,62.39,Neutral,53.08,6.12,32,0.0,43.17,Rejected
CAND_C04F46,25,2,Sales Executive,PhD,Teams,64.84,0.482,9,84.67,79.61,Neutral,10.32,3.71,54,0.26,75.16,Second Round
CAND_383ED0,42,20,UX Designer,Bachelor's,Teams,40.32,0.523,14,77.99,77.19,Neutral,21.07,4.25,55,0.527,46.16,Rejected
CAND_80472B,36,15,HR Manager,Bachelor's,Zoom,53.95,0.696,7,69.05,78.65,Confident,40.18,6.66,48,0.173,56.41,Rejected
CAND_EE7770,20,0,Data Scientist,Associate,Google Meet,55.15,0.853,11,57.15,65.31,Neutral,46.39,5.57,40,0.354,49.36,Rejected
CAND_443A17,38,15,Product Manager,PhD,Zoom,84.85,0.669,5,100.0,65.21,Confident,16.47,3.99,34,0.595,96.58,Hired
CAND_0288CB,26,0,UX Designer,Master's,Google Meet,51.4,0.544,10,87.73,89.3,Confident,18.81,4.35,39,0.451,61.74,Rejected
CAND_3B7286,24,7,Marketing Analyst,Master's,Teams,75.81,0.523,11,100.0,96.77,Confident,7.67,4.18,43,0.848,82.54,Rejected
CAND_70151A,45,27,UX Designer,Bachelor's,Zoom,44.57,0.849,13,100.0,79.74,Confident,9.51,6.69,47,0.358,57.3,Rejected
CAND_E80651,37,15,Data Scientist,Master's,Zoom,69.55,,5,100.0,95.44,Confident,18.3,4.02,45,0.516,76.74,Rejected
CAND_D9034B,39,12,Business Analyst,Associate,Zoom,68.82,0.633,8,100.0,100.0,Neutral,21.46,5.35,48,0.469,70.26,Hired
CAND_2EB84C,37,15,Sales Executive,Master's,Teams,65.55,0.264,6,72.33,57.5,Confident,40.58,5.97,45,0.612,68.11,Rejected
CAND_2B689A,24,2,Business Analyst,PhD,Teams,95.01,0.877,6,94.08,93.84,Confident,28.64,4.67,27,0.394,100.0,Hired
CAND_17D8E7,31,13,HR Manager,Associate,Zoom,73.59,0.856,7,100.0,83.31,Confident,8.67,4.25,46,0.557,66.01,Second Round
CAND_20414D,21,1,Marketing Analyst,Bachelor's,Zoom,67.94,0.525,9,71.23,73.25,Neutral,51.53,5.46,29,0.445,60.12,Rejected
CAND_9FCA50,26,3,Business Analyst,Bachelor's,Teams,61.1,0.55,6,71.82,87.25,Neutral,29.61,4.88,57,0.836,55.75,On Hold
CAND_EFF3BB,39,14,Marketing Analyst,Associate,Google Meet,61.57,0.31,10,86.13,67.24,Neutral,40.61,5.09,53,0.654,68.68,Second Round
CAND_1F1F32,26,7,Marketing Analyst,Bachelor's,Teams,58.22,0.561,8,91.68,,Confident,16.14,4.04,24,0.456,82.19,Hired
CAND_C77669,31,2,Marketing Analyst,Associate,Zoom,34.04,0.575,14,78.84,70.76,Confident,39.65,5.27,31,0.3,52.44,Rejected
CAND_14C972,42,17,Sales Executive,PhD,Zoom,57.53,,7,86.52,72.0,Confident,38.45,4.82,52,0.64,64.29,Rejected
CAND_FB6A02,34,8,Marketing Analyst,Master's,Google Meet,61.42,0.692,1,76.72,92.84,Confident,33.08,4.95,44,0.668,74.43,Second Round
CAND_0742DE,37,10,Product Manager,Master's,Google Meet,64.99,0.482,7,100.0,81.81,Confident,0.59,3.25,37,0.34,77.78,Hired
CAND_D36785,21,0,Software Engineer,Master's,HireVue,57.98,0.484,13,97.87,75.54,Confident,11.45,3.83,45,0.587,75.89,Rejected
CAND_741F80,20,0,Software Engineer,PhD,Zoom,79.73,0.84,3,94.79,80.59,Confident,10.5,3.42,41,0.692,82.11,Rejected
CAND_6BD4CD,20,0,Data Scientist,Associate,Teams,56.07,0.712,9,91.68,81.39,Neutral,31.59,4.55,56,0.418,60.99,Rejected
CAND_572F5F,44,19,Software Engineer,Associate,Teams,52.82,0.689,12,100.0,,Confident,7.72,3.77,45,0.095,64.6,On Hold
CAND_5DF583,33,13,Marketing Analyst,Master's,Zoom,74.98,0.536,9,100.0,73.4,Confident,5.96,4.1,49,0.715,93.01,Hired
CAND_661D04,40,20,UX Designer,Associate,Zoom,53.08,0.637,9,100.0,95.5,Confident,4.25,3.55,62,0.39,75.73,Hired
CAND_A7D2B9,39,18,HR Manager,Associate,Teams,79.36,0.375,7,100.0,70.78,Confident,19.95,4.33,47,0.753,76.54,Hired
CAND_940C02,46,18,Product Manager,Bachelor's,HireVue,51.49,0.769,13,83.99,88.21,Confident,30.65,5.12,44,0.471,66.79,Second Round
CAND_D6D840,38,15,Business Analyst,PhD,Teams,46.41,0.675,10,57.96,26.83,Neutral,29.25,4.72,32,0.604,52.43,Rejected
CAND_715913,32,12,UX Designer,Master's,Zoom,69.0,0.76,7,100.0,100.0,Confident,3.42,,58,0.191,80.66,Hired
CAND_3FF24B,32,6,HR Manager,Bachelor's,Zoom,65.88,0.491,5,100.0,67.95,Confident,10.38,4.0,52,0.711,77.36,Hired
CAND_80C953,24,0,Software Engineer,Bachelor's,Zoom,57.05,0.314,5,100.0,100.0,Confident,14.67,4.61,32,0.147,75.21,Hired
CAND_E41C5E,20,0,Marketing Analyst,Bachelor's,Google Meet,68.88,0.922,10,100.0,72.33,Confident,8.91,3.65,48,0.838,68.91,Hired
CAND_BAACCB,22,3,UX Designer,PhD,Teams,76.85,0.818,9,100.0,,Confident,16.24,4.76,41,0.485,84.1,Rejected
CAND_8F6B7D,32,14,Data Scientist,Bachelor's,Zoom,54.16,0.505,14,78.95,67.27,Confident,37.86,5.05,53,0.655,72.54,Second Round
CAND_C2AC3E,20,0,UX Designer,Associate,Google Meet,69.99,0.57,9,85.89,62.9,Confident,45.81,7.13,47,0.47,67.12,Rejected
CAND_CF67D9,20,0,Sales Executive,PhD,Google Meet,72.12,0.714,7,100.0,70.15,Confident,4.73,,58,0.716,74.94,Hired
CAND_64F2C9,33,10,UX Designer,PhD,Google Meet,79.01,0.653,7,100.0,84.67,Confident,8.57,4.28,30,0.647,83.58,Second Round
CAND_B7283A,22,2,Software Engineer,PhD,HireVue,64.56,0.585,9,88.16,74.3,Confident,42.07,6.03,42,0.269,63.31,Rejected
CAND_684043,20,0,Sales Executive,PhD,Zoom,78.43,0.657,4,100.0,,Confident,14.62,5.18,21,0.399,84.28,Rejected
CAND_82329A,24,4,UX Designer,PhD,Teams,91.98,0.793,8,97.9,88.8,Confident,27.76,4.41,34,0.373,88.47,Hired
CAND_F092F2,42,19,Product Manager,Bachelor's,Teams,80.54,0.434,15,99.51,91.22,Confident,16.85,3.99,49,0.219,78.42,Rejected
CAND_58B93A,41,20,Sales Executive,Bachelor's,Zoom,48.71,0.722,16,100.0,100.0,Confident,25.73,4.8,35,0.708,67.21,Rejected
CAND_C58710,40,11,Marketing Analyst,Associate,Google Meet,79.83,0.546,5,100.0,100.0,Confident,,4.47,41,0.338,86.77,Second Round
CAND_DF922B,30,11,Marketing Analyst,Associate,HireVue,66.54,0.661,7,100.0,99.9,Confident,1.96,3.45,44,0.091,87.3,Second Round
CAND_79AB02,47,18,UX Designer,Master's,HireVue,160.58,0.717,0,100.0,,Confident,3.5,3.04,40,0.584,100.0,Hired
CAND_2EAA45,49,25,Software Engineer,PhD,Zoom,69.82,0.774,9,100.0,75.68,Confident,34.94,4.7,37,0.521,77.29,Second Round
CAND_BD4EDA,28,0,Software Engineer,PhD,Google Meet,49.97,0.871,8,67.49,48.92,Neutral,,4.8,53,0.826,59.11,Rejected
CAND_861E3D,37,20,UX Designer,Bachelor's,Google Meet,63.99,0.646,12,100.0,100.0,Confident,10.24,3.98,52,0.37,82.77,Rejected
CAND_320143,20,0,HR Manager,Associate,Zoom,65.31,0.693,6,100.0,84.56,Confident,7.35,4.59,57,0.82,75.81,Rejected
CAND_42842C,20,0,Marketing Analyst,Associate,HireVue,46.33,0.483,7,100.0,80.3,Confident,12.36,3.75,37,0.672,64.78,Rejected
CAND_DBEE87,34,13,Marketing Analyst,Master's,HireVue,63.94,0.562,13,100.0,96.88,Confident,5.03,3.42,46,0.238,72.67,Rejected
CAND_D0F5E2,30,15,UX Designer,Master's,Zoom,45.08,0.737,6,80.43,,Neutral,19.91,4.35,38,0.484,53.46,Rejected
CAND_1B2675,41,19,Marketing Analyst,Bachelor's,Teams,69.63,0.764,11,75.48,62.05,Neutral,33.56,4.97,49,0.269,68.96,Rejected
CAND_41FBE3,20,0,Business Analyst,Associate,Zoom,74.76,0.581,4,100.0,100.0,Confident,13.55,,48,0.313,81.58,Second Round
CAND_95BCD6,22,0,Marketing Analyst,PhD,Zoom,72.97,0.658,2,100.0,100.0,Confident,3.12,3.69,37,0.76,81.85,Second Round
CAND_4DEBA2,29,5,Business Analyst,PhD,Teams,84.89,0.423,7,100.0,81.0,Confident,2.8,3.32,56,0.269,87.38,Hired
CAND_C41660,35,16,Sales Executive,Bachelor's,HireVue,49.58,0.823,10,59.82,64.49,Slouched,32.58,5.4,32,0.175,65.37,Hired
CAND_8645EF,38,20,UX Designer,Associate,Zoom,41.87,0.612,10,90.41,100.0,Confident,32.06,6.49,42,0.541,57.56,Rejected
CAND_520AFC,41,21,Marketing Analyst,PhD,Zoom,71.58,0.826,5,78.33,85.99,Neutral,24.67,3.91,27,0.715,76.23,Hired
CAND_E36B29,25,3,Marketing Analyst,PhD,HireVue,50.55,0.758,10,97.12,97.74,Confident,22.48,4.06,35,0.639,47.72,Rejected
CAND_4A8A01,20,0,Product Manager,Bachelor's,Teams,79.86,0.557,6,100.0,100.0,Confident,6.09,5.51,49,0.3,90.95,Hired
CAND_0AB1B6,27,4,Product Manager,Associate,Google Meet,70.82,0.716,3,95.23,79.51,Confident,16.52,3.95,49,0.366,76.02,Hired
CAND_701F07,30,8,UX Designer,Bachelor's,Google Meet,60.6,0.44,13,100.0,78.89,Confident,4.1,4.72,55,0.166,75.2,Rejected
CAND_BB9448,38,16,Business Analyst,Bachelor's,Teams,45.55,0.519,4,100.0,71.94,Confident,8.95,5.47,60,0.787,70.05,Hired
CAND_2BC417,34,13,Sales Executive,Bachelor's,Zoom,67.3,0.775,10,100.0,94.69,Confident,22.01,4.24,56,0.185,72.19,Hired
CAND_623393,28,3,Business Analyst,Associate,Zoom,54.03,0.749,9,100.0,99.34,Confident,12.26,4.14,38,0.318,64.43,Rejected
CAND_9748B5,23,3,Product Manager,Bachelor's,Google Meet,56.15,0.643,10,96.44,100.0,Confident,,5.29,48,0.318,63.16,Rejected
CAND_26A402,20,0,HR Manager,PhD,HireVue,60.59,0.497,16,100.0,83.42,Confident,7.68,3.91,32,0.31,87.42,Hired
CAND_832651,45,20,Software Engineer,Master's,Google Meet,79.03,0.512,5,100.0,69.11,Confident,8.03,4.08,47,0.123,85.81,Hired
CAND_EE916A,28,7,Software Engineer,Bachelor's,Teams,83.52,0.618,6,100.0,58.38,Confident,8.75,3.43,40,0.607,87.17,Hired
CAND_553403,20,0,Business Analyst,Master's,HireVue,43.4,0.667,9,100.0,92.01,Confident,21.8,4.53,41,0.744,73.1,Rejected
CAND_E3EA2C,27,1,Product Manager,Associate,Zoom,96.61,0.52,2,100.0,75.37,Confident,6.15,4.21,36,0.585,100.0,Second Round
CAND_18CDD9,24,6,UX Designer,Associate,Zoom,51.03,0.546,9,90.24,70.16,Confident,15.15,4.38,30,0.229,53.02,Rejected
CAND_EDF475,25,4,Software Engineer,Associate,HireVue,,0.708,7,100.0,66.46,Neutral,9.35,4.15,46,1.0,69.63,Rejected
CAND_9ABDD5,26,9,Marketing Analyst,Master's,Google Meet,69.65,0.812,8,100.0,100.0,Confident,14.75,5.06,29,0.426,76.04,Hired
CAND_06A20D,37,17,Business Analyst,Master's,HireVue,38.83,0.784,12,94.59,50.46,Confident,8.63,3.33,35,0.358,51.76,Rejected
CAND_E38A76,27,6,UX Designer,Associate,HireVue,62.1,0.767,8,100.0,100.0,Confident,,3.3,54,0.096,80.0,Hired
CAND_39013C,40,23,Data Scientist,PhD,HireVue,64.18,0.436,7,100.0,76.63,Confident,9.39,3.74,56,0.002,88.71,Hired
CAND_02D6E8,20,0,HR Manager,Master's,Teams,76.81,0.715,9,83.63,,Neutral,34.37,4.89,48,0.459,68.61,Second Round
CAND_EC50ED,28,3,HR Manager,Master's,Google Meet,78.59,,3,100.0,58.38,Confident,10.19,3.7,54,0.769,70.26,Hired
CAND_927C6E,30,5,Business Analyst,Bachelor's,Zoom,70.82,0.559,8,87.47,87.19,Confident,28.51,5.47,43,0.586,69.87,Second Round
CAND_6EDC3E,30,4,Product Manager,Associate,Teams,42.68,0.531,14,100.0,,Confident,9.33,4.12,35,0.223,61.27,Rejected
CAND_FC9057,20,0,Software Engineer,Master's,Zoom,38.06,0.816,8,80.32,77.34,Confident,27.76,4.75,45,0.827,51.63,Rejected
CAND_414ADE,27,3,Sales Executive,Bachelor's,Teams,63.75,0.586,9,94.17,47.52,Confident,11.6,,35,0.774,65.84,Rejected
CAND_398429,20,2,Software Engineer,Master's,Zoom,68.71,0.434,3,82.96,100.0,Slouched,39.85,6.47,60,0.909,77.07,Second Round
CAND_3AC2A6,31,15,HR Manager,Associate,Google Meet,81.59,0.587,5,100.0,96.4,Neutral,,,54,0.766,88.45,Hired
CAND_8C61D9,21,5,UX Designer,PhD,Zoom,62.36,0.584,6,100.0,41.85,Confident,5.33,3.57,57,0.723,73.36,Rejected
CAND_A2CFA2,29,4,Data Scientist,Bachelor's,Zoom,67.78,0.645,11,100.0,100.0,Confident,14.1,4.25,33,0.834,68.19,Second Round
CAND_ADF923,20,0,Sales Executive,Associate,HireVue,75.9,0.485,6,100.0,74.82,Confident,6.1,4.61,52,0.228,86.57,Hired
CAND_CF2987,32,11,Sales Executive,Master's,Teams,,0.472,11,100.0,100.0,Confident,5.22,3.62,33,0.497,55.62,Rejected
CAND_CD5A50,32,5,Data Scientist,Master's,Zoom,56.0,0.791,8,94.79,38.77,Confident,16.96,4.44,46,0.087,73.87,Rejected
CAND_B62B22,22,2,Sales Executive,Associate,Google Meet,66.13,0.604,11,100.0,63.71,Confident,10.52,,48,0.479,85.76,Hired
CAND_6F01C0,25,0,Marketing Analyst,Bachelor's,Teams,48.93,0.862,6,73.49,63.06,Confident,41.71,5.31,55,0.788,52.24,Rejected
CAND_EDF80E,20,0,HR Manager,PhD,Google Meet,76.66,0.613,7,100.0,88.13,Confident,13.62,3.91,43,0.803,91.32,Hired
CAND_9EB719,20,1,Product Manager,Bachelor's,Teams,38.98,0.656,16,100.0,66.96,Confident,9.49,4.31,47,0.598,59.15,Rejected
CAND_16F952,34,7,Business Analyst,Bachelor's,Google Meet,45.22,0.711,9,71.02,76.29,Neutral,,5.18,49,0.707,47.24,Rejected
CAND_E7C1AA,29,4,Marketing Analyst,Associate,HireVue,51.12,0.365,9,88.32,88.43,Confident,18.5,4.13,33,0.705,53.73,Rejected
CAND_592361,49,29,Marketing Analyst,Bachelor's,Teams,54.46,0.66,8,100.0,65.07,Confident,21.17,4.2,48,0.639,64.3,Rejected
CAND_E96929,38,15,Data Scientist,Master's,Teams,75.6,0.488,5,84.18,100.0,Confident,25.91,4.75,45,0.525,78.05,Hired
CAND_07A9EA,36,10,UX Designer,Bachelor's,HireVue,,0.267,4,99.92,100.0,Confident,8.21,4.3,44,0.52,71.98,Rejected
CAND_D68CC3,30,3,UX Designer,PhD,HireVue,43.24,0.455,7,100.0,70.32,Confident,16.15,,54,0.604,60.44,On Hold
CAND_E92289,47,27,Sales Executive,PhD,Zoom,69.97,0.56,6,93.18,66.33,Confident,14.32,3.81,46,0.67,87.33,Hired
CAND_54FF27,20,0,Sales Executive,Associate,HireVue,55.89,0.771,10,89.38,66.75,Neutral,30.56,,55,0.541,80.82,Hired
CAND_5B8421,33,11,Marketing Analyst,Bachelor's,Google Meet,75.88,0.469,8,100.0,100.0,Confident,26.44,,50,0.419,86.87,Hired
CAND_B5AE8A,25,0,UX Designer,Bachelor's,Google Meet,54.8,0.712,9,66.51,39.9,Neutral,29.28,4.78,53,0.664,54.55,Rejected
CAND_A05FE5,32,11,Marketing Analyst,Associate,Zoom,,0.662,6,100.0,81.11,Confident,22.79,5.38,58,0.0,81.1,Second Round
CAND_E9392A,20,0,Software Engineer,Associate,Zoom,,0.647,6,100.0,100.0,Confident,13.11,3.82,51,0.914,86.53,Hired
CAND_7A2265,35,12,Business Analyst,Master's,Zoom,72.99,0.851,5,100.0,100.0,Confident,20.83,,37,0.619,81.08,Rejected
CAND_936353,40,10,UX Designer,Master's,HireVue,65.68,0.808,13,94.21,,Neutral,31.96,4.81,50,0.438,64.28,Rejected
CAND_C665BE,28,8,UX Designer,PhD,HireVue,74.85,0.85,9,100.0,99.66,Confident,7.35,4.56,32,0.646,73.96,Hired
CAND_F318DD,43,23,Sales Executive,PhD,Teams,72.57,0.614,7,85.68,,Confident,16.79,,45,0.422,84.55,Hired
CAND_FFCD14,21,0,UX Designer,Bachelor's,HireVue,72.97,0.73,6,100.0,71.98,Confident,6.51,3.84,34,0.42,100.0,Hired
CAND_98240A,30,10,UX Designer,Master's,Zoom,39.9,0.662,12,76.19,43.46,Confident,43.77,5.76,38,0.521,49.78,Rejected
CAND_4354B0,22,0,HR Manager,Master's,Google Meet,55.13,0.644,13,100.0,82.13,Confident,23.07,5.2,38,0.573,61.15,Rejected
CAND_AB3546,25,2,Product Manager,PhD,Teams,58.3,0.563,6,96.44,58.25,Confident,24.37,4.43,47,0.709,75.94,Rejected
CAND_2D79DE,33,16,Sales Executive,Associate,HireVue,68.98,0.467,4,100.0,57.16,Confident,12.44,4.49,36,0.443,81.36,Rejected
CAND_D45D20,29,4,Sales Executive,PhD,Zoom,54.52,0.734,8,100.0,64.07,Confident,19.23,4.02,61,0.521,78.26,Rejected
CAND_2F5CE1,40,12,HR Manager,Associate,Google Meet,77.84,0.783,8,100.0,86.5,Confident,28.4,5.66,51,0.625,75.97,Second Round
CAND_C8BB9C,26,7,Data Scientist,Master's,HireVue,64.94,0.55,15,100.0,63.85,Confident,14.53,3.79,49,0.6,82.41,Second Round
CAND_FDBB8F,28,4,Business Analyst,Associate,Teams,71.9,0.519,9,100.0,100.0,Confident,8.88,,55,0.844,90.63,Hired
CAND_5EE326,22,0,Sales Executive,Associate,Teams,55.02,0.52,7,100.0,100.0,Confident,,4.14,31,0.952,56.42,Rejected
CAND_D4EDC2,20,0,HR Manager,Bachelor's,Google Meet,225.13,,0,100.0,77.53,Confident,9.16,3.24,35,0.496,100.0,Hired
CAND_756A7B,33,15,HR Manager,Associate,HireVue,59.94,0.549,8,100.0,85.12,Confident,8.28,3.3,43,0.575,75.51,Second Round
CAND_8506B5,28,6,Software Engineer,PhD,HireVue,42.23,0.612,17,100.0,94.26,Neutral,5.79,4.53,28,0.669,52.88,Rejected
CAND_39221B,45,20,Software Engineer,PhD,HireVue,85.39,0.789,8,100.0,97.12,Confident,32.13,5.01,72,0.327,96.63,Hired
CAND_53CB0B,37,14,Product Manager,Master's,Zoom,70.36,0.454,10,90.75,80.13,Confident,22.97,5.59,45,0.945,76.4,Rejected
CAND_6F0917,20,1,Business Analyst,Master's,Zoom,70.6,0.718,5,100.0,89.2,Confident,11.53,7.39,49,0.616,86.61,Hired
CAND_B8CC49,33,8,HR Manager,Bachelor's,Google Meet,72.34,0.346,8,100.0,73.62,Neutral,10.83,4.19,46,0.455,85.37,Second Round
CAND_764AA7,32,5,Data Scientist,Bachelor's,Teams,56.04,0.703,9,85.05,79.19,Confident,34.94,5.16,46,0.601,69.51,Rejected
CAND_EBD76C,23,0,Product Manager,Associate,Teams,61.36,0.473,9,98.18,92.64,Confident,19.3,4.71,63,0.428,58.91,Rejected
CAND_EC35E5,53,30,Business Analyst,PhD,HireVue,65.24,0.2,7,100.0,83.07,Confident,5.89,3.18,51,0.155,74.83,Hired
CAND_2844AB,33,9,Software Engineer,Bachelor's,Zoom,91.92,0.646,10,100.0,92.61,Confident,19.2,4.88,49,0.643,89.83,Hired
CAND_B6BE4D,36,12,Data Scientist,Associate,HireVue,67.4,,6,81.64,68.59,Confident,23.69,,57,0.578,66.5,Rejected
CAND_5409F2,49,27,Marketing Analyst,Bachelor's,Teams,72.75,0.869,11,100.0,92.91,Confident,15.56,4.46,39,0.768,77.49,Second Round
CAND_C03651,24,2,Software Engineer,PhD,Zoom,48.42,0.613,10,100.0,100.0,Confident,13.41,3.76,41,0.634,61.94,Rejected
CAND_C17F3B,46,26,HR Manager,Master's,Google Meet,76.72,0.643,5,100.0,68.71,Confident,11.98,4.07,75,0.196,81.46,Second Round
CAND_E7B662,32,9,Data Scientist,Associate,Zoom,83.67,0.841,8,72.37,75.85,Neutral,45.23,6.27,51,0.64,82.46,Hired
CAND_38416E,24,7,Product Manager,Bachelor's,HireVue,23.27,0.53,9,100.0,100.0,Confident,11.09,4.62,59,0.702,62.72,Rejected
CAND_866C81,39,14,Marketing Analyst,PhD,HireVue,60.71,0.79,7,100.0,68.17,Confident,10.45,4.05,50,0.302,67.86,Rejected
CAND_068AA1,20,0,Marketing Analyst,Associate,Teams,83.87,0.531,14,100.0,91.93,Confident,25.5,4.53,48,0.504,94.64,Second Round
CAND_7BDAA6,21,0,Sales Executive,Associate,Google Meet,63.36,0.816,11,100.0,89.44,Confident,15.67,4.55,56,0.771,77.36,Rejected
CAND_29112F,33,6,HR Manager,PhD,HireVue,45.82,0.551,14,51.2,36.0,Slouched,50.13,5.87,36,0.752,52.08,Rejected
CAND_B73207,40,17,UX Designer,Associate,Zoom,38.87,0.879,14,46.0,,Slouched,67.82,7.08,64,0.329,36.0,Rejected
CAND_56AEB5,21,0,Business Analyst,Bachelor's,HireVue,47.86,0.417,4,69.9,43.66,Neutral,46.98,7.41,53,0.305,53.15,Rejected
CAND_F6BFA6,30,3,HR Manager,Master's,HireVue,71.68,0.643,7,100.0,87.93,Confident,10.76,4.67,54,0.365,84.41,Hired
CAND_87D982,29,7,Marketing Analyst,PhD,Teams,52.9,0.559,8,84.28,77.97,Confident,17.9,4.85,49,0.461,60.94,Rejected
CAND_1E6BDF,20,0,Data Scientist,Master's,Teams,65.11,0.429,7,80.37,82.37,Neutral,32.73,5.55,50,0.477,71.19,Hired
CAND_9BBB5E,32,7,UX Designer,Bachelor's,Teams,75.87,0.483,8,88.29,49.92,Confident,19.7,4.45,33,0.207,76.97,Second Round
CAND_BC268D,20,0,UX Designer,Bachelor's,HireVue,70.9,0.658,9,58.98,49.14,Slouched,44.99,5.28,49,0.45,76.77,Second Round
CAND_8AD71A,29,4,Business Analyst,Master's,Zoom,59.21,0.584,9,97.29,79.1,Confident,10.6,4.67,28,0.563,79.81,Second Round
CAND_BE624E,30,6,HR Manager,Bachelor's,Google Meet,43.25,0.5,13,76.34,99.24,Confident,27.69,7.04,40,0.611,47.27,Rejected
CAND_7185D5,30,5,Sales Executive,Associate,Google Meet,44.5,0.679,7,100.0,88.13,Confident,23.93,4.49,38,0.646,60.72,Rejected
CAND_266B11,31,7,Sales Executive,Associate,Zoom,42.4,0.454,7,60.97,38.72,Slouched,40.1,5.33,51,0.752,46.7,Rejected
CAND_E5746C,40,15,Data Scientist,Associate,Teams,66.14,0.564,5,80.73,85.57,Neutral,16.82,4.54,48,0.31,74.04,Second Round
CAND_43FAC7,29,5,Data Scientist,Master's,Teams,52.96,0.301,9,86.94,77.22,Confident,23.78,4.57,24,0.649,56.56,Rejected
CAND_B02746,23,4,Software Engineer,Associate,HireVue,92.8,0.573,4,100.0,48.95,Neutral,13.47,3.91,61,0.505,100.0,Hired
CAND_0E0A56,37,15,Sales Executive,Master's,HireVue,59.02,0.395,7,100.0,84.75,Confident,1.59,3.78,44,0.593,68.8,Rejected
CAND_AECA5C,40,19,Data Scientist,Associate,Google Meet,,0.53,6,92.42,89.9,Confident,13.41,5.72,34,0.716,70.49,Second Round
CAND_8BC1A9,47,27,Marketing Analyst,PhD,Google Meet,58.69,0.454,4,100.0,69.77,Confident,7.07,3.22,41,0.603,72.94,Rejected
CAND_560725,32,11,Product Manager,PhD,Teams,49.85,0.741,17,87.11,87.61,Neutral,17.14,4.44,45,0.64,65.67,Hired
CAND_B3E39C,37,13,Business Analyst,PhD,HireVue,72.25,0.639,2,83.67,89.76,Confident,23.95,4.65,57,0.581,81.45,Rejected
CAND_C18A4A,25,0,Product Manager,Master's,HireVue,60.33,,8,100.0,75.74,Confident,18.48,3.63,50,0.299,70.0,Second Round
CAND_B86D8F,32,8,Data Scientist,Bachelor's,Google Meet,167.05,0.647,0,100.0,98.17,Confident,8.52,3.51,45,0.584,99.65,Hired
CAND_FF137E,32,9,Data Scientist,Associate,Google Meet,65.0,0.649,8,93.92,72.06,Confident,19.71,4.02,54,0.264,83.75,Hired
CAND_89E1EB,42,20,Sales Executive,Master's,Zoom,55.01,0.763,9,100.0,98.58,Confident,3.16,3.19,35,0.3,74.65,Rejected
CAND_9D1FB6,27,9,UX Designer,PhD,Zoom,72.94,0.693,6,100.0,90.18,Confident,11.89,3.6,51,0.392,74.26,Rejected
CAND_0E4A93,33,11,Marketing Analyst,Associate,Google Meet,45.93,0.58,12,100.0,,Confident,5.72,3.57,51,0.539,67.17,Second Round
CAND_AD5AC5,20,0,Marketing Analyst,Master's,Zoom,43.45,0.837,13,100.0,58.44,Confident,13.04,4.79,49,0.521,57.88,Rejected
CAND_37DF66,32,14,UX Designer,PhD,Teams,50.18,0.647,8,96.57,,Confident,,3.85,51,0.218,76.36,Hired
CAND_DC76CB,37,21,Product Manager,Associate,Google Meet,53.85,0.758,10,88.46,100.0,Confident,30.65,5.18,33,0.548,65.9,Hired
CAND_FE6D81,20,0,Marketing Analyst,Associate,Teams,45.5,0.338,16,82.27,71.67,Neutral,37.52,5.38,38,0.829,51.52,Rejected
CAND_8B5592,31,4,UX Designer,Bachelor's,Teams,82.34,0.404,10,100.0,75.76,Confident,9.24,4.04,43,0.102,91.69,Hired
CAND_0C57A9,22,6,Software Engineer,PhD,Zoom,69.31,,6,58.79,63.63,Neutral,40.85,,51,0.115,70.8,Second Round
CAND_38C1B4,20,0,Product Manager,Associate,HireVue,62.81,0.558,7,100.0,76.15,Confident,19.57,4.85,45,0.59,80.49,Hired
CAND_D7116D,44,21,Marketing Analyst,Bachelor's,Teams,69.55,0.529,3,100.0,100.0,Confident,11.56,4.68,54,0.244,82.9,Second Round
CAND_03DA16,42,20,HR Manager,Associate,Google Meet,49.85,0.82,5,87.31,68.47,Neutral,,5.11,20,0.143,58.29,Rejected
CAND_05898F,29,10,Data Scientist,Master's,Teams,26.42,0.645,16,67.87,56.31,Confident,30.73,5.85,51,0.821,38.79,Rejected
CAND_5B40CD,30,9,Product Manager,Associate,HireVue,44.34,0.693,15,100.0,81.41,Confident,1.72,4.31,42,0.851,67.98,Second Round
CAND_6E195F,31,7,Data Scientist,Associate,Google Meet,53.45,0.652,11,70.13,63.81,Neutral,,7.79,41,0.607,47.45,Rejected
CAND_B6F777,29,7,Sales Executive,PhD,HireVue,56.78,0.587,7,77.51,58.23,Confident,43.83,6.63,33,0.692,61.6,Rejected
CAND_62FC65,37,18,UX Designer,Associate,Google Meet,67.94,0.569,5,97.01,100.0,Neutral,22.05,4.56,44,0.577,73.56,Rejected
CAND_B74CBE,31,9,Software Engineer,Master's,HireVue,62.9,0.531,10,81.22,55.05,Neutral,35.36,4.83,49,0.894,69.02,Rejected
CAND_6CA330,23,0,Software Engineer,PhD,Google Meet,69.52,0.45,14,100.0,92.31,Confident,24.18,5.04,53,0.592,79.58,Hired
CAND_D1AC7D,34,12,Marketing Analyst,Bachelor's,Google Meet,46.0,0.409,11,80.31,87.35,Neutral,35.81,5.23,42,0.993,54.69,Rejected
CAND_364CBD,22,0,Sales Executive,Associate,Zoom,63.66,0.629,5,100.0,99.58,Confident,9.18,3.43,46,0.094,83.8,Second Round
CAND_1C5D96,44,19,Marketing Analyst,Bachelor's,Zoom,80.06,0.62,11,100.0,76.43,Neutral,10.14,4.65,40,0.515,100.0,Hired
CAND_B5AE41,38,13,Sales Executive,Associate,Teams,81.62,0.72,12,100.0,80.98,Confident,12.67,4.1,31,0.543,79.06,Second Round
CAND_F38743,45,21,Data Scientist,Bachelor's,Google Meet,,0.302,9,93.15,75.46,Confident,32.01,4.99,28,0.53,62.95,Rejected
CAND_1CB22A,35,17,Product Manager,Master's,Zoom,27.11,0.889,10,86.7,50.76,Neutral,30.75,5.29,52,0.633,67.63,Hired
CAND_FDE398,34,12,Software Engineer,Associate,Zoom,,0.527,6,89.04,100.0,Confident,13.59,4.6,58,0.229,59.66,Rejected
CAND_6EB909,40,16,Marketing Analyst,Master's,Zoom,69.09,0.469,9,100.0,70.22,Confident,33.18,5.58,32,0.671,64.82,Rejected
CAND_113C2C,27,2,Business Analyst,Master's,Google Meet,66.98,0.531,7,100.0,,Confident,4.67,3.34,50,0.285,79.9,Rejected
CAND_3E9698,33,11,HR Manager,Associate,Zoom,84.19,0.457,6,100.0,94.76,Confident,14.35,4.26,53,0.294,86.83,Hired
CAND_953892,33,11,Product Manager,PhD,Zoom,34.22,0.65,13,77.0,70.29,Neutral,28.74,5.24,48,0.589,42.83,Rejected
CAND_19E55B,32,5,UX Designer,Associate,Teams,40.21,0.484,7,68.0,70.27,Neutral,50.12,6.64,44,0.371,32.34,On Hold
CAND_C85668,29,3,Software Engineer,PhD,Google Meet,90.62,0.412,8,100.0,,Confident,7.03,3.47,45,0.68,89.03,Hired
CAND_621888,25,9,Business Analyst,Associate,Zoom,62.11,0.719,10,100.0,89.96,Confident,9.24,3.58,49,0.667,83.78,Hired
CAND_593B42,28,5,Data Scientist,Bachelor's,Teams,36.91,0.445,10,100.0,97.49,Confident,11.31,4.44,63,0.566,57.78,Rejected
CAND_0DF63E,39,17,Software Engineer,Master's,Zoom,42.22,0.529,11,72.46,73.8,Confident,40.15,5.08,43,0.461,49.27,Rejected
CAND_77FAB9,29,5,Sales Executive,Bachelor's,Teams,69.99,0.644,4,100.0,89.89,Confident,3.98,3.57,50,0.453,77.77,Second Round
CAND_F0CA0D,35,14,UX Designer,Master's,Google Meet,37.86,0.663,11,89.45,98.11,Confident,13.84,5.33,25,0.571,62.0,Rejected
CAND_5116C8,20,0,Product Manager,PhD,Teams,90.66,0.487,10,100.0,,Confident,9.4,4.91,20,0.421,94.45,Hired
CAND_F5A672,25,5,UX Designer,Master's,Google Meet,,0.869,9,100.0,97.72,Confident,3.61,3.29,34,0.321,67.53,Second Round
CAND_B0556C,37,12,Marketing Analyst,PhD,HireVue,65.5,0.587,12,88.1,79.32,Neutral,23.96,4.73,50,0.627,77.29,Hired
CAND_D79111,32,9,Business Analyst,PhD,Google Meet,71.45,0.316,8,100.0,100.0,Confident,17.72,4.08,55,0.805,66.28,Second Round
CAND_9F7ECD,37,15,Sales Executive,Master's,Zoom,80.87,0.567,5,95.29,69.17,Confident,14.98,4.78,33,0.548,74.13,Rejected
CAND_4E6685,29,9,HR Manager,Master's,Teams,72.72,0.67,6,92.72,100.0,Neutral,10.06,4.12,52,0.667,79.87,Rejected
CAND_C52AF6,27,10,Marketing Analyst,Master's,Google Meet,53.47,0.614,9,90.52,75.49,Confident,20.85,4.96,39,0.052,87.26,Hired
CAND_CE0A0F,33,11,Marketing Analyst,Bachelor's,Teams,40.15,,13,97.7,100.0,Confident,4.61,4.3,52,0.369,57.83,Rejected
CAND_7DE388,20,0,Marketing Analyst,Bachelor's,Zoom,67.44,0.459,7,100.0,100.0,Neutral,27.01,4.98,56,0.852,74.48,Second Round
CAND_B4A6F8,40,16,Product Manager,Associate,Teams,78.27,0.709,9,100.0,100.0,Confident,17.93,4.59,64,0.454,71.56,Rejected
CAND_23DB88,22,0,Business Analyst,Associate,Zoom,65.73,0.8,9,91.65,90.7,Confident,17.03,,43,0.636,77.21,Second Round
CAND_59946A,30,9,Business Analyst,Bachelor's,Teams,49.58,0.2,12,73.62,90.2,Confident,34.52,4.9,31,0.415,53.44,Rejected
CAND_DA7014,29,12,Data Scientist,Master's,Google Meet,83.28,0.331,9,100.0,90.79,Confident,3.46,4.18,26,0.479,94.3,Hired
CAND_410FA8,31,3,Product Manager,Bachelor's,HireVue,39.97,0.362,13,93.02,70.51,Confident,14.34,5.46,44,0.328,58.03,Rejected
CAND_F7449E,35,10,HR Manager,Associate,HireVue,38.98,0.377,14,72.31,52.5,Slouched,30.88,5.14,47,0.691,47.3,Rejected
CAND_44CDA8,35,12,Business Analyst,PhD,HireVue,81.1,0.493,15,78.88,62.4,Confident,26.42,4.44,50,0.458,68.85,Second Round
CAND_F033B7,26,3,UX Designer,Bachelor's,HireVue,40.12,0.647,12,100.0,,Confident,2.75,3.42,52,0.515,56.58,Rejected
CAND_E19D78,29,4,HR Manager,Bachelor's,Teams,55.39,0.679,7,57.17,43.66,Confident,46.2,6.06,35,0.354,53.95,Rejected
CAND_FCD4AF,45,20,UX Designer,Master's,Teams,60.22,0.774,11,87.32,82.86,Neutral,23.56,5.65,23,0.316,73.49,Second Round
CAND_B7CFAA,38,12,Data Scientist,PhD,Teams,65.8,0.663,8,99.33,61.73,Confident,30.73,,21,0.479,65.07,Hired
CAND_DF3E62,20,1,HR Manager,Master's,HireVue,90.0,0.465,2,89.67,70.8,Confident,27.21,4.64,40,0.523,82.2,Second Round
CAND_F917A7,24,1,Marketing Analyst,PhD,Zoom,139.55,0.665,2,100.0,100.0,Confident,10.55,3.8,32,0.47,100.0,Hired
CAND_E5BF02,33,12,HR Manager,Bachelor's,Teams,77.81,0.808,9,79.74,78.96,Neutral,32.93,4.83,37,0.669,77.16,Hired
CAND_44195A,28,11,Business Analyst,Bachelor's,HireVue,66.44,0.583,5,98.55,88.08,Confident,8.59,4.55,54,0.278,72.71,Rejected
CAND_B0DA64,29,9,Sales Executive,Associate,Teams,71.42,0.457,7,100.0,100.0,Confident,4.33,3.86,48,0.4,79.45,Hired
CAND_07D3A0,30,9,HR Manager,Associate,Teams,59.55,0.605,13,100.0,,Confident,5.97,3.86,72,0.229,72.16,Rejected
CAND_3E9CF2,35,7,HR Manager,Master's,Google Meet,48.85,,9,80.3,63.5,Neutral,14.2,4.29,40,0.288,67.95,Hired
CAND_92EE18,23,2,HR Manager,PhD,Google Meet,45.16,0.633,10,100.0,89.0,Confident,3.19,3.08,22,0.455,72.33,Hired
CAND_1C5AF1,22,0,HR Manager,Associate,Zoom,59.44,0.95,9,84.26,83.55,Neutral,29.19,4.49,41,0.467,66.85,Rejected
CAND_33A168,22,0,Software Engineer,Master's,Teams,35.05,0.682,7,92.58,84.65,Confident,16.27,3.99,50,0.299,44.16,Rejected
CAND_53A4CC,25,4,Business Analyst,Bachelor's,HireVue,26.49,0.66,18,100.0,100.0,Neutral,21.01,,40,0.764,47.51,Rejected
CAND_9EEEE1,35,11,Product Manager,Associate,Teams,33.45,0.554,7,70.59,43.57,Neutral,46.74,5.16,32,0.382,32.38,Rejected
CAND_48D13A,37,17,HR Manager,Bachelor's,Google Meet,71.31,0.776,11,100.0,81.67,Confident,12.25,5.08,51,0.262,71.65,Second Round
CAND_C2E253,35,14,Product Manager,PhD,Google Meet,71.96,0.663,10,100.0,80.36,Confident,1.95,5.06,41,0.255,85.28,Hired
CAND_C23A2D,23,3,Software Engineer,PhD,HireVue,72.55,0.468,4,100.0,82.1,Confident,3.66,3.98,42,0.543,87.16,Hired
CAND_E86417,27,4,Data Scientist,Associate,Zoom,83.32,0.611,6,100.0,78.51,Confident,5.4,3.56,39,0.532,89.44,Hired
CAND_C12166,31,8,HR Manager,Bachelor's,Teams,37.77,0.303,8,89.93,100.0,Confident,22.22,4.22,42,0.72,55.68,Rejected
CAND_A3E8A7,32,8,HR Manager,Associate,Zoom,66.13,0.65,5,90.5,97.49,Confident,21.24,4.94,37,0.384,78.55,Rejected
CAND_892440,26,1,HR Manager,Associate,Zoom,87.89,0.649,6,100.0,100.0,Neutral,12.38,4.4,46,0.424,96.4,Hired
CAND_F3CCAD,30,8,Data Scientist,Associate,Google Meet,53.87,0.79,8,90.02,72.85,Confident,25.8,4.38,32,0.521,54.19,Rejected
CAND_B47B10,32,7,Business Analyst,Bachelor's,Teams,41.2,0.711,8,92.41,64.82,Confident,26.24,5.14,42,0.573,57.38,Rejected
CAND_EE6968,24,5,HR Manager,Bachelor's,Teams,60.0,0.27,4,100.0,100.0,Confident,,4.72,36,0.288,70.59,Rejected
CAND_B47608,37,16,Marketing Analyst,Master's,HireVue,18.42,0.444,12,65.76,74.4,Neutral,52.47,5.91,52,0.28,39.77,Rejected
CAND_458E6B,29,7,Marketing Analyst,Bachelor's,Zoom,49.8,0.357,8,100.0,72.94,Confident,16.36,,41,0.545,71.9,Second Round
CAND_8F7655,35,13,Software Engineer,PhD,Google Meet,26.14,0.873,10,80.34,62.69,Confident,18.15,4.03,43,0.0,44.58,Rejected
CAND_6DCE7F,21,0,Marketing Analyst,Bachelor's,Google Meet,60.82,0.747,7,99.81,87.23,Confident,4.34,3.55,50,0.326,68.47,Rejected
CAND_B801E1,41,13,Software Engineer,Associate,Google Meet,69.31,,18,100.0,100.0,Confident,19.85,4.29,42,0.577,85.87,Hired
CAND_16F978,27,6,Data Scientist,PhD,Zoom,68.59,0.48,12,100.0,100.0,Neutral,9.58,3.94,57,0.439,76.7,Hired
CAND_282BDA,35,13,Product Manager,Bachelor's,Zoom,35.02,0.48,7,100.0,84.65,Confident,18.75,5.02,45,0.736,46.93,Rejected
CAND_F59224,39,18,Sales Executive,Associate,Google Meet,80.72,0.467,7,100.0,82.35,Confident,9.32,3.42,40,0.397,81.59,Hired
CAND_B255E3,35,10,UX Designer,Associate,Zoom,56.43,0.529,11,100.0,87.07,Confident,8.33,3.5,51,0.726,64.47,Rejected
CAND_04D092,38,9,Software Engineer,Master's,Zoom,76.87,0.559,8,100.0,100.0,Confident,10.49,3.98,56,0.591,80.94,Second Round
CAND_7709FE,41,15,Data Scientist,PhD,Google Meet,75.1,0.618,11,92.73,100.0,Neutral,18.88,5.47,42,0.277,78.72,Rejected
CAND_D18247,33,12,Product Manager,PhD,Zoom,75.26,0.95,7,100.0,79.53,Confident,9.15,3.91,50,0.601,80.7,Hired
CAND_B5BEEA,37,16,Data Scientist,Master's,Google Meet,70.81,0.555,5,96.52,100.0,Confident,,4.73,60,0.719,78.41,Second Round
CAND_60B846,22,0,UX Designer,Bachelor's,Google Meet,59.45,0.514,11,100.0,100.0,Confident,15.94,3.85,51,0.08,81.01,Rejected
CAND_ED9895,22,1,HR Manager,PhD,Teams,42.5,0.572,7,86.57,92.86,Confident,12.24,4.55,34,0.168,54.98,Rejected
CAND_A9D883,25,2,HR Manager,Master's,Google Meet,73.52,0.405,10,97.22,83.51,Confident,16.09,5.24,51,0.737,88.5,Hired
CAND_B6CB4C,26,3,UX Designer,Bachelor's,HireVue,55.08,0.855,8,98.98,79.98,Confident,21.05,4.2,32,0.523,68.78,Second Round
CAND_9DE4EB,35,16,Marketing Analyst,Associate,Google Meet,62.8,0.878,5,100.0,100.0,Confident,3.92,3.06,42,0.565,67.47,Second Round
CAND_BA6687,20,0,Software Engineer,PhD,Teams,59.66,0.593,10,100.0,,Confident,18.27,6.12,51,0.686,76.39,Hired
CAND_B58A31,31,8,Sales Executive,Associate,Google Meet,66.8,0.609,7,100.0,100.0,Neutral,8.1,4.98,36,0.702,62.56,Rejected
CAND_0C6D29,20,0,Software Engineer,PhD,Google Meet,48.49,0.242,10,73.89,58.06,Neutral,34.72,5.14,37,0.279,54.79,Rejected
CAND_6C84E4,42,13,Product Manager,Associate,HireVue,66.18,0.688,10,70.7,49.24,Confident,34.86,5.05,29,0.483,60.18,Rejected
CAND_A5BBFD,28,6,Product Manager,Associate,Google Meet,60.2,0.723,6,100.0,81.83,Confident,2.52,5.29,28,0.253,71.87,Rejected
CAND_092F18,30,6,Data Scientist,Associate,Google Meet,61.08,0.553,11,94.37,100.0,Confident,7.51,3.52,56,0.584,66.56,Rejected
CAND_30EE64,39,16,Business Analyst,PhD,Google Meet,68.65,0.601,10,92.72,100.0,Confident,18.84,4.0,63,0.407,78.91,Rejected
CAND_56A691,33,5,Sales Executive,Bachelor's,Teams,54.93,0.641,8,63.67,52.11,Neutral,49.84,,44,0.64,60.2,Rejected
CAND_3EBEBE,28,9,Business Analyst,Associate,HireVue,50.19,0.565,7,97.44,81.67,Confident,5.76,3.94,47,0.649,67.44,Hired
CAND_E5F78F,35,14,Marketing Analyst,Associate,Teams,68.13,0.685,4,100.0,87.61,Confident,4.72,3.97,43,0.508,77.55,Hired
CAND_29B45A,28,8,Product Manager,Associate,Zoom,51.6,0.57,8,100.0,100.0,Confident,4.41,3.49,33,0.332,65.06,Rejected
CAND_4D912C,27,4,UX Designer,Bachelor's,Google Meet,61.7,0.557,7,98.45,100.0,Confident,,3.73,32,0.398,71.72,Hired
CAND_52FF6A,21,0,HR Manager,Associate,Google Meet,85.03,0.681,7,100.0,100.0,Confident,11.71,3.82,43,0.517,91.64,Hired
CAND_3305CB,41,15,Marketing Analyst,PhD,Google Meet,56.36,0.305,11,100.0,70.77,Confident,,3.35,32,0.643,73.46,Second Round
CAND_79A514,42,17,Business Analyst,Associate,Teams,88.17,0.551,6,100.0,63.61,Confident,16.64,4.23,36,0.286,84.18,Rejected
CAND_A9579B,24,1,Sales Executive,PhD,HireVue,68.98,0.709,8,100.0,58.82,Confident,28.81,5.44,40,0.491,89.84,Hired
CAND_E77268,20,0,HR Manager,PhD,Zoom,61.96,0.709,16,95.8,87.44,Confident,29.19,5.88,20,0.567,74.13,Hired
CAND_3CCAB5,20,0,Sales Executive,Master's,Zoom,77.77,0.766,8,100.0,70.43,Confident,7.65,3.81,52,0.507,77.37,Second Round
CAND_AC8A7E,35,15,HR Manager,Associate,Teams,36.15,0.705,8,100.0,,Confident,8.69,3.61,57,0.678,63.5,Rejected
CAND_46E203,22,0,UX Designer,Master's,Zoom,63.82,0.33,5,82.81,74.84,Confident,42.79,5.59,38,0.673,71.79,Rejected
CAND_1967AA,20,3,Software Engineer,PhD,Teams,64.88,0.485,6,61.91,68.48,Slouched,35.01,5.16,50,0.572,59.96,Rejected
CAND_B989DA,20,0,Sales Executive,Bachelor's,Google Meet,68.89,0.635,9,100.0,68.18,Confident,5.79,3.72,40,0.34,77.91,Rejected
CAND_26E51D,25,4,HR Manager,Master's,Teams,15.21,0.413,15,100.0,82.52,Confident,7.16,4.26,45,0.711,57.42,Rejected
CAND_155D37,31,11,UX Designer,Master's,HireVue,54.28,0.556,10,92.66,96.11,Confident,18.35,5.68,40,0.733,65.31,Rejected
CAND_6CDF96,28,0,Business Analyst,Master's,Google Meet,91.21,0.662,12,75.88,92.94,Confident,37.02,5.52,39,0.671,83.31,Hired
CAND_89398D,20,0,Sales Executive,Associate,Teams,49.94,0.599,13,79.23,,Neutral,38.15,7.84,46,0.978,58.11,On Hold
CAND_E87062,27,8,UX Designer,Master's,HireVue,67.71,0.47,9,90.07,99.06,Confident,27.04,5.89,35,0.313,70.61,Second Round
CAND_D57C59,25,1,Business Analyst,Master's,Teams,53.37,0.292,5,90.77,80.71,Confident,37.4,4.87,56,0.472,57.78,Rejected
CAND_146695,24,4,Software Engineer,Bachelor's,HireVue,58.39,0.65,9,94.1,64.69,Confident,6.94,3.95,35,0.641,73.72,Hired
CAND_4F6F60,22,0,HR Manager,Bachelor's,HireVue,26.77,,11,95.45,94.4,Neutral,10.8,4.5,41,0.444,52.16,Rejected
CAND_173752,20,2,Data Scientist,Bachelor's,HireVue,75.19,,8,100.0,,Confident,19.41,4.57,44,0.201,81.34,Rejected
CAND_8BBCC3,20,0,Software Engineer,PhD,HireVue,74.86,0.53,8,100.0,59.06,Confident,12.53,4.6,45,0.622,70.22,Rejected
CAND_2F8762,27,0,Software Engineer,PhD,HireVue,76.99,0.693,8,100.0,68.73,Confident,11.79,5.37,46,0.231,91.52,Hired
CAND_5FFE8A,29,10,Sales Executive,Associate,Zoom,55.25,0.474,8,97.58,80.27,Confident,21.11,4.8,49,0.84,68.16,Rejected
CAND_18FF4E,20,0,Data Scientist,Master's,Google Meet,75.04,0.63,6,92.37,100.0,Neutral,32.25,5.03,49,0.569,82.36,Second Round
CAND_AA0ED4,22,0,UX Designer,Associate,Teams,52.71,0.664,13,77.11,57.82,Confident,36.96,5.54,48,0.437,61.79,Rejected
CAND_53C998,29,6,Data Scientist,Associate,HireVue,40.65,0.707,13,74.92,71.58,Slouched,24.95,5.31,50,0.463,53.75,Rejected
CAND_515FCF,30,3,Business Analyst,PhD,HireVue,61.15,0.402,12,49.85,46.35,Neutral,48.99,5.82,30,0.576,61.21,Rejected
CAND_3246C4,37,11,Marketing Analyst,PhD,Zoom,56.59,0.631,10,100.0,100.0,Confident,12.75,,53,0.598,69.01,Second Round
CAND_A9F352,20,0,Marketing Analyst,Bachelor's,Teams,63.7,0.615,8,100.0,89.82,Confident,,4.47,48,0.479,73.19,Hired
CAND_CE9FD9,31,7,Marketing Analyst,PhD,Teams,32.78,0.513,12,100.0,,Confident,1.47,3.67,28,0.493,47.22,Rejected
CAND_FB60BA,28,6,Sales Executive,Associate,Google Meet,63.4,0.67,14,97.52,79.92,Confident,10.97,4.27,45,0.585,76.11,Second Round
CAND_FF05D6,29,12,Product Manager,Master's,Google Meet,52.06,0.553,13,100.0,100.0,Confident,2.19,3.88,47,0.45,60.83,Rejected
CAND_458A39,20,0,UX Designer,Bachelor's,Teams,39.55,0.497,7,84.08,72.75,Confident,,6.78,35,0.632,51.9,Rejected
CAND_E14EEE,35,7,Software Engineer,PhD,Google Meet,71.2,0.555,11,93.9,98.45,Confident,27.08,5.12,31,0.433,63.85,Rejected
CAND_C9BE28,26,4,HR Manager,Associate,Teams,55.22,0.698,11,89.81,62.16,Confident,17.4,4.34,34,0.246,68.68,Rejected
CAND_287FB9,24,0,Business Analyst,PhD,HireVue,37.74,0.494,14,87.01,98.38,Neutral,22.56,4.09,45,0.451,53.68,Rejected
CAND_DB66B6,27,5,Product Manager,Associate,Teams,25.64,0.573,12,100.0,100.0,Confident,5.21,4.75,59,0.558,43.25,Rejected
CAND_112EF2,44,19,Software Engineer,Bachelor's,Google Meet,64.25,0.544,4,95.09,89.53,Confident,31.79,5.37,61,0.558,82.85,Second Round
CAND_AE1668,20,0,UX Designer,Master's,Google Meet,64.63,0.426,6,100.0,,Confident,21.12,,55,0.394,82.45,Hired
CAND_B8657A,35,13,Data Scientist,Master's,Google Meet,60.81,0.707,10,100.0,92.03,Confident,2.53,3.21,67,0.843,77.27,Rejected
CAND_D1AC43,23,2,Software Engineer,Master's,Teams,50.83,0.608,10,91.62,100.0,Confident,15.12,4.4,28,0.937,61.82,Rejected
CAND_2BE04B,28,5,Data Scientist,PhD,Zoom,30.0,0.611,19,83.99,74.83,Confident,30.04,4.91,27,0.673,40.59,On Hold
CAND_99899F,32,8,Data Scientist,Bachelor's,HireVue,,0.677,9,100.0,100.0,Confident,19.23,4.32,34,0.625,58.89,Rejected
CAND_019FD8,26,0,Marketing Analyst,Master's,Teams,51.07,0.53,14,74.95,65.07,Neutral,24.52,4.52,53,0.392,63.61,Rejected
CAND_B0CA02,37,8,Product Manager,Bachelor's,Google Meet,55.19,0.577,11,100.0,79.44,Confident,15.87,3.95,35,0.491,60.92,Rejected
CAND_68D9C2,29,4,UX Designer,Bachelor's,Teams,77.58,0.569,12,100.0,82.8,Confident,24.26,4.8,22,0.369,77.38,Hired
CAND_1A8498,20,0,UX Designer,Master's,Teams,66.09,0.769,5,100.0,100.0,Confident,18.77,4.51,43,0.128,71.31,Hired
CAND_220470,23,6,Sales Executive,Associate,Zoom,87.56,0.519,10,79.66,44.79,Neutral,37.98,5.63,39,0.27,83.94,Rejected
CAND_BF6491,35,13,Business Analyst,Bachelor's,Teams,27.77,0.639,14,88.47,87.25,Confident,9.35,4.03,32,0.242,42.5,Rejected
CAND_B7F532,35,17,Data Scientist,Associate,Teams,60.39,0.515,10,82.4,64.18,Confident,36.27,5.55,42,1.0,71.47,Second Round
CAND_666AB8,29,6,Sales Executive,PhD,Zoom,29.8,0.769,7,80.03,52.93,Confident,12.1,4.73,43,0.471,48.86,Rejected
CAND_6848A1,36,18,Sales Executive,Master's,HireVue,49.33,0.546,9,91.02,94.44,Confident,17.63,4.69,57,0.341,67.9,Hired
CAND_FA6A14,28,5,HR Manager,PhD,HireVue,59.84,0.411,7,73.7,68.35,Confident,32.47,5.26,23,0.663,60.81,Rejected
CAND_4513BC,27,5,Sales Executive,PhD,Google Meet,54.2,0.665,8,56.57,62.34,Neutral,48.67,5.67,51,0.591,56.33,Rejected
CAND_8CCEBE,31,13,Business Analyst,PhD,Google Meet,50.72,0.605,10,99.04,92.87,Confident,15.38,3.88,37,0.835,62.9,Rejected
CAND_2B5732,32,8,Product Manager,Associate,Zoom,53.41,0.2,5,100.0,,Confident,9.57,3.98,35,0.781,64.18,Rejected
CAND_257E69,32,6,Sales Executive,Associate,Teams,36.2,0.686,14,59.6,42.22,Neutral,55.09,6.24,48,0.55,40.55,Rejected
CAND_4C5421,39,18,Marketing Analyst,Bachelor's,HireVue,61.38,0.861,9,71.93,71.38,Neutral,31.19,4.62,27,0.673,85.43,Hired
CAND_35F8E5,39,18,Product Manager,Master's,Zoom,47.16,0.771,6,86.48,71.91,Confident,17.94,5.33,38,0.599,46.39,Rejected
CAND_EA533B,27,0,Marketing Analyst,PhD,HireVue,82.4,0.591,10,100.0,66.32,Confident,3.33,3.52,44,0.707,98.39,Hired
CAND_6FC5B3,31,8,UX Designer,Master's,Google Meet,35.69,0.52,10,52.8,57.73,Neutral,59.41,6.43,40,0.742,39.25,Rejected
CAND_6FAD45,40,20,Product Manager,Master's,Teams,61.68,0.493,4,97.76,100.0,Neutral,14.47,3.8,35,0.693,82.93,Second Round
CAND_5F646D,31,9,Sales Executive,Associate,Google Meet,,0.519,4,100.0,78.58,Confident,10.39,4.07,34,0.382,90.21,Hired
CAND_E67B05,33,15,Sales Executive,PhD,Google Meet,74.85,0.815,7,100.0,100.0,Confident,9.42,4.02,30,0.548,78.35,Second Round
CAND_E019E0,31,4,Business Analyst,PhD,HireVue,68.78,0.659,11,100.0,90.9,Confident,4.93,3.45,51,0.816,74.1,Second Round
CAND_84E276,45,23,HR Manager,Associate,Zoom,61.24,0.744,11,100.0,100.0,Confident,6.31,3.4,40,0.425,71.55,Rejected
CAND_7E1712,35,11,Software Engineer,Associate,Google Meet,63.92,0.778,5,100.0,100.0,Confident,5.54,4.71,44,0.606,73.97,Second Round
CAND_708233,31,10,Sales Executive,PhD,Zoom,64.4,0.95,18,98.55,100.0,Confident,16.45,4.48,34,0.505,79.84,Hired
CAND_878AFF,34,14,UX Designer,PhD,Google Meet,68.33,0.552,11,79.38,59.79,Neutral,41.04,5.26,34,0.483,70.21,Hired
CAND_17F19B,28,7,HR Manager,Associate,Google Meet,38.67,0.483,13,100.0,72.43,Neutral,16.11,4.48,40,0.583,51.44,On Hold
CAND_F09B99,35,14,UX Designer,Associate,Google Meet,52.56,0.53,11,85.27,90.55,Neutral,33.7,6.14,45,0.251,64.32,Rejected
CAND_21A8CF,42,12,Product Manager,PhD,HireVue,59.31,0.633,7,100.0,94.14,Confident,5.72,3.54,49,0.787,66.16,Hired
CAND_94EE53,23,0,Software Engineer,Associate,HireVue,42.7,0.541,18,87.49,100.0,Confident,16.57,4.37,31,0.525,52.22,Rejected
CAND_42A783,33,10,HR Manager,Bachelor's,Zoom,55.54,0.533,10,71.18,78.62,Confident,39.32,5.15,38,0.354,50.7,Rejected
CAND_1D9B28,33,12,Marketing Analyst,PhD,HireVue,64.32,0.604,5,86.94,58.2,Confident,29.33,4.93,44,0.819,78.08,Second Round
CAND_3AE484,22,0,Product Manager,Bachelor's,Google Meet,36.15,0.925,11,100.0,100.0,Confident,4.64,3.74,52,0.388,49.99,Rejected
CAND_44F108,32,11,Product Manager,Master's,Google Meet,79.23,0.623,10,100.0,77.98,Confident,5.12,3.33,51,0.633,89.26,Hired
CAND_8FA5E0,20,0,Data Scientist,Associate,Teams,81.19,0.59,5,83.78,76.37,Neutral,30.21,5.09,29,0.42,65.78,Rejected
CAND_660105,28,15,Marketing Analyst,PhD,Zoom,63.08,0.95,6,100.0,88.33,Confident,16.48,3.59,28,0.435,76.67,Rejected
CAND_33E4D3,37,15,Business Analyst,PhD,HireVue,78.92,0.608,6,100.0,94.7,Confident,5.64,4.78,27,0.504,65.38,Hired
CAND_B941FD,27,5,Product Manager,PhD,HireVue,62.78,0.416,4,100.0,100.0,Confident,12.13,3.72,55,0.863,71.09,Hired
CAND_044867,30,11,UX Designer,PhD,Google Meet,,0.546,12,55.64,57.42,Neutral,40.97,5.48,56,0.408,51.89,Rejected
CAND_A2A799,44,14,Product Manager,Bachelor's,HireVue,50.19,0.481,5,100.0,86.43,Confident,15.91,5.67,49,0.584,64.22,Rejected
CAND_ED0706,28,10,Software Engineer,Bachelor's,Google Meet,62.66,0.423,9,88.84,75.47,Confident,27.39,4.33,37,0.561,70.12,Second Round
CAND_6CBEFA,27,8,Business Analyst,Associate,Google Meet,211.36,0.471,0,100.0,52.02,Confident,18.42,4.64,48,0.361,100.0,Second Round
CAND_23A62F,33,12,Data Scientist,Bachelor's,Zoom,45.54,0.918,8,94.04,,Confident,24.78,5.05,51,0.954,59.82,Rejected
CAND_3A3955,33,17,Data Scientist,Associate,Teams,59.35,0.51,7,77.21,45.77,Neutral,25.53,4.34,29,0.415,53.7,Rejected
CAND_CB4D66,26,1,HR Manager,PhD,HireVue,53.64,0.393,8,68.97,68.61,Confident,40.45,5.29,25,0.506,60.78,Rejected
CAND_20919D,23,2,Product Manager,PhD,Zoom,51.31,0.504,11,100.0,68.99,Confident,4.79,3.45,41,0.622,70.49,Rejected
CAND_518DEF,46,21,Sales Executive,Associate,Zoom,55.62,0.629,7,90.2,96.72,Confident,23.25,4.24,34,0.344,63.04,Rejected
CAND_92184B,44,26,HR Manager,Bachelor's,Zoom,,0.409,14,69.34,51.18,Neutral,55.09,7.08,47,0.38,55.89,Rejected
CAND_88FB15,20,0,Product Manager,PhD,Teams,59.6,0.644,14,100.0,91.54,Confident,34.33,4.82,35,0.685,69.01,Second Round
CAND_627195,28,4,Sales Executive,Master's,Google Meet,47.2,0.614,11,67.7,64.96,Neutral,20.41,4.58,34,0.262,65.45,Second Round
CAND_644D18,31,12,Product Manager,Master's,Teams,53.95,0.664,17,70.44,65.9,Neutral,41.64,5.37,25,0.652,66.71,Rejected
CAND_6E54BB,20,0,Software Engineer,Bachelor's,Teams,52.73,0.558,8,80.97,59.73,Confident,,3.77,45,0.191,58.01,Rejected
CAND_BA509A,29,2,Business Analyst,PhD,Teams,70.4,0.481,4,100.0,100.0,Confident,5.57,4.2,48,0.746,86.84,Hired
CAND_E616B8,40,21,Marketing Analyst,Master's,HireVue,54.73,0.482,9,100.0,100.0,Confident,23.44,4.42,36,0.072,76.87,Hired
CAND_AE18FF,36,11,UX Designer,PhD,Zoom,69.84,0.322,10,65.36,63.4,Slouched,50.8,5.78,51,0.324,62.46,Rejected
CAND_6B9EE4,20,0,Sales Executive,Bachelor's,HireVue,54.71,0.573,7,78.26,75.23,Neutral,,5.42,38,0.26,61.94,Rejected
CAND_A4B3F3,43,20,UX Designer,Associate,Zoom,18.56,0.684,18,61.54,54.61,Neutral,48.27,6.79,48,0.518,42.65,Rejected
CAND_B6B16A,20,0,UX Designer,Master's,HireVue,,0.556,11,100.0,100.0,Confident,3.95,4.92,63,0.77,73.87,Second Round
CAND_DDA357,26,0,Data Scientist,Master's,Zoom,75.14,0.795,7,100.0,,Confident,26.25,5.96,46,0.263,79.09,Hired
CAND_8FDC84,27,4,Sales Executive,PhD,Google Meet,83.31,0.666,8,100.0,,Confident,8.07,3.35,42,0.786,99.03,Hired
CAND_9C718D,30,9,Data Scientist,PhD,HireVue,41.78,0.779,13,100.0,100.0,Confident,4.36,4.12,39,0.817,64.56,Rejected
CAND_9E2489,30,4,Sales Executive,Bachelor's,Zoom,55.25,0.406,20,95.92,57.01,Confident,10.8,5.29,47,0.604,69.63,Hired
CAND_DB2E6E,31,3,HR Manager,Bachelor's,Google Meet,,0.606,7,87.92,95.38,Confident,26.39,5.15,47,0.553,76.41,Second Round
CAND_595133,24,0,Data Scientist,Associate,Google Meet,50.87,0.699,9,98.65,93.92,Confident,9.15,4.32,30,0.727,63.6,Rejected
CAND_A97DD3,31,10,HR Manager,Associate,Zoom,76.26,0.453,6,94.01,72.88,Confident,24.95,,29,0.268,89.35,Hired
CAND_790A8D,33,11,Business Analyst,Bachelor's,Teams,81.71,0.619,10,100.0,80.69,Confident,25.03,5.47,45,0.47,82.7,Second Round
CAND_3D1FDA,30,4,Software Engineer,Master's,Teams,62.34,0.355,7,100.0,100.0,Confident,7.68,4.39,35,0.435,80.52,Hired
CAND_8A4762,27,9,Software Engineer,Bachelor's,Teams,47.6,0.722,9,64.77,62.49,Slouched,49.98,6.24,48,0.457,53.89,Rejected
CAND_E6C79A,43,26,Marketing Analyst,PhD,HireVue,70.93,,6,100.0,85.29,Confident,15.63,4.53,40,0.849,81.78,Rejected
CAND_630CDD,30,8,Product Manager,Master's,Teams,,0.561,11,100.0,84.04,Confident,6.88,3.57,42,0.545,62.48,Rejected
CAND_EB7AB4,33,7,Product Manager,Bachelor's,HireVue,41.67,0.495,9,100.0,56.5,Confident,13.56,3.78,45,0.684,55.0,Rejected
CAND_CB2DF8,29,10,Business Analyst,PhD,Google Meet,54.16,0.47,11,100.0,100.0,Confident,14.74,4.09,46,0.568,65.3,Second Round
CAND_245B89,47,26,Sales Executive,Bachelor's,Teams,228.05,0.686,0,86.33,,Neutral,22.42,4.4,29,0.402,100.0,Second Round
CAND_26D979,38,17,HR Manager,Master's,Teams,67.24,0.663,10,89.48,81.82,Confident,17.1,4.55,62,0.549,86.72,Second Round
CAND_1BF8FC,22,0,UX Designer,Bachelor's,HireVue,51.17,0.542,10,100.0,62.55,Confident,22.03,4.12,35,0.391,67.13,Second Round
CAND_A266CE,36,12,Sales Executive,Associate,HireVue,63.69,0.672,8,91.26,93.47,Confident,33.34,,57,0.686,76.65,Hired
CAND_93C96C,28,5,Sales Executive,Master's,Zoom,64.26,0.684,8,96.29,96.85,Confident,43.28,6.0,51,0.402,71.93,Rejected
CAND_857409,36,15,Marketing Analyst,Master's,Google Meet,49.36,0.607,6,96.15,81.06,Neutral,11.89,4.06,39,0.475,61.45,Rejected
CAND_3051F2,26,3,Data Scientist,Associate,HireVue,73.3,0.868,12,100.0,100.0,Confident,4.87,4.1,32,0.568,78.51,Second Round
CAND_CC1C8D,27,3,UX Designer,Master's,Teams,63.63,0.605,3,74.93,76.2,Confident,37.91,5.37,57,0.495,68.76,Rejected
CAND_AA742E,22,0,Product Manager,Master's,Zoom,47.31,0.906,8,76.03,67.47,Neutral,50.47,6.99,28,0.31,51.0,Rejected
CAND_7AB6BD,33,13,HR Manager,PhD,Zoom,57.71,0.576,7,100.0,48.41,Confident,9.51,,43,0.169,69.64,Rejected
CAND_A85228,28,11,Product Manager,PhD,Google Meet,68.28,0.443,7,100.0,100.0,Confident,17.47,4.44,38,0.387,84.3,Second Round
CAND_899BE4,29,7,Marketing Analyst,Master's,Google Meet,49.18,0.651,9,92.65,87.53,Confident,13.37,4.75,29,0.284,63.06,Rejected
CAND_D0CA7B,23,1,Product Manager,Bachelor's,HireVue,52.38,0.45,9,84.47,86.01,Confident,24.3,5.6,35,0.28,67.34,Rejected
CAND_A471AB,26,1,Product Manager,Bachelor's,Teams,78.67,,8,100.0,89.21,Confident,14.65,4.28,47,0.569,77.58,Hired
CAND_A11EA0,36,8,Product Manager,Associate,Google Meet,56.47,0.678,10,92.48,92.79,Confident,43.67,5.99,46,0.582,72.39,Hired
CAND_E23334,23,2,UX Designer,Associate,HireVue,193.83,0.554,0,100.0,100.0,Confident,15.56,4.28,44,0.47,100.0,Hired
CAND_517A89,31,12,Marketing Analyst,Associate,Zoom,78.36,0.521,10,100.0,,Neutral,3.3,3.73,64,0.758,78.09,Second Round
CAND_234992,39,19,Business Analyst,PhD,Teams,61.13,0.705,9,92.96,,Confident,30.97,5.24,45,0.235,63.97,Rejected
CAND_B375E3,26,0,Sales Executive,Bachelor's,Google Meet,68.75,0.398,9,89.95,51.51,Confident,27.32,4.37,37,0.444,72.43,Second Round
CAND_27697E,29,3,Business Analyst,Associate,Zoom,64.33,0.482,7,100.0,100.0,Confident,8.91,3.91,34,0.279,87.65,Hired
CAND_DC57BB,37,15,Data Scientist,Master's,HireVue,64.69,0.46,12,83.4,63.3,Confident,35.45,5.22,32,0.604,74.65,Hired
CAND_520360,20,0,Marketing Analyst,Master's,Google Meet,82.91,0.422,8,64.51,59.35,Confident,40.29,5.29,50,0.709,75.35,Hired
CAND_8A9AAE,36,16,Data Scientist,Master's,HireVue,58.84,0.498,7,100.0,81.33,Confident,4.41,3.87,42,0.367,76.89,Second Round
CAND_36B29C,35,12,UX Designer,Master's,Teams,54.2,0.459,9,100.0,82.13,Confident,13.02,3.56,47,0.542,76.65,Rejected
CAND_E9CACB,29,2,Business Analyst,Master's,Zoom,52.65,,8,100.0,85.66,Confident,12.66,4.04,39,0.857,70.54,Hired
CAND_3FF2D4,24,0,UX Designer,Master's,Google Meet,79.92,0.475,3,81.63,82.13,Neutral,22.99,5.33,63,0.449,83.34,Second Round
CAND_AC78CB,31,10,Product Manager,Master's,Teams,87.59,0.821,7,100.0,,Confident,7.32,3.32,71,0.508,81.56,Rejected
CAND_107DA7,20,0,HR Manager,Master's,Google Meet,62.14,0.588,12,66.98,44.43,Neutral,29.17,4.97,38,0.463,65.47,Rejected
CAND_354FF0,40,15,Marketing Analyst,Associate,HireVue,62.69,0.95,11,100.0,100.0,Confident,12.09,4.39,44,0.227,70.06,Second Round
CAND_7A6CF0,30,6,Product Manager,PhD,Zoom,52.75,0.779,5,81.49,70.62,Confident,25.59,4.93,58,0.53,60.18,Rejected
CAND_BDFC80,49,32,Marketing Analyst,Master's,Zoom,88.31,,9,100.0,93.04,Confident,4.12,4.36,23,0.412,88.74,Hired
CAND_B29D0D,20,0,Product Manager,Master's,HireVue,84.39,0.581,8,78.5,61.87,Confident,44.98,6.65,54,0.487,80.1,Second Round
CAND_2B6DEF,25,2,HR Manager,Master's,HireVue,59.89,0.59,12,100.0,77.79,Confident,19.9,4.16,37,0.853,68.02,Hired
CAND_E57DB6,20,0,UX Designer,PhD,Zoom,85.93,0.577,9,87.01,83.19,Neutral,32.25,6.01,35,0.361,80.97,Hired
CAND_89EB1B,27,3,Product Manager,Associate,Zoom,69.55,0.635,12,93.81,60.07,Confident,45.99,5.49,52,0.266,78.22,Second Round
CAND_6CC0F5,34,10,Product Manager,Master's,HireVue,71.53,0.652,4,100.0,100.0,Confident,4.39,4.44,45,0.476,72.25,Rejected
CAND_F4B0A4,27,6,Business Analyst,Bachelor's,Zoom,64.0,0.301,6,100.0,81.03,Confident,22.63,4.29,32,0.656,79.7,Second Round
CAND_756346,20,0,Data Scientist,Associate,Teams,66.22,0.681,9,99.5,87.42,Confident,0.92,4.67,41,0.563,68.26,Rejected
CAND_D08398,25,2,Data Scientist,Associate,Teams,,0.336,10,76.3,76.89,Neutral,,5.68,42,0.147,73.03,Second Round
CAND_3FB735,35,14,Business Analyst,PhD,Zoom,,0.519,10,100.0,87.83,Confident,7.17,6.13,51,0.584,83.03,Rejected
CAND_D600C7,30,6,Data Scientist,Associate,HireVue,64.54,0.459,8,91.08,70.5,Confident,27.48,4.32,41,0.69,66.8,Second Round
CAND_3CB26A,23,1,Sales Executive,PhD,Teams,45.56,0.811,13,78.56,65.67,Confident,30.14,5.09,55,0.892,60.78,Rejected
CAND_7ACAEF,27,9,Business Analyst,Master's,HireVue,57.5,0.488,16,87.75,88.39,Neutral,15.46,4.1,48,0.729,69.61,Hired
CAND_CC280C,24,1,HR Manager,Bachelor's,Zoom,57.73,0.611,11,89.79,100.0,Confident,33.13,4.83,43,0.52,69.08,Second Round
CAND_AB7FEB,24,1,Marketing Analyst,PhD,Google Meet,44.53,0.658,11,67.56,24.14,Confident,49.06,6.69,51,0.289,54.4,Rejected
CAND_B5C15E,34,14,Business Analyst,Bachelor's,Zoom,58.75,0.509,4,85.9,100.0,Neutral,,5.97,49,0.67,67.26,Second Round
CAND_45D725,22,5,UX Designer,Associate,Teams,63.27,0.73,10,100.0,83.13,Confident,19.65,5.05,36,0.468,83.96,Second Round
CAND_CD234A,31,8,Marketing Analyst,Bachelor's,HireVue,46.48,0.892,9,91.88,84.18,Confident,33.66,5.41,34,0.228,70.16,Rejected
CAND_D81BF0,24,0,HR Manager,Associate,Zoom,60.01,0.547,8,78.56,46.31,Neutral,20.98,4.35,24,0.712,67.35,Rejected
CAND_990C65,36,8,Data Scientist,Bachelor's,Zoom,39.88,0.557,5,100.0,,Confident,12.19,,57,0.821,65.16,Rejected
CAND_4457F0,23,1,Business Analyst,Associate,HireVue,72.93,0.393,8,100.0,98.07,Confident,13.29,3.9,46,0.475,74.42,Hired
CAND_276D73,36,9,Business Analyst,Associate,HireVue,68.33,0.663,5,86.73,77.61,Neutral,31.49,4.75,27,0.247,77.33,Hired
CAND_F0591A,30,13,HR Manager,Associate,Zoom,60.11,0.78,2,94.33,74.52,Confident,32.32,5.39,40,0.423,62.12,Rejected
CAND_7E38E2,37,17,Software Engineer,PhD,Zoom,69.26,0.618,12,100.0,53.6,Confident,19.69,4.17,55,0.473,80.6,Hired
CAND_1075CA,27,7,Software Engineer,Associate,Google Meet,47.98,0.383,9,91.39,87.19,Confident,24.18,4.1,58,0.197,58.55,Rejected
CAND_C0FAF6,26,6,Business Analyst,PhD,Teams,65.83,0.659,9,97.39,78.08,Confident,20.39,4.91,46,0.171,69.08,Rejected
CAND_61C134,20,0,Business Analyst,Associate,Google Meet,51.73,,9,80.24,56.23,Confident,25.06,4.97,23,0.2,69.94,Hired
CAND_A7EAD2,22,0,Business Analyst,Associate,Google Meet,39.54,0.916,7,93.11,87.7,Confident,18.84,4.52,44,0.847,61.32,Rejected
CAND_D65928,22,3,Sales Executive,Bachelor's,Google Meet,46.11,0.785,4,81.45,73.44,Neutral,14.5,5.01,55,0.51,58.42,Rejected
CAND_D657E6,26,5,UX Designer,PhD,Google Meet,55.24,0.936,8,100.0,100.0,Confident,12.9,5.27,40,0.268,62.75,Rejected
CAND_B09956,24,2,Data Scientist,Associate,Google Meet,58.4,0.61,5,89.46,71.06,Confident,24.2,5.71,52,0.335,66.79,Rejected
CAND_091B27,43,19,Product Manager,Associate,Teams,59.4,0.317,10,80.27,55.61,Neutral,7.46,3.57,39,0.302,68.77,Rejected
CAND_B20EDE,30,4,Sales Executive,PhD,Google Meet,53.73,0.619,9,100.0,93.05,Confident,13.46,4.06,55,0.476,67.95,Rejected
CAND_B2D218,23,0,Product Manager,Master's,Google Meet,78.03,0.558,9,100.0,100.0,Confident,19.07,4.38,37,0.339,92.03,Hired
CAND_03E680,23,0,Marketing Analyst,Master's,HireVue,177.33,0.273,0,50.02,54.0,Slouched,60.68,6.58,36,0.496,94.08,Hired
CAND_2589B7,25,1,UX Designer,Bachelor's,Zoom,67.08,0.541,3,100.0,97.99,Confident,24.69,5.31,53,0.643,79.95,Hired
CAND_D438FE,26,0,HR Manager,PhD,Teams,81.88,,9,100.0,58.64,Neutral,22.04,4.46,49,0.635,87.1,Hired
CAND_45DA39,48,28,Business Analyst,Associate,Teams,62.72,0.663,12,97.27,98.79,Confident,16.64,,55,0.235,72.46,Rejected
CAND_9E574D,26,4,Marketing Analyst,Bachelor's,Google Meet,87.03,0.383,9,100.0,100.0,Neutral,24.17,5.08,30,0.305,77.16,Hired
CAND_7459A0,48,27,Software Engineer,Master's,Teams,65.49,0.605,9,93.18,70.11,Confident,21.94,4.22,55,0.352,71.37,Second Round
CAND_98A355,44,16,Sales Executive,Master's,Teams,72.78,0.451,8,58.11,42.62,Slouched,58.84,8.07,34,0.352,64.19,Rejected
CAND_819DF3,39,22,Sales Executive,Master's,Teams,62.04,0.505,5,100.0,82.48,Confident,17.6,3.87,44,0.272,72.77,Hired
CAND_D5D354,20,0,Sales Executive,Associate,HireVue,146.47,0.521,0,100.0,77.06,Confident,14.71,4.22,57,0.627,89.84,Second Round
CAND_C29EB1,38,16,UX Designer,Associate,Teams,79.14,0.442,9,81.49,70.9,Neutral,23.23,5.14,45,0.202,83.37,Rejected
CAND_562767,39,20,HR Manager,Associate,Google Meet,90.72,,5,97.58,84.43,Confident,3.66,3.1,60,0.217,84.78,Rejected
CAND_57DA73,33,15,Marketing Analyst,Associate,Google Meet,39.86,0.591,9,76.58,69.03,Confident,32.43,4.47,42,0.698,50.48,Rejected
CAND_BEFE05,27,5,Business Analyst,PhD,Zoom,,0.733,5,86.98,77.04,Confident,25.06,5.48,43,0.639,74.68,Hired
CAND_CC02C2,33,12,Business Analyst,Master's,Teams,70.16,0.443,10,97.18,79.25,Confident,32.61,6.18,53,0.656,82.28,Hired
CAND_5FBCF7,21,0,Sales Executive,PhD,Zoom,74.37,0.569,15,85.89,93.8,Neutral,21.06,4.56,51,0.706,75.53,Rejected
CAND_01DC9E,23,0,UX Designer,PhD,Teams,64.86,0.616,6,92.01,100.0,Confident,26.66,4.46,39,0.382,72.24,Rejected
CAND_CCCE78,40,14,Software Engineer,Associate,HireVue,55.34,0.741,11,100.0,86.42,Confident,10.99,5.01,50,0.251,70.73,Rejected
CAND_CE0564,26,1,Product Manager,Bachelor's,HireVue,48.72,,9,99.46,82.25,Confident,13.42,,31,0.352,63.81,Rejected
CAND_7394C3,24,2,Business Analyst,Associate,Teams,44.38,0.537,14,100.0,72.46,Confident,7.96,4.81,52,0.48,52.05,On Hold
CAND_EC3A56,21,0,Data Scientist,PhD,Google Meet,77.22,0.371,7,89.23,80.74,Neutral,21.92,4.69,51,0.412,79.89,Second Round
CAND_286288,20,0,Sales Executive,Associate,Teams,47.35,0.575,17,96.9,100.0,Confident,16.74,,43,0.558,62.4,Rejected
CAND_C87C62,30,6,Sales Executive,PhD,Google Meet,72.47,0.711,7,88.28,97.31,Confident,29.32,4.46,46,0.35,81.87,Hired
CAND_2D329B,41,20,HR Manager,Master's,Google Meet,70.73,0.301,10,90.34,88.73,Confident,14.07,4.37,47,0.541,65.84,Rejected
CAND_2FEB23,41,19,Software Engineer,PhD,Zoom,37.43,0.397,9,79.49,83.22,Confident,52.79,5.76,47,0.92,50.32,Rejected
CAND_45A7EA,26,5,Data Scientist,Associate,Teams,45.69,0.297,14,100.0,93.47,Neutral,4.22,5.18,53,0.684,57.0,On Hold
CAND_7E3ED2,21,1,Product Manager,Master's,Zoom,,0.568,8,56.84,60.14,Neutral,44.63,5.48,48,0.608,63.32,Rejected
CAND_6BF224,36,16,Data Scientist,PhD,Zoom,65.39,0.633,10,82.99,68.5,Neutral,30.27,5.55,37,0.455,74.09,Second Round
CAND_6CD0DE,35,15,HR Manager,Associate,HireVue,77.49,0.5,6,90.68,62.24,Neutral,34.36,6.99,41,0.476,84.57,Second Round
CAND_5A1C06,34,13,Business Analyst,Master's,Zoom,42.59,0.482,15,100.0,85.93,Confident,2.5,3.54,49,0.432,63.12,Rejected
CAND_48CBB7,25,2,HR Manager,PhD,HireVue,82.22,,5,100.0,94.21,Confident,29.21,5.38,52,0.56,89.36,Hired
CAND_57F4AC,35,12,UX Designer,Master's,Google Meet,81.29,0.451,6,100.0,100.0,Confident,7.23,,45,0.214,89.5,Hired
CAND_71F59B,38,13,Data Scientist,PhD,HireVue,68.77,0.599,7,92.67,90.26,Confident,16.15,4.0,20,0.377,74.35,Rejected
CAND_B00196,28,0,Software Engineer,Bachelor's,Zoom,37.36,0.579,10,75.26,65.71,Neutral,32.04,6.18,44,0.699,50.21,Rejected
CAND_F164B1,33,8,Software Engineer,Bachelor's,Zoom,54.59,,4,86.74,70.82,Neutral,33.08,5.17,45,0.681,56.63,On Hold
CAND_003859,24,3,Business Analyst,Bachelor's,Teams,40.27,0.772,7,93.0,100.0,Neutral,33.27,,36,0.439,49.1,Rejected
CAND_DABF59,31,12,Sales Executive,Master's,Teams,57.25,0.795,11,100.0,63.43,Confident,10.6,3.54,40,0.59,68.24,Rejected
CAND_04678C,29,5,Product Manager,PhD,Teams,39.83,0.749,9,74.61,59.94,Confident,32.59,4.89,51,0.328,56.59,On Hold
CAND_5C75CF,23,0,Product Manager,Master's,HireVue,56.98,0.778,13,97.39,97.86,Confident,14.65,,41,0.397,67.04,Rejected
CAND_0B80EB,39,17,Data Scientist,PhD,Google Meet,86.34,0.752,4,92.85,75.7,Confident,20.51,4.95,27,0.638,83.4,Hired
CAND_1BC43B,22,0,Product Manager,Master's,Zoom,62.46,0.719,10,100.0,48.46,Confident,11.13,4.26,42,0.471,66.22,Rejected
CAND_0B38F9,33,13,Business Analyst,Associate,HireVue,,0.68,12,100.0,67.33,Confident,14.69,8.98,47,0.806,45.5,Rejected
CAND_3BC0F0,32,10,Data Scientist,PhD,Teams,42.46,0.592,17,61.88,64.62,Neutral,37.85,5.46,50,0.921,45.65,Rejected
CAND_DF5EBD,37,19,Sales Executive,Master's,HireVue,76.31,0.425,4,84.5,74.68,Confident,30.36,4.62,48,0.397,78.43,Hired
CAND_BE44E6,24,0,Sales Executive,Bachelor's,Zoom,44.01,0.569,14,90.78,100.0,Neutral,19.67,5.02,56,0.408,62.01,On Hold
CAND_DF2E71,20,0,HR Manager,Master's,Google Meet,64.97,0.627,8,82.88,79.11,Neutral,22.64,4.52,36,0.581,64.88,Rejected
CAND_DCF495,24,7,UX Designer,PhD,HireVue,63.25,0.699,12,100.0,79.3,Confident,11.81,4.64,56,0.175,71.25,Second Round
CAND_FA50F9,36,12,Data Scientist,Associate,Zoom,64.94,0.759,15,100.0,100.0,Confident,,4.25,45,0.711,74.44,Second Round
CAND_79163E,25,3,Sales Executive,Associate,Google Meet,73.66,0.74,7,96.38,91.59,Confident,21.09,5.44,51,0.452,72.05,Second Round
CAND_9ED75B,21,3,Software Engineer,Bachelor's,Teams,71.51,0.645,7,79.11,92.01,Neutral,45.65,7.33,53,0.33,75.79,Second Round
CAND_45137B,41,18,Product Manager,PhD,Zoom,85.67,,8,100.0,74.68,Confident,8.21,4.24,52,0.202,86.9,Hired
CAND_140BFC,26,7,Marketing Analyst,Associate,Teams,72.79,0.62,15,100.0,100.0,Confident,7.37,4.23,61,0.105,82.1,Hired
CAND_834CBE,39,13,HR Manager,Master's,Google Meet,46.21,0.672,11,100.0,46.61,Confident,11.14,4.2,46,0.876,59.74,Rejected
CAND_8BB114,24,4,UX Designer,Bachelor's,HireVue,30.8,0.804,17,63.03,34.21,Neutral,55.14,,29,0.356,36.57,On Hold
CAND_236412,46,25,Business Analyst,Bachelor's,Teams,55.27,0.698,10,99.47,100.0,Confident,7.47,4.29,50,0.372,61.92,Rejected
CAND_B06BEE,25,2,Software Engineer,Bachelor's,HireVue,61.95,0.554,7,100.0,78.2,Neutral,10.16,4.41,45,0.478,74.13,Rejected
CAND_42305B,26,6,Data Scientist,PhD,Zoom,66.25,0.563,5,93.37,74.92,Confident,22.05,4.54,51,0.634,80.32,Rejected
CAND_70D290,31,2,Business Analyst,Master's,HireVue,77.16,0.479,4,99.41,92.85,Confident,6.89,3.53,49,0.613,71.77,Rejected
CAND_CB594A,35,12,HR Manager,Bachelor's,Teams,77.44,0.627,7,100.0,60.58,Confident,,3.76,61,0.892,83.27,Second Round
CAND_2EAA30,29,15,Marketing Analyst,Associate,Google Meet,64.82,,11,100.0,87.17,Confident,,4.41,47,0.202,72.02,Hired
CAND_9DA9CB,31,12,Marketing Analyst,Associate,Zoom,37.95,0.493,11,100.0,,Confident,23.07,4.63,47,0.551,55.9,Rejected
CAND_E9B730,28,1,HR Manager,PhD,Teams,68.08,0.498,10,72.69,64.93,Neutral,33.35,5.05,64,0.465,68.88,Second Round
CAND_7FAE9B,20,0,Marketing Analyst,Bachelor's,HireVue,57.12,0.513,8,95.23,82.8,Confident,15.75,4.16,54,0.158,66.76,Second Round
CAND_CCF5A7,50,31,Product Manager,Master's,Zoom,53.62,0.664,14,100.0,82.08,Confident,19.45,5.06,46,0.528,72.58,Second Round
CAND_D9F799,20,2,Sales Executive,Bachelor's,Teams,,0.777,13,88.07,72.24,Confident,24.58,5.86,73,0.606,57.22,Rejected
CAND_34D842,29,3,Marketing Analyst,Associate,Google Meet,43.52,0.59,16,100.0,100.0,Confident,12.77,,63,0.363,56.04,Rejected
CAND_21C7DC,26,0,Marketing Analyst,Bachelor's,Zoom,52.98,0.58,9,100.0,100.0,Confident,7.42,3.51,53,0.89,64.31,Rejected
CAND_961DDB,20,0,Data Scientist,Associate,Teams,65.2,0.831,5,100.0,81.14,Confident,2.17,3.12,49,0.595,71.36,Hired
CAND_0D5FAA,46,28,Sales Executive,Associate,Zoom,44.34,0.683,8,80.77,82.81,Neutral,33.98,6.64,36,0.39,52.71,Rejected
CAND_4C529C,36,16,HR Manager,Master's,Zoom,55.03,0.711,14,98.38,100.0,Confident,20.63,5.32,41,0.565,68.57,Hired
CAND_9383A3,20,0,UX Designer,Associate,Google Meet,43.88,0.95,12,95.47,99.21,Neutral,6.71,3.29,51,0.645,54.06,Rejected
CAND_423D14,33,13,Software Engineer,Master's,Teams,59.35,0.679,8,77.44,91.77,Confident,32.16,4.85,62,0.197,51.09,Rejected
CAND_F7B5EF,34,4,Software Engineer,Master's,Google Meet,72.03,0.5,8,100.0,45.63,Neutral,5.38,3.65,49,0.601,80.04,Hired
CAND_A10F21,27,4,Product Manager,PhD,HireVue,59.22,0.393,10,100.0,100.0,Confident,4.72,3.95,63,0.475,74.81,Second Round
CAND_F67C4D,28,6,HR Manager,Associate,Teams,,0.631,11,92.39,77.81,Neutral,7.32,4.36,55,0.368,48.54,Rejected
CAND_0FA594,32,12,Data Scientist,Master's,Teams,46.94,0.523,12,83.41,59.12,Confident,32.07,4.89,27,0.338,67.33,Rejected
CAND_037F1A,38,13,Sales Executive,Bachelor's,HireVue,68.35,0.612,11,100.0,61.08,Confident,16.87,4.24,44,0.6,92.39,Hired
CAND_AB9E1D,36,11,Marketing Analyst,Master's,Teams,,0.516,9,100.0,62.67,Confident,11.18,3.94,45,0.45,79.23,Hired
CAND_2DA1D9,41,17,Software Engineer,Bachelor's,Zoom,88.8,0.555,8,82.3,80.66,Confident,30.63,6.54,48,0.458,80.53,Second Round
CAND_393F19,38,9,Product Manager,PhD,Google Meet,53.0,0.33,13,100.0,100.0,Confident,11.57,4.01,57,0.856,64.55,Rejected
CAND_71F0BC,27,2,UX Designer,Bachelor's,HireVue,55.6,0.702,10,70.01,88.66,Neutral,46.32,6.69,56,0.261,53.7,Rejected
CAND_05F457,20,1,Data Scientist,Master's,Zoom,165.79,0.521,0,100.0,76.28,Confident,20.17,5.56,22,0.183,97.28,Hired
CAND_3DF047,24,1,Software Engineer,Associate,HireVue,60.72,0.641,13,100.0,100.0,Confident,20.78,4.51,42,0.633,66.84,Hired
CAND_D5A885,26,3,Sales Executive,Master's,HireVue,75.88,0.412,5,100.0,88.18,Confident,16.13,4.16,49,0.465,63.39,Rejected
CAND_19644B,27,5,Sales Executive,Associate,Teams,97.72,0.629,5,100.0,83.26,Confident,12.05,4.06,45,0.362,87.44,Hired
CAND_38A315,34,13,UX Designer,Master's,Google Meet,74.3,0.511,7,98.31,85.71,Neutral,23.0,4.97,37,0.382,75.78,Second Round
CAND_A56E73,31,6,HR Manager,PhD,Teams,66.43,0.787,5,100.0,69.04,Confident,8.46,4.07,57,0.595,72.88,Hired
CAND_49DB28,20,0,Marketing Analyst,Master's,Zoom,32.63,0.73,9,85.04,59.72,Confident,14.33,3.81,54,0.481,41.5,On Hold
CAND_D8EB79,31,11,UX Designer,Associate,Teams,53.45,0.399,3,64.91,70.52,Neutral,41.69,5.57,45,0.581,59.11,Rejected
CAND_551AD9,31,11,HR Manager,Associate,HireVue,35.95,0.625,11,71.29,62.09,Neutral,37.71,5.37,52,0.626,43.73,Rejected
CAND_FC12D6,26,6,HR Manager,Associate,Google Meet,37.17,0.625,14,100.0,100.0,Confident,11.24,3.41,51,0.524,59.26,Rejected
CAND_4C65FA,20,0,HR Manager,Master's,Teams,60.78,0.788,9,100.0,,Neutral,20.96,5.85,54,0.287,69.37,Rejected
CAND_AD52FE,20,0,UX Designer,PhD,HireVue,45.11,0.722,10,77.85,74.8,Neutral,40.74,5.77,56,0.245,50.37,Rejected
CAND_515DA7,26,6,HR Manager,PhD,Google Meet,52.18,,6,100.0,100.0,Confident,21.72,5.12,34,0.418,85.04,Hired
CAND_D844E1,37,12,Sales Executive,Bachelor's,HireVue,55.75,0.389,12,100.0,87.93,Confident,11.8,3.77,62,0.441,77.07,Hired
CAND_246EF6,29,9,HR Manager,Bachelor's,Teams,69.18,0.56,10,94.56,99.29,Confident,24.36,4.24,49,0.426,74.34,Rejected
CAND_C92D92,39,20,Product Manager,Associate,HireVue,89.33,0.79,6,89.87,87.44,Neutral,,5.3,29,0.79,90.15,Hired
CAND_A3AA7E,20,0,Software Engineer,Master's,HireVue,58.32,0.75,10,100.0,,Confident,8.88,4.71,37,0.061,67.7,Second Round
CAND_10DE6C,24,1,Marketing Analyst,Master's,HireVue,91.0,0.636,4,94.07,69.48,Confident,24.75,5.28,45,0.688,70.11,Hired
CAND_F943DA,46,23,Product Manager,Associate,Google Meet,44.81,,14,48.74,48.24,Neutral,48.66,6.67,46,0.491,53.8,Rejected
CAND_D06065,28,8,Product Manager,Associate,Google Meet,73.51,0.598,6,100.0,95.93,Confident,5.11,3.4,44,0.678,93.3,Hired
CAND_F5957E,31,9,Software Engineer,Bachelor's,Zoom,52.59,0.711,9,71.98,52.61,Neutral,45.28,,51,0.135,62.39,Rejected
CAND_52B084,39,18,Software Engineer,PhD,Zoom,56.01,0.601,12,100.0,96.64,Confident,15.3,3.97,48,0.669,62.97,On Hold
CAND_6D9701,22,1,UX Designer,Master's,Teams,,0.675,3,100.0,,Confident,22.86,5.04,30,0.301,83.82,Second Round
CAND_374BAE,20,0,Business Analyst,Associate,HireVue,34.24,0.427,14,78.32,64.87,Confident,21.81,4.11,43,0.322,48.03,On Hold
CAND_6D945A,28,7,Marketing Analyst,PhD,Zoom,,0.543,10,100.0,77.84,Confident,16.49,3.97,65,0.535,73.84,Hired
CAND_E81E2D,20,0,Product Manager,Master's,HireVue,68.21,0.676,9,100.0,100.0,Confident,13.78,5.34,54,0.673,74.45,Hired
CAND_7DA0C8,21,4,HR Manager,Master's,HireVue,62.73,0.585,3,100.0,57.24,Confident,10.37,3.78,45,0.369,84.67,Rejected
CAND_DE0A96,25,0,UX Designer,Bachelor's,Teams,34.36,0.351,9,55.56,47.96,Neutral,42.48,6.31,57,0.759,40.22,Rejected
CAND_730E6D,26,6,Software Engineer,Master's,HireVue,61.82,,15,100.0,61.48,Confident,21.85,4.95,69,0.252,66.91,Hired
CAND_5329F4,36,11,Product Manager,Bachelor's,Google Meet,59.28,0.545,6,100.0,,Confident,19.66,,36,0.289,78.77,Second Round
CAND_6E9A57,26,3,Product Manager,Associate,Zoom,57.88,0.571,7,100.0,100.0,Confident,5.11,3.77,33,0.563,73.17,Rejected
CAND_CB37A6,20,0,Business Analyst,PhD,Zoom,69.59,0.703,4,67.62,59.58,Neutral,45.24,6.0,53,0.556,67.87,Rejected
CAND_23AF03,24,0,Product Manager,Master's,Google Meet,57.46,0.469,6,100.0,89.43,Confident,3.81,3.78,54,0.53,70.18,Hired
CAND_56A45C,34,16,Data Scientist,Master's,Google Meet,40.66,0.731,13,100.0,100.0,Neutral,20.19,4.39,35,0.431,56.72,Rejected
CAND_D29C4A,23,3,Business Analyst,Associate,Zoom,80.18,0.634,9,79.08,51.31,Neutral,,6.24,38,0.681,74.23,Hired
CAND_39E321,41,16,HR Manager,Master's,Google Meet,69.43,0.443,6,100.0,100.0,Confident,12.16,3.72,44,0.321,84.3,Rejected
CAND_C7D870,26,9,Marketing Analyst,Bachelor's,HireVue,47.73,0.6,7,95.58,54.01,Confident,12.59,3.45,55,0.658,65.88,Hired
CAND_0C71FA,20,3,UX Designer,PhD,Google Meet,37.5,0.832,9,61.24,60.4,Slouched,35.19,5.3,38,0.559,44.2,Rejected
CAND_D2AC5C,27,5,Business Analyst,Bachelor's,Google Meet,70.07,0.678,12,84.24,73.09,Confident,15.17,,23,0.843,83.96,Second Round
CAND_70882D,46,27,Sales Executive,Bachelor's,Google Meet,,0.636,11,76.63,47.45,Neutral,25.38,5.45,39,0.844,45.95,Rejected
CAND_8CA294,28,6,Software Engineer,Bachelor's,Google Meet,76.03,0.563,6,88.24,,Confident,22.83,4.25,46,0.797,94.72,Hired
CAND_9EE2E1,36,17,HR Manager,Associate,Zoom,62.93,0.548,9,97.68,76.49,Confident,16.31,,39,0.468,81.06,Second Round
CAND_BD010E,30,6,HR Manager,PhD,Google Meet,86.54,0.731,4,100.0,87.22,Confident,4.14,,39,0.548,91.48,Hired
CAND_574675,36,18,HR Manager,Associate,Google Meet,,0.66,11,100.0,92.31,Confident,17.96,4.5,53,0.377,88.49,Hired
CAND_E1A4DE,29,5,Marketing Analyst,Master's,HireVue,42.26,0.544,10,84.34,94.23,Neutral,18.64,4.42,41,0.429,51.67,Rejected
CAND_E13331,36,12,Sales Executive,Bachelor's,Google Meet,66.64,0.583,11,100.0,,Confident,32.33,4.9,47,0.249,78.67,Hired
CAND_1A1CB8,35,13,Software Engineer,Master's,Zoom,78.04,,4,100.0,63.32,Confident,3.49,4.19,59,0.303,99.02,Hired
CAND_F0C4D5,33,11,Data Scientist,Master's,Teams,49.6,0.6,15,92.27,90.77,Confident,27.1,4.2,44,0.328,57.29,Rejected
CAND_1EEB4C,42,17,Software Engineer,Bachelor's,Google Meet,63.29,0.837,7,79.05,78.85,Confident,20.0,4.54,31,0.422,65.98,Hired
CAND_375ED2,34,11,Product Manager,Associate,Google Meet,42.33,0.286,11,80.81,56.8,Confident,22.37,4.23,67,0.719,60.77,Rejected
CAND_FCC063,34,12,Data Scientist,Bachelor's,Teams,52.29,0.447,14,81.78,84.96,Confident,21.17,4.62,39,0.183,65.88,Hired
CAND_E913B7,36,16,Data Scientist,Master's,Zoom,64.58,0.449,8,100.0,91.63,Confident,14.19,4.31,47,0.794,76.15,Rejected
CAND_E4A95E,31,10,HR Manager,Master's,Teams,70.29,0.585,9,63.91,76.2,Slouched,,4.89,45,0.59,63.92,On Hold
CAND_1E4757,25,0,Business Analyst,Master's,HireVue,41.98,0.576,4,99.49,95.28,Confident,23.06,4.34,41,0.541,60.93,On Hold
CAND_FF9AC2,36,13,Sales Executive,Master's,HireVue,47.16,0.593,10,93.05,52.14,Neutral,10.76,5.34,43,0.557,63.47,Rejected
CAND_678445,31,11,Software Engineer,Associate,Teams,77.81,0.95,5,90.65,63.1,Confident,23.55,5.09,48,0.446,69.13,Rejected
CAND_CA6A4F,24,4,UX Designer,PhD,Teams,56.92,0.562,4,100.0,100.0,Confident,17.24,,54,0.478,63.75,On Hold
CAND_56F26A,27,4,UX Designer,Bachelor's,Zoom,63.34,,8,96.08,100.0,Confident,28.11,4.29,44,0.54,72.82,Rejected
CAND_837A71,32,13,UX Designer,Master's,HireVue,68.85,0.44,6,100.0,95.49,Confident,17.12,4.61,50,0.536,84.2,Second Round
CAND_D8E3ED,43,18,HR Manager,PhD,Teams,47.41,0.625,9,74.91,73.32,Neutral,32.39,5.5,50,0.943,53.74,Rejected
CAND_F3C611,20,0,UX Designer,Bachelor's,Google Meet,76.96,0.449,10,81.57,52.62,Confident,35.06,6.02,42,0.172,79.96,Second Round
CAND_8BFC80,25,11,Software Engineer,Bachelor's,HireVue,78.14,0.62,4,100.0,,Confident,10.0,3.83,24,0.501,89.96,Hired
CAND_95CA14,50,27,HR Manager,Bachelor's,HireVue,76.83,0.783,12,100.0,64.44,Confident,6.04,4.27,37,0.539,89.38,Hired
CAND_F77E35,24,0,Business Analyst,Bachelor's,Google Meet,20.03,0.683,17,83.79,100.0,Confident,23.42,4.61,38,0.371,44.19,On Hold
CAND_89EC86,29,7,Sales Executive,PhD,HireVue,68.86,0.424,5,100.0,82.07,Confident,,4.52,37,0.53,76.16,Second Round
CAND_F35DAC,30,9,Sales Executive,PhD,Teams,56.14,0.579,14,66.62,74.34,Confident,26.55,4.74,46,0.872,55.78,Rejected
CAND_6022F3,42,18,Business Analyst,Associate,HireVue,61.69,0.8,10,81.85,84.79,Neutral,24.08,5.68,38,0.733,63.37,Rejected
CAND_F194C8,23,1,HR Manager,Associate,HireVue,41.99,0.477,5,96.0,94.77,Confident,16.97,4.91,59,0.428,60.02,Rejected
CAND_FDA2EB,20,0,HR Manager,Associate,Zoom,93.34,,2,79.35,52.47,Neutral,14.3,4.1,46,0.46,95.53,Hired
CAND_0BC3F5,28,11,HR Manager,Master's,HireVue,66.22,0.528,6,98.82,100.0,Confident,25.39,4.96,55,0.656,61.57,Rejected
CAND_E0FB1F,33,8,Product Manager,Master's,Teams,30.53,0.863,3,79.0,48.43,Confident,35.22,,28,0.849,42.61,Rejected
CAND_34B4D4,20,0,HR Manager,Associate,Teams,72.32,0.415,3,100.0,100.0,Confident,1.97,3.4,52,0.396,74.55,Hired
CAND_388264,20,0,Sales Executive,Associate,Teams,48.6,0.46,4,85.94,75.19,Neutral,44.85,5.47,58,0.196,61.55,Rejected
CAND_2B7029,31,13,Marketing Analyst,Master's,Teams,71.87,0.644,8,100.0,100.0,Confident,23.29,4.4,42,0.537,75.18,Rejected
CAND_8CFF10,29,14,HR Manager,Associate,Teams,84.22,0.544,5,100.0,100.0,Confident,13.67,7.8,35,0.757,93.7,Hired
CAND_CFED7D,36,10,Software Engineer,PhD,Zoom,85.31,0.557,7,100.0,100.0,Confident,11.65,4.45,55,0.681,83.3,Rejected
CAND_2A134F,40,14,Sales Executive,PhD,Teams,79.75,,5,100.0,100.0,Confident,22.96,4.23,29,0.222,76.89,Second Round
CAND_B0D8D0,27,8,UX Designer,Associate,HireVue,48.24,0.705,14,95.51,79.23,Confident,23.85,5.04,62,0.561,50.23,Rejected
CAND_9FF79A,30,6,Business Analyst,PhD,HireVue,131.76,0.305,1,100.0,94.38,Confident,8.87,4.94,63,0.241,76.35,Hired
CAND_9C87F2,20,0,Product Manager,PhD,Google Meet,91.31,0.605,10,88.74,66.5,Neutral,31.8,5.7,42,0.62,81.72,Rejected
CAND_4ECCCD,45,23,Product Manager,PhD,HireVue,41.18,0.884,12,100.0,93.55,Confident,20.96,4.94,49,0.194,53.45,Rejected
CAND_6287B0,32,11,HR Manager,Master's,Teams,46.97,0.629,11,100.0,76.78,Confident,6.31,4.54,41,0.851,64.99,Rejected
CAND_96C6AF,20,0,UX Designer,PhD,HireVue,69.88,0.503,11,85.32,72.03,Confident,17.3,4.23,55,0.631,83.43,Rejected
CAND_76BADB,22,0,Business Analyst,Master's,Teams,44.71,0.681,13,70.97,60.7,Neutral,31.5,4.81,60,0.365,51.54,Rejected
CAND_6F70BC,29,11,UX Designer,Master's,Teams,76.29,0.95,9,92.32,81.76,Confident,21.09,4.58,40,0.478,73.25,Rejected
CAND_CCEAD7,23,5,Software Engineer,PhD,Zoom,65.38,0.738,10,91.71,71.26,Confident,26.08,4.6,54,0.762,76.28,Second Round
CAND_996F6C,20,4,Business Analyst,Bachelor's,HireVue,,0.551,10,100.0,76.16,Confident,7.26,3.92,57,0.381,79.14,Hired
CAND_2E0293,34,11,Marketing Analyst,Bachelor's,HireVue,71.5,0.819,2,99.11,72.88,Confident,6.9,3.56,40,0.717,64.35,Rejected
CAND_1F9A24,44,23,Marketing Analyst,Master's,Google Meet,60.61,0.514,9,100.0,84.08,Confident,,3.47,42,0.721,71.18,Hired
CAND_B86DD1,31,7,Sales Executive,Master's,Teams,59.95,0.652,7,100.0,87.25,Confident,12.4,,63,0.636,76.04,Hired
CAND_DCFA97,33,14,Sales Executive,Master's,Google Meet,39.23,0.743,11,99.45,100.0,Confident,16.87,4.02,30,0.231,58.84,Rejected
CAND_9F39E6,42,20,Business Analyst,Master's,Teams,65.71,0.464,5,100.0,72.9,Confident,18.83,4.39,49,0.448,81.9,Second Round
CAND_1A0BC2,29,8,Data Scientist,PhD,Zoom,64.27,,6,89.8,74.63,Neutral,31.33,5.14,45,0.55,76.33,Rejected
CAND_C32F11,30,12,Marketing Analyst,Master's,HireVue,64.81,0.65,10,100.0,34.03,Confident,11.37,4.05,57,0.625,78.88,Hired
CAND_5AC485,39,14,Software Engineer,PhD,Google Meet,40.84,0.59,19,66.06,58.85,Neutral,51.47,6.15,45,0.47,49.76,Rejected
CAND_20A2CC,20,0,Software Engineer,Bachelor's,HireVue,73.14,0.547,6,88.76,87.34,Confident,20.59,3.96,64,0.313,66.65,Second Round
CAND_ACAD13,29,6,Product Manager,Associate,HireVue,54.67,0.745,12,100.0,100.0,Confident,8.46,4.38,54,0.378,64.81,Rejected
CAND_957C6E,35,15,Business Analyst,Bachelor's,Google Meet,54.23,0.659,7,99.62,98.14,Confident,13.64,3.92,26,0.597,57.59,Rejected
CAND_29BA08,26,5,Sales Executive,PhD,Teams,77.48,0.414,8,82.82,86.86,Neutral,31.75,5.07,39,0.442,83.56,Hired
CAND_3C66EE,40,14,Software Engineer,Bachelor's,Zoom,42.54,0.95,9,57.32,49.41,Neutral,32.28,4.46,44,0.048,44.06,Rejected
CAND_E700A8,20,0,Business Analyst,Master's,Google Meet,56.01,0.496,7,72.97,80.78,Confident,,,54,0.555,62.32,Rejected
CAND_354601,29,8,Software Engineer,Associate,Google Meet,87.94,0.422,9,90.47,69.83,Confident,15.3,,46,0.371,81.22,Second Round
CAND_ED1F53,39,15,Software Engineer,PhD,Google Meet,59.97,0.472,11,83.47,72.19,Confident,28.17,5.3,60,0.399,72.23,Second Round
CAND_920BFB,20,0,Software Engineer,Master's,HireVue,33.62,0.722,16,57.83,43.07,Neutral,65.14,6.62,38,0.557,40.64,Rejected
CAND_007F57,22,0,Product Manager,Master's,Zoom,73.36,0.613,8,100.0,100.0,Confident,16.96,4.45,33,0.501,76.13,Hired
CAND_3BAE59,40,15,UX Designer,Bachelor's,Google Meet,63.75,0.642,5,97.42,,Confident,12.78,4.28,41,0.297,74.57,Rejected
CAND_183ACB,32,12,HR Manager,PhD,Zoom,84.32,0.7,8,100.0,100.0,Confident,12.36,3.7,61,0.523,85.02,Hired
CAND_8A5562,51,32,HR Manager,Associate,Teams,46.23,0.575,12,100.0,83.78,Confident,23.43,4.74,39,0.431,58.27,Rejected
CAND_E98914,26,7,UX Designer,Associate,Teams,53.67,0.449,7,100.0,85.63,Confident,10.77,3.57,45,0.632,62.42,On Hold
CAND_4C2C0B,29,3,UX Designer,Master's,Zoom,57.99,0.636,7,100.0,81.77,Confident,6.47,3.46,44,0.643,67.3,Second Round
CAND_2DD2B1,46,25,Software Engineer,Master's,HireVue,56.93,0.757,7,94.36,54.82,Confident,20.79,4.84,52,0.426,57.4,Rejected
CAND_7A0D65,20,0,UX Designer,Master's,Teams,63.54,0.739,11,87.32,88.27,Confident,21.76,4.71,26,0.482,77.96,Hired
CAND_B26E98,27,8,HR Manager,Bachelor's,Google Meet,56.38,0.78,10,66.13,58.86,Confident,55.16,5.95,46,0.801,61.11,Rejected
CAND_0D0604,23,0,HR Manager,Bachelor's,Zoom,49.47,0.6,8,71.75,77.13,Neutral,23.15,3.9,50,0.73,58.37,Rejected
CAND_3ACEF7,26,4,UX Designer,Associate,Zoom,48.33,0.611,8,54.97,38.68,Neutral,53.24,5.85,49,0.614,47.9,On Hold
CAND_074999,30,1,Business Analyst,Master's,HireVue,60.6,0.422,13,100.0,57.4,Confident,,3.66,50,0.381,70.78,Hired
CAND_F37BF0,27,1,Marketing Analyst,PhD,Google Meet,47.84,0.735,14,100.0,100.0,Confident,19.04,4.29,45,0.566,64.24,Rejected
CAND_55DC88,23,5,UX Designer,PhD,Google Meet,51.94,0.805,9,100.0,84.01,Confident,16.07,7.1,38,0.699,53.57,Rejected
CAND_6284FB,30,11,HR Manager,Bachelor's,Google Meet,77.47,0.54,14,93.82,77.95,Confident,26.42,5.29,59,0.493,76.26,Second Round
CAND_17EF8B,26,7,HR Manager,Master's,Teams,28.74,0.701,15,81.48,96.71,Confident,,4.59,46,0.421,48.6,Rejected
CAND_09D31D,33,7,Data Scientist,Master's,Teams,63.02,0.606,12,76.91,68.49,Confident,47.05,5.86,40,0.506,70.63,Second Round
CAND_F87306,20,0,Marketing Analyst,Master's,Google Meet,62.0,0.597,12,71.37,75.05,Neutral,34.53,4.79,27,0.518,69.27,Rejected
CAND_E40579,25,3,UX Designer,PhD,Teams,72.06,0.628,5,100.0,96.86,Confident,12.99,4.51,53,0.476,88.34,Second Round
CAND_231445,24,0,Software Engineer,Master's,Teams,53.84,0.548,4,86.27,,Confident,15.96,4.0,43,0.776,67.0,Second Round
CAND_036A09,24,0,Sales Executive,Associate,Google Meet,78.98,0.501,4,100.0,80.4,Confident,9.17,4.32,44,0.514,71.93,Hired
CAND_7CC9BB,33,7,Product Manager,Associate,HireVue,63.42,0.435,6,96.54,71.88,Confident,12.0,3.69,32,0.528,66.72,Second Round
CAND_810F9C,25,6,UX Designer,Bachelor's,Zoom,43.08,0.597,16,73.02,,Confident,25.62,5.17,42,0.666,54.57,Rejected
CAND_4528E3,32,14,Software Engineer,Bachelor's,Google Meet,60.62,0.562,8,100.0,86.76,Confident,25.35,4.17,45,0.036,87.35,Hired
CAND_147A68,20,0,HR Manager,Master's,Zoom,34.19,0.674,12,100.0,100.0,Confident,20.19,3.91,38,0.396,55.86,Rejected
CAND_35E0A1,40,14,UX Designer,Associate,Google Meet,68.6,0.457,8,100.0,70.44,Confident,10.49,,49,0.251,92.95,Hired
CAND_C15796,31,6,Software Engineer,PhD,Zoom,32.31,0.631,10,87.59,75.68,Confident,27.87,4.99,43,0.335,50.26,Rejected
CAND_32AF8D,30,3,Marketing Analyst,Associate,Teams,43.34,0.657,11,70.72,66.28,Neutral,30.86,5.15,35,0.553,43.77,Rejected
CAND_F1B458,27,1,Software Engineer,Associate,Teams,42.17,0.748,14,93.93,100.0,Confident,19.6,5.16,53,0.454,59.35,Rejected
CAND_4D2DE9,35,10,Marketing Analyst,PhD,Zoom,,0.814,7,100.0,58.58,Confident,14.95,4.54,55,0.573,56.86,Rejected
CAND_5433BF,31,10,Product Manager,Master's,Zoom,58.85,0.655,12,63.59,65.84,Neutral,52.43,5.82,51,0.342,60.0,Rejected
CAND_7BF2B8,28,1,Software Engineer,Associate,HireVue,54.23,0.693,13,75.81,51.35,Neutral,18.43,,41,0.721,57.88,Rejected
CAND_64191D,48,28,Product Manager,Bachelor's,Zoom,59.06,0.523,6,94.95,,Confident,26.89,5.03,33,0.692,67.67,Second Round
CAND_86CFB2,20,0,Marketing Analyst,PhD,HireVue,41.98,0.545,14,77.1,77.5,Neutral,24.16,4.89,49,0.37,53.36,Rejected
CAND_3FD572,24,2,Marketing Analyst,Master's,Teams,49.9,0.781,12,80.64,33.19,Confident,27.25,,39,0.831,60.32,Rejected
CAND_E1BC14,35,13,Software Engineer,Associate,HireVue,64.67,0.703,12,94.79,91.81,Confident,27.9,5.99,44,0.0,78.76,Hired
CAND_DCB31A,38,14,Software Engineer,PhD,Google Meet,49.01,0.542,13,87.69,48.99,Confident,22.23,4.13,46,0.452,51.8,Rejected
CAND_2209DF,20,0,Sales Executive,Associate,Teams,68.35,0.559,6,82.85,,Confident,32.99,6.28,58,0.783,74.03,Second Round
CAND_6B4339,42,16,Product Manager,PhD,Google Meet,64.18,0.337,12,100.0,81.47,Confident,4.52,3.52,36,0.371,79.07,Second Round
CAND_977D20,36,11,HR Manager,PhD,HireVue,58.31,0.516,8,100.0,100.0,Confident,10.92,4.03,30,0.352,80.25,Rejected
CAND_BF1D41,32,11,Product Manager,Associate,HireVue,48.43,0.761,15,68.41,64.99,Neutral,42.04,6.6,44,0.327,48.39,Rejected
CAND_A4F620,22,1,Marketing Analyst,Master's,Google Meet,,0.57,11,100.0,100.0,Confident,23.59,4.8,33,0.335,85.17,Hired
CAND_642478,20,0,Sales Executive,Master's,Zoom,,0.488,13,72.65,66.54,Neutral,51.91,5.49,53,0.544,41.82,Rejected
CAND_3AF707,20,0,Product Manager,PhD,Teams,32.69,,10,99.71,98.2,Neutral,19.07,4.03,47,0.557,53.03,Rejected
CAND_69FCE1,38,16,UX Designer,Associate,Zoom,,0.507,6,99.09,76.21,Confident,16.77,4.43,42,0.579,91.04,Hired
CAND_E304BE,20,0,Software Engineer,Bachelor's,Zoom,53.4,0.417,5,97.6,80.41,Confident,,4.15,34,0.685,66.18,Hired
CAND_642E04,20,0,Product Manager,Master's,Google Meet,76.43,0.711,8,100.0,100.0,Confident,5.83,3.44,43,0.87,88.56,Hired
CAND_FFB02A,28,1,Business Analyst,Associate,HireVue,72.97,0.52,6,81.52,69.22,Neutral,43.54,6.47,60,0.458,76.92,Second Round
CAND_24D1D1,35,10,HR Manager,Bachelor's,Teams,72.91,0.703,14,100.0,67.3,Confident,14.99,5.51,49,0.488,82.26,Second Round
CAND_0346A1,29,8,UX Designer,Bachelor's,Zoom,47.48,0.477,6,100.0,87.34,Neutral,3.09,4.1,68,0.401,60.76,Rejected
CAND_A14FCD,38,16,Marketing Analyst,Master's,HireVue,50.06,0.594,16,77.51,69.83,Neutral,43.05,6.2,50,0.389,55.71,Rejected
CAND_2E0A66,30,9,Data Scientist,Master's,Zoom,48.34,0.612,10,100.0,91.53,Confident,5.58,4.42,54,0.627,64.7,Rejected
CAND_05F2FB,28,2,Data Scientist,Bachelor's,Google Meet,163.6,0.95,0,100.0,79.37,Confident,11.69,4.03,38,0.524,100.0,Hired
CAND_B5401A,41,19,HR Manager,PhD,HireVue,72.31,0.622,9,100.0,71.68,Confident,10.64,3.62,56,0.367,78.62,Hired
CAND_632639,21,0,HR Manager,PhD,Teams,25.07,0.771,7,100.0,97.08,Confident,19.5,4.0,31,0.647,67.86,Second Round
CAND_F298FC,26,0,Sales Executive,Bachelor's,HireVue,50.19,0.686,10,90.27,78.71,Confident,12.39,3.9,49,0.512,53.77,Rejected
CAND_A18838,22,4,Business Analyst,Bachelor's,Google Meet,56.81,0.328,7,73.52,77.56,Neutral,17.64,5.16,51,0.416,60.64,Rejected
CAND_5BB746,25,0,HR Manager,Bachelor's,HireVue,30.19,0.724,7,91.42,,Confident,30.04,,36,0.396,43.83,Rejected
CAND_35E29B,20,0,Business Analyst,Associate,Zoom,66.13,0.657,7,81.3,77.15,Neutral,26.84,5.1,61,0.434,75.78,Rejected
CAND_8B155E,25,0,Data Scientist,Associate,Google Meet,51.3,0.604,8,100.0,70.17,Confident,5.79,3.57,39,0.45,73.45,Second Round
CAND_A81830,34,12,Data Scientist,Associate,HireVue,33.27,0.436,11,55.72,49.19,Neutral,61.31,7.18,55,0.359,36.43,On Hold
CAND_8BA7AA,33,12,Sales Executive,Bachelor's,Google Meet,,0.782,6,86.83,100.0,Confident,27.95,5.95,33,0.52,74.92,Hired
CAND_CF0479,27,2,Sales Executive,Master's,HireVue,66.87,0.63,11,94.55,85.26,Confident,25.33,4.32,52,0.245,83.47,Rejected
CAND_772C6D,33,6,Product Manager,Bachelor's,HireVue,53.25,0.478,6,100.0,100.0,Confident,16.74,4.69,44,0.816,66.2,Rejected
CAND_34CBA0,30,3,Sales Executive,PhD,HireVue,67.78,0.795,4,100.0,90.43,Confident,20.8,4.35,48,0.42,72.3,Hired
CAND_B6D413,44,24,Software Engineer,PhD,Zoom,61.16,0.606,6,100.0,72.12,Confident,,6.49,20,0.783,69.66,Rejected
CAND_E71995,20,0,Product Manager,Associate,Google Meet,50.19,0.572,10,100.0,100.0,Neutral,23.84,5.25,37,0.302,67.83,Second Round
CAND_F2FB6A,36,14,Business Analyst,Associate,Zoom,88.88,0.376,5,100.0,99.25,Confident,12.31,3.72,41,0.38,92.52,Second Round
CAND_B4F5C9,46,27,UX Designer,Associate,HireVue,67.42,0.44,7,100.0,,Confident,11.57,4.37,41,0.204,68.29,Hired
CAND_A5CFA8,24,6,Product Manager,Associate,Zoom,74.6,0.943,7,50.01,47.59,Neutral,47.12,5.91,25,0.173,76.98,Second Round
CAND_0F691D,37,19,Business Analyst,Associate,Teams,46.49,0.388,4,100.0,,Confident,11.48,4.53,30,0.484,68.09,Hired
CAND_B961B9,20,2,Data Scientist,Bachelor's,Teams,70.46,0.485,10,84.44,47.36,Neutral,26.67,4.65,27,0.111,77.45,Rejected
CAND_4FD7DD,37,14,Software Engineer,Associate,HireVue,,,6,100.0,77.79,Neutral,4.71,3.79,39,0.727,64.08,Rejected
CAND_8A4BD5,20,0,HR Manager,Bachelor's,Google Meet,86.07,0.505,8,99.25,81.1,Confident,14.92,4.65,41,0.267,79.6,Rejected
CAND_46EBC3,26,4,Sales Executive,Bachelor's,Google Meet,65.59,0.363,13,100.0,100.0,Neutral,4.6,3.63,50,0.615,86.43,Hired
CAND_D92213,20,0,Data Scientist,Bachelor's,Zoom,38.9,0.472,8,86.01,86.69,Confident,17.47,5.11,49,0.505,57.59,Rejected
CAND_276AB2,28,10,Business Analyst,Associate,HireVue,55.68,0.594,6,100.0,78.61,Confident,13.71,4.31,46,0.611,70.1,Rejected
CAND_1B4C4C,38,9,Product Manager,Bachelor's,Zoom,50.61,0.574,12,100.0,100.0,Confident,22.16,4.62,65,0.346,68.08,Hired
CAND_0B810B,32,13,Product Manager,Master's,HireVue,73.97,0.813,6,100.0,82.97,Confident,14.24,4.6,61,0.28,84.2,Rejected
CAND_BE3486,40,20,Marketing Analyst,Associate,Zoom,78.34,0.329,4,93.73,56.97,Confident,4.77,4.13,42,0.526,86.26,Hired
CAND_705D3C,22,2,Product Manager,Associate,Zoom,89.58,0.2,5,100.0,91.82,Confident,,4.01,43,0.579,83.21,Rejected
CAND_CA996B,20,0,Product Manager,PhD,Teams,56.12,0.604,11,73.36,70.43,Neutral,19.91,4.17,34,0.732,56.43,Rejected
CAND_C93CFC,25,4,Business Analyst,Bachelor's,Zoom,48.21,0.393,11,100.0,100.0,Confident,1.84,3.21,63,0.299,57.07,Rejected
CAND_376CB2,22,0,Marketing Analyst,Bachelor's,Google Meet,61.41,0.68,13,100.0,88.56,Confident,10.63,3.95,53,0.323,67.74,Rejected
CAND_EAAC3E,33,14,UX Designer,Associate,Teams,56.19,0.429,7,67.33,62.4,Neutral,37.21,5.55,50,0.321,58.56,Rejected
CAND_9F3224,20,0,Sales Executive,Associate,Teams,59.77,0.668,11,91.08,79.42,Neutral,26.49,4.82,36,0.408,67.27,Second Round
CAND_53E5C1,26,4,Data Scientist,Master's,Teams,55.43,0.489,9,92.17,76.66,Neutral,26.21,4.78,53,0.461,62.98,Rejected
CAND_1CD341,20,0,Data Scientist,Associate,Zoom,35.9,0.527,12,100.0,100.0,Confident,6.72,4.17,47,0.494,54.89,Rejected
CAND_DCCC0F,27,0,HR Manager,PhD,Teams,49.98,0.689,8,100.0,97.05,Confident,10.01,3.96,47,0.495,63.17,Rejected
CAND_D124DC,25,3,HR Manager,Bachelor's,Google Meet,45.85,0.789,13,100.0,,Confident,8.99,3.63,49,0.625,59.58,Rejected
CAND_E9E84F,40,20,Business Analyst,Associate,HireVue,48.84,0.409,13,95.69,68.58,Neutral,18.34,4.14,45,0.483,52.97,On Hold
CAND_FEB470,21,0,Product Manager,Associate,HireVue,71.44,0.744,7,100.0,86.49,Confident,4.84,3.63,55,0.887,79.17,Hired
CAND_A88C6C,41,21,Product Manager,Master's,Google Meet,43.54,0.574,6,51.38,47.99,Neutral,51.48,,46,0.629,51.48,Rejected
CAND_C019CB,38,17,HR Manager,Bachelor's,HireVue,72.67,0.614,5,100.0,81.91,Confident,9.31,7.11,44,0.647,72.09,Hired
CAND_4B730F,58,35,Product Manager,Bachelor's,Google Meet,43.12,0.752,12,80.11,74.55,Neutral,32.97,5.07,26,0.615,63.21,On Hold
CAND_FEDA6C,26,2,Sales Executive,PhD,Google Meet,55.52,0.457,12,100.0,66.99,Confident,9.04,4.13,40,0.758,74.54,Second Round
CAND_376578,20,0,Marketing Analyst,Associate,HireVue,80.51,0.779,6,100.0,,Confident,6.3,3.66,53,0.593,91.23,Hired
CAND_284DBA,28,4,Product Manager,Associate,Google Meet,54.23,0.388,8,85.77,79.5,Neutral,30.69,4.87,51,0.845,61.0,Rejected
CAND_672B26,28,5,Business Analyst,Bachelor's,Google Meet,71.91,0.513,5,100.0,92.82,Confident,18.57,5.81,53,0.345,76.51,Second Round
CAND_9EADE3,41,13,Marketing Analyst,Master's,Google Meet,60.9,0.398,8,100.0,59.58,Confident,5.19,3.52,40,0.488,74.63,Second Round
CAND_732BB8,31,6,UX Designer,Master's,Google Meet,53.43,0.759,13,84.23,56.32,Confident,28.07,5.5,62,0.532,54.88,Rejected
CAND_C71CE8,23,0,Business Analyst,Associate,Google Meet,53.42,,16,100.0,78.74,Confident,22.2,4.65,53,0.605,70.53,Hired
CAND_7D4787,26,7,UX Designer,Master's,Google Meet,85.52,0.269,7,100.0,100.0,Confident,14.27,4.2,43,0.661,92.92,Hired
CAND_451A0B,20,5,Business Analyst,Master's,HireVue,40.93,0.576,4,74.77,72.86,Neutral,40.41,5.29,34,0.122,49.24,Rejected
CAND_4BF638,22,0,Marketing Analyst,Master's,Teams,63.42,0.517,11,71.66,86.05,Neutral,37.96,4.96,42,0.0,63.72,Rejected
CAND_8F02DC,36,14,Business Analyst,Master's,HireVue,60.93,0.683,8,100.0,99.21,Confident,13.71,3.82,37,0.557,83.78,Rejected
CAND_3B2CFB,30,9,Sales Executive,PhD,HireVue,57.6,0.426,9,100.0,99.42,Neutral,5.98,3.54,23,0.48,70.95,Second Round
CAND_22841A,27,8,Marketing Analyst,Bachelor's,Google Meet,59.3,0.66,8,85.75,70.2,Confident,19.88,,30,0.593,75.27,Hired
CAND_A52BDF,31,8,HR Manager,Bachelor's,Zoom,47.51,0.702,6,100.0,100.0,Confident,7.46,3.78,36,0.0,63.81,Rejected
CAND_018E21,42,14,Sales Executive,Associate,Google Meet,52.37,0.426,18,92.79,100.0,Confident,17.41,4.94,36,0.379,72.64,Second Round
CAND_E71523,26,0,UX Designer,PhD,Zoom,61.39,0.415,6,100.0,93.86,Confident,17.89,4.16,44,0.529,65.24,Second Round
CAND_21AD15,25,1,Sales Executive,Bachelor's,HireVue,91.84,0.426,4,100.0,84.43,Neutral,2.59,3.5,56,0.574,100.0,Hired
CAND_0542F2,39,16,Product Manager,Master's,Zoom,51.41,0.497,6,59.99,42.64,Confident,35.71,4.56,46,0.425,51.85,Rejected
CAND_12E9D4,20,4,Software Engineer,Bachelor's,Google Meet,91.66,0.788,7,100.0,100.0,Confident,16.05,4.17,38,0.323,84.94,Hired
CAND_4CF2B3,31,5,Marketing Analyst,Master's,Zoom,65.84,0.463,9,83.38,57.79,Confident,31.52,5.4,41,0.255,75.34,Rejected
CAND_E3EDF7,27,4,HR Manager,Master's,Zoom,66.08,0.2,7,100.0,100.0,Confident,11.42,4.4,36,0.611,71.73,Rejected
CAND_A08311,43,24,Software Engineer,Bachelor's,Google Meet,36.94,0.312,14,100.0,100.0,Neutral,19.43,4.25,38,0.751,56.53,Rejected
CAND_73608D,34,10,Marketing Analyst,Associate,Teams,,0.5,11,100.0,72.58,Confident,11.9,6.08,59,0.186,57.62,Rejected
CAND_D9BB46,48,30,Marketing Analyst,PhD,Teams,66.58,0.796,11,100.0,67.28,Confident,13.69,4.39,50,0.562,81.5,Rejected
CAND_28C91D,20,0,Business Analyst,Master's,Teams,80.91,0.346,11,68.84,61.46,Slouched,36.34,4.92,41,0.843,71.42,Rejected
CAND_576611,28,6,UX Designer,Bachelor's,Teams,58.44,0.706,14,87.19,73.52,Neutral,38.66,5.07,54,0.122,70.32,Second Round
CAND_5B6A92,34,8,Marketing Analyst,Associate,Zoom,82.4,0.713,4,85.3,91.79,Neutral,15.63,3.98,42,0.622,87.62,Hired
CAND_00FDFA,30,12,UX Designer,Master's,HireVue,80.52,0.516,6,100.0,80.22,Confident,15.16,5.37,30,0.384,87.97,Hired
CAND_E7AAAC,20,1,UX Designer,PhD,Zoom,52.69,0.418,12,88.38,80.8,Confident,,6.43,48,0.618,61.6,Rejected
CAND_786B6C,37,11,HR Manager,Associate,Teams,22.78,0.563,13,100.0,80.06,Confident,3.08,2.99,44,0.338,50.98,Rejected
CAND_E71AFE,29,8,HR Manager,Associate,HireVue,63.3,0.358,5,88.17,52.73,Confident,43.42,5.76,43,0.657,63.14,Rejected
CAND_2AC498,33,14,HR Manager,Bachelor's,Google Meet,66.17,0.592,12,100.0,48.01,Confident,32.17,6.36,61,0.469,70.62,Second Round
CAND_660469,32,10,Sales Executive,Associate,Google Meet,88.52,0.45,8,89.92,70.37,Confident,33.89,7.04,36,0.444,83.91,Rejected
CAND_D44AAE,23,3,HR Manager,Associate,Teams,77.73,0.434,2,100.0,93.37,Confident,19.94,4.92,36,0.442,77.73,Second Round
CAND_203C0B,20,0,Data Scientist,Associate,Teams,76.76,0.602,10,84.92,79.86,Confident,29.3,4.74,60,0.495,74.83,Rejected
CAND_51C1EE,30,12,Business Analyst,PhD,HireVue,54.09,0.716,9,99.14,82.96,Neutral,13.47,4.87,39,0.486,60.55,Rejected
CAND_9583C8,22,0,Marketing Analyst,Master's,HireVue,57.01,0.446,12,100.0,100.0,Confident,15.9,4.71,41,0.37,73.93,Rejected
CAND_79F20F,22,0,Software Engineer,Master's,Zoom,68.88,0.587,8,91.41,76.7,Neutral,13.1,4.5,54,0.506,74.37,Second Round
CAND_F5A0A7,22,0,HR Manager,PhD,Google Meet,74.81,,6,50.23,39.57,Neutral,47.92,,44,0.076,60.61,Rejected
CAND_87E020,33,11,Sales Executive,Associate,Zoom,57.77,0.74,7,100.0,100.0,Confident,4.84,3.95,27,0.64,64.15,Rejected
CAND_BC6049,26,3,Marketing Analyst,PhD,Google Meet,37.1,0.629,14,82.63,52.15,Confident,42.95,5.31,66,0.734,48.61,Rejected
CAND_20C417,22,0,UX Designer,Master's,Zoom,64.8,0.49,7,90.3,93.24,Confident,29.51,5.09,41,0.849,82.74,Hired
CAND_5B59B1,20,0,UX Designer,Bachelor's,Teams,77.13,0.823,6,100.0,100.0,Confident,21.76,4.42,46,0.738,86.17,Hired
CAND_042BD7,24,3,Software Engineer,PhD,Zoom,,0.687,7,77.82,68.34,Neutral,40.36,5.63,43,0.279,58.35,Rejected
CAND_1014EF,26,2,Sales Executive,Master's,Google Meet,70.33,0.582,7,70.55,41.86,Neutral,22.5,4.19,43,0.446,71.1,Second Round
CAND_B31F32,20,0,Marketing Analyst,Master's,Teams,71.68,0.473,9,100.0,76.21,Confident,4.05,3.49,60,0.217,83.27,Second Round
CAND_50F34F,20,2,Data Scientist,Master's,Zoom,79.08,0.905,7,100.0,94.55,Confident,,5.16,43,0.221,81.08,Hired
CAND_3A88AF,34,12,Product Manager,PhD,HireVue,,0.5,3,100.0,75.97,Confident,19.03,4.18,49,0.688,77.29,Rejected
CAND_131AB6,28,5,UX Designer,Bachelor's,Teams,52.43,0.549,6,73.97,48.53,Slouched,30.6,5.66,54,0.493,60.38,Rejected
CAND_C7E957,20,0,Data Scientist,PhD,Teams,20.87,0.625,11,92.64,100.0,Confident,14.47,4.74,42,0.601,38.88,On Hold
CAND_9A51FF,34,15,Business Analyst,Master's,Teams,70.29,0.808,9,60.55,60.06,Neutral,49.69,7.4,41,0.558,73.03,Second Round
CAND_1F0C1F,37,13,UX Designer,Bachelor's,Google Meet,71.01,0.734,8,84.75,,Neutral,14.01,4.64,51,0.531,70.69,Hired
CAND_F76AD0,31,9,Software Engineer,Bachelor's,HireVue,76.37,0.659,4,100.0,61.57,Confident,16.03,4.16,41,0.223,71.43,Second Round
CAND_DBB305,40,22,Product Manager,Master's,Teams,,0.52,13,100.0,95.91,Confident,7.8,4.12,46,0.115,89.73,Second Round
CAND_7BDF16,36,7,Marketing Analyst,Associate,Teams,57.77,0.414,13,87.14,100.0,Confident,26.56,4.53,58,0.644,68.46,Second Round
CAND_9156AC,28,2,UX Designer,Master's,Zoom,41.83,0.81,10,83.08,66.85,Neutral,36.59,6.64,46,0.735,56.8,Rejected
CAND_E37FC0,31,7,Software Engineer,PhD,HireVue,74.81,0.461,3,100.0,100.0,Confident,3.29,3.69,56,0.315,94.93,Hired
CAND_0BA7E1,42,21,HR Manager,Associate,HireVue,68.51,0.517,5,68.69,66.64,Neutral,55.32,,48,0.224,62.97,Rejected
CAND_708F2D,21,3,Business Analyst,Associate,Google Meet,59.39,0.519,7,97.54,84.41,Confident,12.28,5.25,40,0.488,74.6,Rejected
CAND_3207A0,39,13,Product Manager,Associate,Teams,65.87,0.451,4,92.59,76.5,Confident,18.73,4.67,43,0.764,80.52,Second Round
CAND_306DA0,26,4,Business Analyst,PhD,Zoom,50.51,0.312,11,100.0,100.0,Confident,9.24,,45,0.541,60.5,Rejected
CAND_3B07F7,27,7,HR Manager,PhD,Google Meet,47.85,0.815,11,80.53,72.36,Confident,33.77,5.39,58,0.502,59.74,Rejected
CAND_23F06E,20,0,UX Designer,Associate,Teams,93.92,0.642,8,97.45,100.0,Confident,12.13,,38,0.55,69.86,Hired
CAND_413663,30,7,Product Manager,PhD,HireVue,73.46,0.673,10,100.0,100.0,Confident,6.93,3.55,34,0.072,75.01,Rejected
CAND_82E10D,35,14,UX Designer,Associate,Google Meet,59.23,0.708,8,100.0,100.0,Confident,9.93,3.31,43,0.776,80.45,Hired
CAND_214152,27,8,Sales Executive,PhD,Teams,59.18,0.623,11,100.0,61.96,Confident,7.92,4.34,32,0.405,68.7,Second Round
CAND_492B3D,31,4,Software Engineer,Master's,Teams,22.58,0.565,14,100.0,65.69,Confident,19.03,5.45,27,0.441,40.4,Rejected
CAND_B97B56,20,0,Marketing Analyst,PhD,Zoom,41.74,0.785,9,100.0,,Confident,0.81,3.13,48,0.592,55.83,Rejected
CAND_C82E98,28,4,HR Manager,Bachelor's,Google Meet,46.27,0.524,9,88.58,75.72,Confident,11.3,4.69,70,1.0,52.52,Rejected
CAND_4C2AAE,32,13,Sales Executive,Bachelor's,HireVue,83.32,,6,100.0,87.39,Neutral,22.7,,41,0.622,93.25,Hired
CAND_30E55F,22,0,UX Designer,PhD,Teams,,0.445,19,100.0,83.5,Neutral,6.88,3.61,50,0.579,74.24,Second Round
CAND_79EA3D,20,0,Marketing Analyst,Bachelor's,Zoom,99.23,0.621,2,79.14,63.34,Neutral,13.89,4.21,47,0.282,68.02,Rejected
CAND_DA9E8E,34,7,Business Analyst,Bachelor's,HireVue,,0.56,6,80.8,83.78,Confident,30.86,4.85,48,0.729,91.61,Hired
CAND_04CDB7,38,16,Sales Executive,PhD,Google Meet,62.01,0.566,6,100.0,97.34,Neutral,3.3,3.42,60,0.772,73.02,Rejected
CAND_CAE6AD,20,0,Data Scientist,Associate,HireVue,44.45,0.516,13,69.11,73.58,Slouched,37.64,5.04,36,0.484,52.16,On Hold
CAND_4E6A02,28,4,Software Engineer,Bachelor's,Teams,59.46,0.822,11,97.17,59.25,Neutral,12.06,,38,0.514,79.22,Rejected
CAND_DAB23D,20,0,Sales Executive,PhD,Teams,36.99,0.469,15,85.73,61.58,Neutral,27.63,4.58,49,0.659,50.87,Rejected
CAND_460F03,43,22,Data Scientist,Associate,Google Meet,50.45,0.369,7,87.73,,Confident,30.85,4.71,41,0.428,76.4,Hired
CAND_B8D7A4,22,1,Software Engineer,PhD,Zoom,82.75,0.675,3,100.0,87.28,Confident,14.17,3.98,47,0.563,84.23,Hired
CAND_F1D400,33,11,UX Designer,Associate,Teams,37.48,0.605,12,69.84,70.34,Neutral,33.17,4.92,37,0.74,46.65,Rejected
CAND_4CC848,35,8,Marketing Analyst,Master's,Zoom,56.77,0.408,8,91.66,67.22,Confident,12.14,4.25,43,0.058,70.25,Rejected
CAND_89A25B,32,10,Software Engineer,PhD,HireVue,58.1,0.482,12,93.33,96.33,Confident,30.92,4.47,58,0.508,62.36,Rejected
CAND_E1B7E3,32,15,Sales Executive,Master's,HireVue,61.87,0.507,7,97.89,43.94,Confident,13.21,4.0,34,0.675,76.69,Hired
CAND_53B7DB,29,6,Business Analyst,PhD,HireVue,48.04,0.609,9,91.74,89.83,Confident,22.76,,43,0.672,63.41,Rejected
CAND_417062,32,11,Business Analyst,PhD,Teams,49.54,0.625,7,93.17,86.04,Confident,10.95,4.17,52,0.598,56.26,Rejected
CAND_DD3CA3,20,0,Marketing Analyst,Master's,Teams,71.91,0.455,11,78.11,,Neutral,29.83,4.85,39,0.218,78.95,Rejected
CAND_0236ED,36,8,Sales Executive,PhD,Google Meet,71.01,0.633,6,76.63,96.96,Confident,32.63,,40,0.728,75.67,Second Round
CAND_BE0E79,39,13,HR Manager,Bachelor's,Google Meet,56.32,,8,94.74,87.64,Confident,19.09,5.77,49,0.562,64.82,Rejected
CAND_AD6492,23,4,Data Scientist,Master's,Teams,55.05,0.587,12,94.12,,Confident,13.71,3.66,44,0.364,75.53,Second Round
CAND_EF57EC,25,0,UX Designer,Associate,Teams,52.72,0.541,5,98.74,87.21,Confident,18.92,4.08,49,0.386,71.81,Hired
CAND_D210E2,29,9,Business Analyst,Associate,HireVue,45.43,0.48,8,84.67,80.23,Confident,,4.0,49,0.346,64.87,Rejected
CAND_D465C1,35,14,Data Scientist,Master's,Teams,70.06,0.669,10,100.0,52.17,Confident,29.01,5.77,52,0.969,87.95,Hired
CAND_7B8CEF,36,13,Data Scientist,PhD,Zoom,56.5,0.43,11,96.12,100.0,Confident,25.98,4.59,47,0.487,60.04,Rejected
CAND_0F1F40,26,8,Product Manager,Associate,HireVue,54.36,0.512,16,100.0,75.91,Confident,0.5,4.4,34,0.54,65.95,Second Round
CAND_50905E,20,0,Business Analyst,Bachelor's,Google Meet,45.08,0.48,5,88.1,70.85,Confident,40.57,5.39,47,0.609,56.05,Rejected
CAND_E07230,40,21,Sales Executive,Associate,Teams,29.37,0.546,15,86.87,77.27,Confident,14.19,4.68,47,0.551,49.29,Rejected
CAND_5642C6,20,0,Marketing Analyst,Master's,Teams,57.08,0.598,2,100.0,93.94,Confident,4.88,4.16,57,0.443,70.85,Hired
CAND_E46D44,30,6,Business Analyst,Associate,Zoom,57.42,0.607,7,100.0,70.45,Confident,13.21,4.62,36,0.749,78.12,Rejected
CAND_19A2AF,41,19,Software Engineer,Master's,HireVue,53.52,0.387,9,86.5,55.8,Confident,23.49,4.24,38,0.571,59.4,On Hold
CAND_DC582A,22,0,Product Manager,Bachelor's,Zoom,66.82,0.573,5,100.0,98.01,Confident,20.22,4.85,43,0.996,86.16,Second Round
CAND_3B2E8C,26,3,Product Manager,PhD,Google Meet,75.45,0.589,7,100.0,94.4,Confident,31.16,4.56,48,0.755,80.15,Hired
CAND_246227,21,1,Business Analyst,Bachelor's,Zoom,46.88,0.452,9,89.34,68.4,Confident,21.99,4.76,63,0.826,59.92,Rejected
CAND_087809,20,0,Data Scientist,Bachelor's,Zoom,45.36,0.521,10,74.58,49.71,Confident,27.15,5.03,42,0.405,46.19,Rejected
CAND_555EC3,28,4,Software Engineer,Master's,Teams,58.16,0.524,7,100.0,100.0,Confident,0.77,3.57,50,0.578,70.9,Rejected
CAND_5A7081,31,8,Sales Executive,Bachelor's,Google Meet,89.37,0.658,7,100.0,78.44,Confident,11.6,4.09,42,0.668,85.79,Hired
CAND_F66902,36,19,Data Scientist,PhD,Teams,27.21,0.581,13,94.5,89.59,Neutral,10.02,3.89,45,0.467,47.54,Rejected
CAND_959518,35,11,Marketing Analyst,Master's,Zoom,80.52,0.527,8,100.0,100.0,Confident,7.4,,54,0.539,84.02,Rejected
CAND_AFBB54,31,8,Marketing Analyst,Bachelor's,HireVue,30.2,0.796,13,78.06,,Confident,36.83,4.83,47,0.637,44.65,Rejected
CAND_0EC83D,24,7,Product Manager,Associate,HireVue,56.85,0.506,8,91.31,78.51,Confident,9.92,3.81,46,0.266,67.49,Rejected
CAND_C249C8,32,11,Marketing Analyst,Associate,HireVue,41.34,0.716,8,88.91,80.48,Confident,14.42,5.04,46,0.528,60.57,Rejected
CAND_5390C1,20,0,Marketing Analyst,PhD,Teams,33.71,0.823,11,100.0,80.87,Confident,16.98,4.11,57,0.486,54.88,Rejected
CAND_D53F18,34,10,Product Manager,Bachelor's,Zoom,55.77,0.61,9,86.88,58.96,Confident,20.9,4.47,45,0.288,61.9,Rejected
CAND_8FD5A7,35,7,Product Manager,Bachelor's,HireVue,74.73,0.666,5,100.0,99.34,Confident,3.94,4.78,44,0.673,88.65,Hired
CAND_153CB2,32,9,Marketing Analyst,PhD,Google Meet,,,9,89.18,56.48,Confident,28.62,5.46,40,0.476,56.82,Rejected
CAND_E727F1,20,0,Sales Executive,Associate,HireVue,50.2,0.539,3,100.0,54.11,Confident,7.94,4.05,31,0.293,69.0,Rejected
CAND_8D24D0,40,19,Marketing Analyst,Master's,HireVue,90.01,0.319,7,83.01,68.81,Confident,29.09,5.09,20,1.0,74.33,Rejected
CAND_9BD5E3,39,17,Product Manager,Associate,Teams,,0.669,8,100.0,85.93,Confident,15.53,3.91,41,0.285,82.68,Second Round
CAND_270EA6,43,23,Marketing Analyst,Associate,Teams,39.5,0.822,9,96.14,99.43,Confident,15.18,5.45,25,0.844,55.6,On Hold
CAND_E98DBE,31,12,HR Manager,PhD,HireVue,85.01,0.63,7,100.0,78.61,Confident,11.42,4.37,42,0.907,98.27,Hired
CAND_0C9231,23,3,HR Manager,PhD,Teams,64.72,0.447,8,87.83,47.6,Neutral,20.63,4.89,42,0.569,65.41,Second Round
CAND_963FD0,36,11,HR Manager,Bachelor's,HireVue,,0.526,14,100.0,100.0,Confident,5.3,3.24,48,0.362,57.49,Rejected
CAND_6C868A,24,5,Product Manager,Bachelor's,Teams,77.76,0.551,4,94.2,91.65,Confident,3.58,4.43,51,0.535,76.12,Second Round
CAND_A701D6,37,15,Marketing Analyst,Master's,Teams,47.28,0.801,12,83.88,71.15,Neutral,33.3,5.0,45,0.608,55.94,Rejected
CAND_913488,30,12,Business Analyst,PhD,Google Meet,30.2,0.588,8,77.77,75.43,Confident,22.73,4.98,34,0.0,45.5,Rejected
CAND_B023D8,27,3,Sales Executive,Master's,Teams,,0.615,9,95.38,69.3,Confident,26.29,5.09,47,0.174,73.08,Hired
CAND_292C3E,26,8,Marketing Analyst,Associate,Teams,39.92,0.414,7,96.46,,Confident,23.25,4.34,58,0.254,56.26,Rejected
CAND_5A4F06,34,9,Software Engineer,Associate,Google Meet,49.79,0.529,9,66.83,52.22,Neutral,31.48,4.82,42,0.324,49.59,Rejected
CAND_058B45,29,11,Software Engineer,PhD,Google Meet,50.78,0.516,12,80.27,69.23,Neutral,44.32,6.01,51,0.811,62.9,Rejected
CAND_52A56D,24,2,Sales Executive,Associate,HireVue,32.03,0.729,17,98.01,100.0,Confident,23.23,4.3,55,0.431,73.63,Hired
CAND_FC79DA,51,35,UX Designer,PhD,Teams,,0.473,10,91.98,91.95,Neutral,12.92,5.82,41,0.642,77.49,Rejected
CAND_3BF91D,20,0,Software Engineer,Master's,Google Meet,37.57,0.541,5,91.64,90.37,Neutral,8.46,4.52,44,0.074,58.5,Rejected
CAND_791C59,31,12,UX Designer,Bachelor's,Teams,67.24,0.806,10,77.14,85.05,Neutral,26.0,4.65,39,0.235,70.32,Hired
CAND_C86D84,21,0,HR Manager,Bachelor's,HireVue,73.1,0.712,8,97.57,93.23,Neutral,7.93,4.09,42,0.273,85.84,Hired
CAND_626364,35,10,Marketing Analyst,Associate,Zoom,81.36,0.729,9,100.0,,Confident,10.03,4.7,44,0.684,86.62,Second Round
CAND_C96C00,20,0,Marketing Analyst,Bachelor's,HireVue,75.32,0.704,10,94.44,80.81,Confident,,3.83,49,0.601,90.35,Hired
CAND_82BD7F,34,15,Marketing Analyst,Bachelor's,Teams,48.91,0.589,12,100.0,61.68,Confident,8.39,3.93,59,0.62,56.63,Rejected
CAND_B81DD0,38,10,Business Analyst,Master's,Teams,66.27,0.945,14,96.9,90.62,Confident,32.52,4.87,50,0.31,82.15,Second Round
CAND_5E0F63,35,9,UX Designer,Associate,Zoom,85.47,0.785,8,100.0,93.81,Confident,14.85,4.1,42,0.736,71.53,Second Round
CAND_5BD00C,20,0,Marketing Analyst,Master's,Google Meet,59.71,0.479,9,100.0,64.13,Confident,12.36,4.28,23,0.48,79.56,Rejected
CAND_2D9842,20,0,HR Manager,Master's,Teams,67.57,0.741,7,77.49,88.89,Confident,13.28,4.7,33,0.271,64.82,Rejected
CAND_61409B,22,0,Marketing Analyst,PhD,Zoom,39.54,0.595,14,68.05,68.13,Confident,47.71,6.77,50,0.228,46.88,Rejected
CAND_C6FECD,20,0,Data Scientist,Bachelor's,Teams,84.62,,3,100.0,99.83,Confident,24.4,4.63,39,0.541,76.27,Hired
CAND_C1A1AA,22,0,Marketing Analyst,Master's,Zoom,56.32,0.61,8,93.62,100.0,Confident,17.3,5.53,49,0.776,61.59,Rejected
CAND_BDE5CC,28,4,Data Scientist,Associate,Zoom,63.53,0.569,9,80.53,84.82,Confident,21.33,4.05,63,0.466,78.38,Second Round
CAND_B09912,26,2,Marketing Analyst,Bachelor's,Google Meet,56.74,0.72,13,100.0,82.67,Confident,19.2,4.37,40,0.393,71.27,Rejected
CAND_D960BA,37,16,HR Manager,Master's,Google Meet,66.59,0.338,9,100.0,91.92,Confident,14.63,4.37,32,0.406,59.54,Rejected
CAND_71D5F7,20,0,Data Scientist,Bachelor's,Teams,62.72,0.716,8,77.48,94.47,Confident,20.48,5.64,40,0.335,76.77,Rejected
CAND_E2DE1C,36,14,UX Designer,Associate,Google Meet,46.84,0.477,7,100.0,86.26,Confident,4.14,3.37,36,0.755,67.61,Hired
CAND_FC154E,32,16,Data Scientist,Associate,Teams,25.66,0.507,11,100.0,100.0,Confident,14.79,3.6,47,0.194,65.16,Second Round
CAND_CFB8C4,33,9,Sales Executive,Bachelor's,Teams,54.16,0.714,10,96.34,64.51,Confident,15.07,,37,0.641,68.2,Rejected
CAND_C47354,20,0,Sales Executive,Associate,Google Meet,47.05,0.705,9,100.0,96.68,Confident,5.8,3.44,32,0.549,68.81,Second Round
CAND_ED2235,20,1,Software Engineer,Bachelor's,HireVue,85.2,0.612,9,67.54,68.85,Confident,61.06,6.64,41,0.39,73.43,Hired
CAND_43D5B7,34,10,Software Engineer,PhD,Google Meet,43.08,0.572,12,76.55,63.44,Neutral,45.86,5.68,58,0.206,49.89,Rejected
CAND_8677F8,21,6,Business Analyst,Associate,Zoom,54.97,0.572,11,84.82,51.72,Confident,39.27,5.58,35,0.256,68.95,Hired
CAND_81256C,20,0,Data Scientist,Master's,HireVue,55.53,0.433,11,100.0,68.39,Confident,6.83,3.38,44,0.227,71.16,Hired
CAND_6D9E50,26,3,Business Analyst,Bachelor's,Zoom,,0.696,5,71.83,61.34,Neutral,39.61,5.34,38,0.619,61.26,Rejected
CAND_136CB6,34,12,UX Designer,PhD,HireVue,47.8,0.817,12,64.33,74.75,Confident,42.68,5.1,43,0.299,50.87,Rejected
CAND_A049CE,21,0,Software Engineer,PhD,Teams,42.86,0.66,13,70.98,76.47,Neutral,49.24,6.93,38,0.832,51.58,Rejected
CAND_8D16E0,40,18,Product Manager,PhD,Google Meet,62.94,0.687,7,100.0,71.31,Confident,5.08,3.1,58,0.404,74.76,Second Round
CAND_BB1FB2,28,8,Business Analyst,Bachelor's,HireVue,85.52,0.543,9,91.98,70.68,Confident,16.69,4.01,49,0.595,82.58,Hired
CAND_E5FD86,33,2,HR Manager,Bachelor's,Zoom,61.34,0.532,12,100.0,100.0,Confident,6.55,3.37,39,0.598,65.89,Second Round
CAND_3525D1,31,4,Data Scientist,Master's,Zoom,65.53,0.379,6,73.72,68.01,Neutral,49.64,,32,0.407,62.53,Rejected
CAND_D0641D,24,9,Marketing Analyst,PhD,Google Meet,69.58,0.887,5,63.91,76.56,Confident,45.89,5.97,25,0.257,61.25,On Hold
CAND_25509D,23,0,UX Designer,Bachelor's,Teams,55.94,0.802,6,61.46,56.69,Neutral,30.82,4.69,20,0.413,58.19,Rejected
CAND_7B2718,38,12,Data Scientist,PhD,Google Meet,74.37,0.47,9,100.0,98.95,Confident,11.12,,51,0.523,93.75,Hired
CAND_59ED3C,39,17,Software Engineer,PhD,HireVue,35.06,0.634,13,60.28,58.56,Neutral,38.43,6.13,52,0.55,37.32,Rejected
CAND_858B3D,20,0,Marketing Analyst,Bachelor's,Teams,60.61,0.54,8,100.0,,Confident,4.98,3.35,40,0.324,80.66,Second Round
CAND_ACD302,29,6,Software Engineer,Bachelor's,HireVue,31.46,0.47,7,89.78,94.37,Neutral,17.89,4.13,40,0.284,47.71,Rejected
CAND_5B684A,28,6,HR Manager,Bachelor's,Google Meet,44.55,0.506,9,81.33,92.81,Neutral,47.5,5.56,58,0.708,48.13,Rejected
CAND_E52BE7,23,2,UX Designer,Bachelor's,Google Meet,58.63,0.367,8,100.0,62.19,Confident,12.71,5.35,39,0.396,64.79,Rejected
CAND_9AD72B,20,0,Data Scientist,Bachelor's,HireVue,89.7,0.37,8,100.0,100.0,Confident,11.1,4.85,53,0.683,91.82,Hired
CAND_4E4B62,35,10,Product Manager,Master's,Teams,70.38,0.605,8,100.0,100.0,Confident,15.87,3.97,36,0.658,79.35,Rejected
CAND_C1EFEF,20,0,Marketing Analyst,Master's,HireVue,71.71,,5,100.0,100.0,Confident,15.6,4.42,40,0.338,77.04,Hired
CAND_2BA453,46,21,UX Designer,Associate,Teams,,0.56,7,100.0,58.23,Confident,7.03,3.43,55,0.529,60.97,On Hold
CAND_5B1882,20,0,Product Manager,Associate,HireVue,42.49,0.463,9,100.0,100.0,Neutral,5.84,3.35,59,0.565,57.03,Rejected
CAND_525353,26,4,Marketing Analyst,Master's,Zoom,69.79,0.746,5,96.36,92.82,Confident,22.03,4.32,41,0.434,75.83,Second Round
CAND_56633A,26,6,Sales Executive,Bachelor's,Zoom,45.73,0.627,10,100.0,100.0,Confident,11.02,4.87,35,0.438,56.94,Rejected
CAND_380193,29,6,Marketing Analyst,Master's,Teams,44.92,0.627,14,95.27,100.0,Confident,37.04,4.85,47,0.366,58.23,Rejected
CAND_27C51B,20,0,Data Scientist,Master's,Teams,71.4,0.682,6,100.0,88.09,Confident,16.35,,39,0.755,75.39,Rejected
CAND_8583EF,41,16,UX Designer,Bachelor's,Zoom,62.67,0.593,8,76.84,30.34,Confident,38.06,6.36,60,0.236,71.8,Hired
CAND_95A424,47,25,UX Designer,PhD,Zoom,61.4,0.598,12,100.0,62.45,Confident,7.47,4.07,39,0.497,58.77,Rejected
CAND_23D04C,27,3,Data Scientist,Bachelor's,HireVue,95.03,0.356,2,100.0,93.2,Confident,20.67,5.03,45,0.346,95.1,Hired
CAND_96AE16,39,14,Sales Executive,Master's,Teams,69.8,0.542,10,100.0,100.0,Confident,7.12,4.09,29,0.852,76.54,Hired
CAND_57F86D,20,0,Business Analyst,PhD,HireVue,78.87,0.304,7,51.09,,Confident,77.58,7.12,31,0.304,65.73,Hired
CAND_E3C29E,38,18,Marketing Analyst,Associate,Teams,73.48,0.553,7,100.0,28.83,Confident,26.02,6.89,72,0.371,84.81,Rejected
CAND_44B7EB,37,17,HR Manager,PhD,Teams,36.72,0.63,18,85.98,89.4,Confident,36.32,5.99,48,0.568,46.62,Rejected
CAND_A240B8,40,20,UX Designer,Associate,HireVue,43.33,0.35,8,80.66,73.6,Confident,34.17,5.14,60,0.429,54.08,Rejected
CAND_4AFC79,20,0,Software Engineer,PhD,Zoom,68.04,0.605,9,100.0,100.0,Confident,10.88,4.47,45,0.41,78.21,Second Round
CAND_0775CC,39,18,Software Engineer,Associate,Google Meet,67.69,0.488,6,100.0,100.0,Confident,0.41,3.31,46,0.526,87.43,Hired
CAND_2BB02E,38,13,Marketing Analyst,Master's,Google Meet,56.96,0.299,9,76.29,35.59,Neutral,35.46,5.18,58,0.497,61.44,Rejected
CAND_E9A69E,24,0,Software Engineer,Associate,Zoom,54.43,0.597,10,100.0,77.23,Confident,10.59,3.83,45,0.38,67.77,Second Round
CAND_022984,30,9,UX Designer,Associate,Teams,39.57,0.546,12,94.63,65.63,Confident,16.08,3.8,50,0.336,58.33,Rejected
CAND_816239,23,1,Sales Executive,Associate,Google Meet,,0.582,9,75.6,68.17,Neutral,31.08,4.89,55,0.833,58.13,Rejected
CAND_C96A50,20,3,Sales Executive,Master's,Zoom,62.06,0.693,9,77.94,96.39,Confident,27.3,4.64,24,0.619,70.8,Hired
CAND_AE0485,25,3,Sales Executive,Associate,Teams,49.16,0.501,3,91.25,73.34,Confident,42.4,5.37,37,0.199,66.43,Rejected
CAND_6AD42F,41,20,Product Manager,Bachelor's,Google Meet,41.56,0.588,10,100.0,42.67,Confident,12.8,3.89,50,0.33,45.34,Rejected
CAND_EB411F,20,0,Data Scientist,PhD,Google Meet,56.19,0.396,9,100.0,70.91,Confident,17.05,,37,0.361,60.2,Rejected
CAND_538BE6,40,19,Data Scientist,Master's,Google Meet,48.6,0.41,11,100.0,72.2,Confident,9.59,3.7,58,0.418,61.7,On Hold
CAND_FA4FCB,38,21,Product Manager,Associate,Zoom,61.15,0.375,7,100.0,70.29,Confident,11.76,4.64,24,0.454,67.07,Hired
CAND_B13D88,33,10,Business Analyst,Associate,Google Meet,60.12,,10,100.0,100.0,Confident,11.94,3.67,33,0.492,67.45,Hired
CAND_09D4D8,35,13,Marketing Analyst,Associate,Google Meet,132.35,0.675,1,73.06,71.29,Confident,47.6,7.69,48,0.126,71.66,Hired
CAND_E43570,21,0,UX Designer,Associate,Google Meet,61.04,0.562,12,100.0,65.27,Confident,14.58,4.25,34,0.698,75.55,Second Round
CAND_4E5735,31,11,UX Designer,Master's,Google Meet,71.56,0.425,11,94.4,91.66,Confident,21.99,4.59,40,0.442,89.05,Hired
CAND_567EA1,28,4,Business Analyst,Associate,Teams,71.86,0.438,10,100.0,100.0,Neutral,,,47,0.619,81.22,Second Round
CAND_6C5801,26,7,UX Designer,Associate,Zoom,,0.678,10,100.0,62.44,Neutral,19.58,4.42,46,0.839,70.43,Second Round
CAND_68B706,42,21,Product Manager,Master's,HireVue,51.64,0.678,7,54.37,50.67,Neutral,,6.65,61,0.257,40.35,Rejected
CAND_2ECB9A,34,9,Sales Executive,Associate,Zoom,49.89,0.55,8,97.47,90.3,Confident,4.76,,40,0.452,70.13,Hired
CAND_381529,28,2,Sales Executive,Master's,Teams,86.19,0.797,5,79.18,66.5,Confident,47.94,7.07,38,0.719,78.37,Rejected
CAND_96B391,24,2,Data Scientist,Bachelor's,Google Meet,69.55,0.518,8,100.0,100.0,Confident,,4.6,62,0.503,91.35,Hired
CAND_CF38F5,41,19,Marketing Analyst,Associate,Teams,23.71,0.595,14,85.27,51.53,Confident,28.97,4.37,30,0.598,50.41,Rejected
CAND_20C35D,40,19,Data Scientist,Bachelor's,Google Meet,47.88,0.443,9,82.27,62.01,Confident,,4.06,46,0.503,60.77,Rejected
CAND_DF92DB,39,15,UX Designer,Bachelor's,HireVue,34.42,0.796,12,54.21,,Slouched,41.43,5.94,32,0.808,42.91,Rejected
CAND_6BF66D,27,1,Software Engineer,Associate,Teams,40.74,0.542,4,75.37,75.73,Confident,28.58,4.9,61,0.088,54.76,Rejected
CAND_024AD4,25,4,Data Scientist,Bachelor's,Teams,68.46,0.656,11,98.33,75.88,Confident,11.86,4.15,44,0.652,84.08,Second Round
CAND_00B5FC,25,1,HR Manager,PhD,Google Meet,39.79,0.693,14,100.0,97.2,Confident,10.4,3.5,44,0.506,59.04,Rejected
CAND_32B2D3,34,8,Product Manager,Bachelor's,Zoom,40.96,0.516,10,81.83,71.59,Confident,26.96,4.61,33,0.557,55.87,Rejected
CAND_3E5EA2,28,4,Software Engineer,PhD,Teams,66.95,0.658,7,100.0,70.63,Confident,17.2,3.79,41,0.429,74.89,Rejected
CAND_EE965B,24,2,UX Designer,Bachelor's,Teams,60.73,0.413,15,100.0,63.43,Confident,15.21,4.69,46,0.591,74.58,Hired
CAND_7ECAFE,33,13,UX Designer,Master's,Google Meet,61.68,0.696,10,95.44,75.13,Confident,,4.07,36,0.541,78.28,Hired
CAND_C6487A,20,0,UX Designer,Master's,Zoom,48.75,0.632,13,87.54,57.19,Neutral,15.81,4.17,39,0.373,58.81,Rejected
CAND_011118,27,6,UX Designer,PhD,Google Meet,68.29,0.711,6,87.11,60.03,Confident,47.75,5.71,39,0.523,68.09,Rejected
CAND_A58404,25,4,Product Manager,Bachelor's,Teams,68.02,0.427,6,100.0,50.43,Confident,2.68,3.41,39,0.446,77.35,Second Round
CAND_D0E97F,29,11,Business Analyst,Bachelor's,Teams,,0.675,9,88.16,100.0,Confident,35.75,5.73,44,0.34,85.78,Second Round
CAND_DD5274,29,5,Data Scientist,Bachelor's,Teams,58.57,0.533,6,91.93,100.0,Confident,21.4,4.45,55,0.532,56.11,Rejected
CAND_C0F153,34,14,Data Scientist,Associate,Teams,36.57,0.864,5,85.08,57.15,Confident,,4.52,37,0.518,51.88,Rejected
CAND_165FA3,31,7,Marketing Analyst,PhD,HireVue,76.19,0.455,6,100.0,92.37,Confident,17.15,3.91,39,0.668,76.11,Hired
CAND_E7F7B6,24,0,UX Designer,Associate,HireVue,68.88,0.455,7,97.73,,Confident,19.38,4.75,33,0.236,89.21,Hired
CAND_A0F9EC,20,0,Marketing Analyst,PhD,Google Meet,67.47,0.524,10,81.09,73.9,Neutral,48.26,6.15,56,0.694,69.31,Second Round
CAND_5DED55,42,19,Software Engineer,Master's,HireVue,45.96,0.564,13,100.0,89.49,Confident,23.35,4.46,38,0.341,53.73,Rejected
CAND_44E6D3,31,10,Sales Executive,Bachelor's,Zoom,57.3,,15,72.43,76.22,Neutral,27.28,4.33,43,0.661,65.19,Rejected
CAND_8CD649,25,4,Software Engineer,Master's,Zoom,41.08,0.731,10,100.0,100.0,Confident,6.91,3.19,26,0.259,56.23,Rejected
CAND_9A8AAC,37,16,Product Manager,Bachelor's,Teams,66.2,0.567,5,90.55,100.0,Confident,21.97,4.58,30,0.229,81.72,Second Round
CAND_30E2B2,21,0,Product Manager,Master's,Zoom,69.58,0.664,7,100.0,100.0,Confident,13.84,3.58,60,0.617,69.16,Hired
CAND_D07834,27,0,Data Scientist,Master's,Zoom,53.86,0.767,12,98.4,100.0,Confident,7.7,3.56,44,0.325,68.73,Rejected
CAND_91C9DB,45,27,Data Scientist,PhD,Google Meet,50.68,0.577,7,100.0,,Confident,18.52,,38,0.478,68.24,Rejected
CAND_236B12,37,11,Product Manager,Bachelor's,HireVue,57.78,0.2,14,100.0,93.78,Confident,10.04,4.28,32,0.27,73.49,Hired
CAND_81936E,28,3,Product Manager,Master's,Zoom,53.6,0.554,11,100.0,50.88,Confident,9.21,3.92,43,0.64,70.01,Hired
CAND_E89F86,20,2,Sales Executive,Bachelor's,HireVue,58.98,0.54,13,100.0,92.21,Confident,4.65,4.54,47,0.596,74.0,Rejected
CAND_EBFD01,20,0,Data Scientist,PhD,HireVue,60.37,0.462,12,87.61,82.1,Neutral,22.91,4.67,41,0.98,66.41,Rejected
CAND_69909A,32,6,Business Analyst,Bachelor's,Zoom,53.67,0.507,12,79.69,79.31,Confident,23.91,4.09,55,0.73,57.24,Rejected
CAND_BB12E7,30,11,Software Engineer,Bachelor's,Zoom,32.28,0.764,9,96.67,100.0,Confident,15.71,4.73,43,0.804,56.23,Rejected
CAND_3A3532,22,0,Data Scientist,Bachelor's,Teams,47.48,0.362,16,66.6,35.09,Neutral,53.16,6.39,48,0.64,47.34,Rejected
CAND_197A06,31,11,Sales Executive,PhD,Zoom,41.33,0.618,10,100.0,100.0,Confident,17.24,4.77,39,0.388,54.24,Rejected
CAND_2010FC,25,1,Software Engineer,Master's,Google Meet,60.91,0.608,15,100.0,79.56,Confident,8.44,3.88,28,0.599,69.19,Rejected
CAND_D0C9C4,41,15,Marketing Analyst,PhD,Google Meet,41.78,0.732,10,100.0,100.0,Confident,11.26,,28,0.477,58.73,Rejected
CAND_C5722C,29,10,Product Manager,Associate,Google Meet,42.87,,11,100.0,98.18,Confident,9.78,3.84,44,0.334,59.45,Rejected
CAND_FE038C,25,5,Product Manager,Master's,Google Meet,60.62,0.787,10,100.0,100.0,Confident,4.5,3.37,56,0.448,70.85,Hired
CAND_8270E5,20,0,Business Analyst,Associate,HireVue,76.4,0.429,7,95.4,100.0,Confident,30.86,5.45,60,0.577,88.04,Hired
CAND_DABDD9,26,5,Sales Executive,Bachelor's,Zoom,66.88,0.796,13,97.16,79.18,Confident,16.93,4.84,61,0.24,74.04,Second Round
CAND_826450,44,24,Marketing Analyst,Master's,HireVue,74.03,0.758,9,88.67,,Confident,34.09,5.3,46,0.145,73.84,Hired
CAND_0507DA,44,23,Data Scientist,PhD,Google Meet,58.92,0.524,8,95.52,55.25,Confident,10.09,5.47,32,0.903,71.8,Second Round
CAND_7D7270,42,13,HR Manager,Bachelor's,Teams,84.34,0.667,8,100.0,,Confident,14.77,4.4,37,0.406,84.62,Second Round
CAND_88B1F8,45,25,UX Designer,PhD,Google Meet,87.48,0.664,6,96.65,56.17,Confident,28.87,4.9,49,0.601,84.39,Second Round
CAND_B8B99E,20,0,Marketing Analyst,Master's,HireVue,70.21,0.601,6,71.31,73.18,Neutral,47.81,6.67,29,0.485,75.72,Second Round
CAND_9AF1DD,31,10,Software Engineer,Associate,Zoom,72.13,0.51,11,100.0,66.35,Confident,2.57,3.3,51,0.686,86.19,Hired
CAND_AECEB0,21,0,HR Manager,Associate,Google Meet,65.17,0.483,8,100.0,79.35,Confident,17.43,4.23,38,0.646,83.99,Hired
CAND_32093E,47,27,Product Manager,Master's,Zoom,69.82,0.668,10,100.0,100.0,Confident,4.42,4.09,56,0.593,79.31,Hired
CAND_8C9784,20,0,Data Scientist,Associate,Google Meet,72.88,0.667,9,100.0,94.98,Confident,,4.32,63,0.416,81.73,Hired
CAND_31E6D8,20,0,Software Engineer,PhD,Google Meet,80.05,0.849,9,51.47,43.19,Neutral,29.39,4.67,40,0.438,72.71,Hired
CAND_33428A,40,13,Product Manager,Associate,HireVue,53.7,0.581,4,100.0,93.15,Confident,6.5,3.86,44,0.479,68.24,Rejected
CAND_DC9178,26,4,UX Designer,Associate,Teams,,0.471,12,100.0,100.0,Confident,7.02,4.47,60,0.519,68.77,Hired
CAND_B548BA,35,12,HR Manager,PhD,Teams,70.58,0.585,14,89.08,56.85,Confident,36.84,5.07,56,0.779,70.84,Hired
CAND_CE2E55,33,10,Product Manager,Associate,Google Meet,57.83,0.696,9,88.89,56.63,Confident,34.67,4.62,47,0.888,72.9,Hired
CAND_837335,43,15,Marketing Analyst,Associate,Google Meet,59.21,0.345,8,83.33,84.84,Confident,26.09,6.2,47,0.349,75.75,Rejected
CAND_BBC9F5,30,4,HR Manager,Master's,Google Meet,75.26,0.76,10,88.34,77.07,Confident,16.19,5.99,36,0.832,82.74,Hired
CAND_CAFAE1,31,11,HR Manager,Master's,Zoom,78.28,0.497,6,100.0,68.65,Confident,11.15,,43,0.565,88.63,Hired
CAND_67A994,22,0,Data Scientist,Associate,Zoom,62.62,0.507,10,100.0,78.27,Confident,,3.53,43,0.055,81.1,Second Round
CAND_AF5FF2,24,0,HR Manager,Master's,Google Meet,50.85,0.541,7,72.09,87.31,Confident,28.35,5.98,60,0.514,57.56,Rejected
CAND_89A4FB,47,28,Marketing Analyst,Bachelor's,Teams,87.15,0.725,7,70.61,73.18,Confident,54.14,8.57,54,0.363,78.99,Second Round
CAND_14D156,29,7,Business Analyst,PhD,Teams,51.61,0.497,4,92.36,79.29,Neutral,17.63,5.71,42,0.61,59.03,Rejected
CAND_7DF69C,24,5,Software Engineer,Bachelor's,HireVue,25.95,0.572,14,66.33,74.62,Neutral,29.62,4.62,42,0.481,35.38,Rejected
CAND_07EC8D,29,8,Marketing Analyst,PhD,Zoom,67.76,0.777,12,100.0,84.92,Confident,19.13,5.13,42,0.174,74.73,Second Round
CAND_6E09A1,20,0,Data Scientist,PhD,Teams,63.66,0.694,8,89.81,71.32,Confident,13.51,4.03,31,0.699,76.84,Rejected
CAND_0A76ED,25,0,Product Manager,PhD,Google Meet,64.72,0.638,8,100.0,100.0,Confident,21.29,,41,0.755,76.32,Rejected
CAND_1FEE5D,36,10,Software Engineer,PhD,Zoom,52.93,0.887,18,99.0,87.57,Confident,20.95,5.24,58,0.19,62.32,Rejected
CAND_B367DD,20,0,Software Engineer,PhD,Teams,78.66,0.634,4,72.36,72.6,Confident,27.96,4.97,53,0.587,68.42,Rejected
CAND_23AE3A,36,15,UX Designer,PhD,Teams,60.48,0.398,7,81.46,51.12,Confident,35.94,5.6,43,0.448,71.11,Hired
CAND_589732,23,5,Business Analyst,Bachelor's,HireVue,52.05,0.668,11,75.37,98.54,Neutral,,4.86,55,0.661,55.55,Rejected
CAND_4805F4,20,1,Data Scientist,Bachelor's,Zoom,34.18,0.334,10,100.0,95.8,Confident,21.76,4.44,55,0.727,46.26,Rejected
CAND_3A3D4A,35,10,Sales Executive,Bachelor's,Zoom,65.3,0.603,4,79.48,79.87,Neutral,29.38,4.93,40,0.328,68.52,Second Round
CAND_AE42A6,33,6,UX Designer,Bachelor's,Teams,66.03,0.491,13,100.0,100.0,Confident,16.67,5.42,55,0.535,77.88,Hired
CAND_FE0E30,29,8,HR Manager,PhD,Teams,55.49,0.57,7,100.0,65.8,Confident,7.7,3.31,48,0.502,72.89,Hired
CAND_59F15D,25,3,Software Engineer,Bachelor's,Zoom,54.12,0.82,6,100.0,66.8,Confident,10.72,3.38,63,0.227,66.6,Second Round
CAND_254DA1,25,0,Sales Executive,PhD,HireVue,63.06,,7,100.0,75.32,Confident,11.86,3.66,43,0.657,71.17,Rejected
CAND_6C5B0C,32,5,HR Manager,Bachelor's,Zoom,47.56,0.441,9,100.0,85.08,Confident,,4.36,42,0.592,65.76,Rejected
CAND_DFF3FC,31,8,Software Engineer,Bachelor's,Zoom,60.45,0.36,4,88.84,64.26,Neutral,41.4,6.41,42,0.62,70.35,Hired
CAND_79ED9B,22,0,Data Scientist,Master's,Zoom,78.0,0.696,8,100.0,,Confident,23.93,4.29,25,0.449,82.96,Second Round
CAND_F527E8,20,0,Sales Executive,Associate,Google Meet,43.31,0.557,15,91.66,69.39,Confident,22.11,5.15,43,0.25,45.56,Rejected
CAND_FCC470,32,6,Data Scientist,Associate,Zoom,87.77,,4,100.0,100.0,Confident,9.46,6.12,34,0.696,94.92,Hired
CAND_9F244C,25,0,UX Designer,Associate,Google Meet,53.42,0.391,9,93.46,70.76,Confident,31.82,4.82,42,0.601,74.66,Rejected
CAND_56346B,31,9,Software Engineer,Bachelor's,Google Meet,50.28,0.423,6,94.52,80.0,Confident,15.28,3.95,55,0.473,54.29,Rejected
CAND_FDDECF,38,15,Marketing Analyst,Bachelor's,Google Meet,87.64,0.203,11,100.0,96.09,Confident,9.1,3.45,50,0.564,100.0,Hired
CAND_E9CC38,21,1,Sales Executive,PhD,Zoom,51.65,0.466,9,100.0,77.48,Confident,4.84,3.14,60,0.437,70.24,Second Round
CAND_CA2984,38,16,UX Designer,Master's,Teams,51.08,0.686,16,100.0,,Confident,23.4,4.69,47,0.35,70.58,Second Round
CAND_A6DE17,36,12,Product Manager,Bachelor's,Teams,,0.411,4,93.94,62.11,Confident,20.65,4.47,46,0.492,82.12,Rejected
CAND_BAA68C,43,19,Business Analyst,Associate,Zoom,61.04,0.731,11,88.1,55.49,Confident,44.77,5.1,58,0.427,78.4,Second Round
CAND_86B004,29,9,Marketing Analyst,Master's,HireVue,52.18,0.645,9,100.0,71.07,Confident,13.08,4.29,39,0.541,69.54,Hired
CAND_F7A6D6,28,2,Business Analyst,Bachelor's,Google Meet,85.09,0.773,6,82.14,82.39,Neutral,23.79,4.63,28,0.56,79.15,Hired
CAND_F538B4,20,0,HR Manager,Associate,Zoom,81.92,0.495,9,92.87,95.02,Confident,21.21,4.36,31,0.261,79.82,Second Round
CAND_9AFF64,43,18,Product Manager,Associate,Zoom,72.21,0.408,2,72.39,44.73,Neutral,48.48,5.83,46,0.672,63.02,On Hold
CAND_B4991D,31,10,Software Engineer,Master's,Google Meet,46.12,0.747,7,100.0,69.42,Confident,28.37,4.3,33,0.596,63.11,Rejected
CAND_655F95,25,5,Data Scientist,Bachelor's,HireVue,58.32,0.619,5,88.22,38.7,Neutral,12.79,4.02,39,0.744,60.41,Rejected
CAND_955D2B,22,3,Data Scientist,PhD,Teams,57.47,0.633,7,100.0,89.21,Confident,12.42,4.49,46,0.199,73.94,Second Round
CAND_F14F0D,45,19,UX Designer,PhD,Google Meet,75.26,0.624,3,100.0,100.0,Neutral,13.7,3.81,27,0.635,84.37,Hired
CAND_26E0B4,22,0,Product Manager,Associate,Zoom,34.78,0.75,10,100.0,100.0,Confident,7.58,3.98,37,0.691,54.71,Rejected
CAND_5FEA4F,38,20,HR Manager,Master's,Teams,32.5,0.703,12,94.16,84.53,Confident,18.85,4.65,30,0.554,48.8,Rejected
CAND_E2E2F2,31,11,Marketing Analyst,Bachelor's,Zoom,47.22,0.684,4,94.57,97.33,Confident,11.56,5.37,34,0.603,60.44,Rejected
CAND_946369,35,9,Software Engineer,Associate,Teams,64.08,0.481,8,100.0,94.46,Confident,13.08,3.93,33,0.544,75.75,Rejected
CAND_1A2932,24,1,Sales Executive,Master's,HireVue,56.18,0.664,14,100.0,77.07,Confident,19.47,4.62,58,0.612,82.78,Hired
CAND_B73182,20,0,Business Analyst,Bachelor's,Zoom,77.57,0.625,5,100.0,,Confident,8.8,,55,0.882,95.19,Hired
CAND_DC3D77,22,3,Software Engineer,Bachelor's,Google Meet,33.67,,7,63.39,51.19,Neutral,27.07,4.6,56,0.728,44.22,Rejected
CAND_8738C4,23,6,Data Scientist,PhD,Google Meet,56.52,0.404,8,73.29,80.03,Confident,31.71,,54,0.835,68.36,Rejected
CAND_BBE065,39,15,Sales Executive,PhD,Teams,58.7,0.727,9,92.06,96.73,Neutral,17.94,6.41,46,0.872,80.48,Hired
CAND_5E63A9,20,0,HR Manager,Associate,Google Meet,29.37,0.499,11,75.21,62.46,Confident,46.16,6.65,60,0.398,49.3,Rejected
CAND_C10F32,27,3,Sales Executive,Bachelor's,Google Meet,66.0,0.714,9,100.0,100.0,Confident,19.88,4.49,46,0.361,79.13,Rejected
CAND_282DBE,35,12,HR Manager,Master's,Teams,67.63,0.638,14,100.0,92.7,Confident,6.2,4.46,57,0.421,84.9,Second Round
CAND_73A375,20,0,Software Engineer,PhD,Teams,41.22,0.429,13,100.0,53.45,Confident,5.72,3.37,53,0.386,50.26,Rejected
CAND_4FAC1A,29,7,Data Scientist,Master's,Teams,54.06,0.739,9,100.0,63.48,Confident,0.97,3.37,39,0.225,67.68,Hired
CAND_C9DAA8,55,32,HR Manager,Associate,Zoom,61.09,,10,100.0,94.28,Confident,11.97,3.74,37,0.535,73.25,Hired
CAND_480655,26,3,Sales Executive,Master's,HireVue,91.23,0.74,5,100.0,80.75,Confident,17.55,5.05,39,0.599,87.0,Hired
CAND_887169,28,0,HR Manager,Bachelor's,HireVue,48.05,0.756,9,94.84,65.71,Neutral,12.46,4.17,37,1.0,64.29,Rejected
CAND_B9E6A7,20,3,Marketing Analyst,Master's,Teams,69.74,0.849,10,90.34,99.33,Neutral,10.63,4.05,55,0.463,80.94,Hired
CAND_FDC40F,35,14,Business Analyst,Master's,Teams,35.95,0.901,18,88.89,54.33,Neutral,18.34,4.19,37,0.726,46.84,Rejected
CAND_C4FEBD,33,9,Software Engineer,PhD,Zoom,59.14,0.748,9,71.63,,Neutral,43.53,5.16,45,0.577,60.6,Rejected
CAND_7AB873,24,2,Data Scientist,Master's,HireVue,76.83,0.515,8,100.0,91.21,Confident,5.76,3.46,52,0.656,73.94,Second Round
CAND_F1C183,22,0,Product Manager,Associate,Google Meet,49.55,0.696,9,100.0,100.0,Confident,23.05,4.79,42,0.417,69.38,Rejected
CAND_DC4A23,26,5,Marketing Analyst,Bachelor's,HireVue,71.49,0.612,12,100.0,100.0,Confident,15.91,4.99,31,0.43,85.0,Hired
CAND_683249,33,11,Data Scientist,Master's,Zoom,51.07,0.95,4,100.0,100.0,Confident,11.06,5.0,35,0.845,57.8,Rejected
CAND_90ACFA,33,13,Data Scientist,Master's,Teams,50.36,0.47,10,75.06,59.34,Neutral,,5.64,31,0.846,51.37,Rejected
CAND_DF7674,24,0,Business Analyst,Bachelor's,Google Meet,,0.552,7,100.0,88.21,Confident,8.18,4.84,55,0.538,66.98,Second Round
CAND_69C47E,31,4,HR Manager,Master's,Teams,58.44,0.2,7,88.54,100.0,Neutral,13.35,3.78,46,0.466,61.79,Rejected
CAND_A40CF9,40,21,Marketing Analyst,Bachelor's,Zoom,49.42,0.428,14,99.18,100.0,Confident,15.83,4.91,31,0.645,53.37,Rejected
CAND_494C05,28,2,Sales Executive,Master's,Zoom,65.08,0.282,15,81.72,72.76,Neutral,38.71,5.76,50,0.252,68.47,Hired
CAND_B03C0B,21,0,HR Manager,Associate,Zoom,34.28,0.663,9,100.0,66.4,Confident,6.4,3.68,40,0.376,76.82,Second Round
CAND_3E2667,48,25,HR Manager,Master's,Zoom,,0.728,14,88.47,96.54,Confident,9.59,4.65,34,0.195,58.22,Rejected
CAND_3AB727,28,7,Business Analyst,Bachelor's,Zoom,32.0,0.695,13,69.85,50.53,Neutral,33.41,4.82,40,0.512,45.38,Rejected
CAND_292AD0,20,0,Software Engineer,PhD,Zoom,85.45,0.557,9,100.0,100.0,Confident,10.58,4.29,39,0.266,74.08,Second Round
CAND_E5D9B4,26,5,Data Scientist,PhD,Zoom,63.53,0.637,14,100.0,,Confident,11.88,4.28,48,0.532,73.66,Rejected
CAND_7555DB,35,16,UX Designer,Associate,HireVue,65.14,0.564,5,96.31,68.11,Confident,16.87,4.48,41,0.367,71.22,Hired
CAND_2DC8AD,39,16,Business Analyst,Master's,Google Meet,49.19,0.522,11,72.91,59.52,Neutral,44.03,6.38,51,0.347,65.58,Hired
CAND_4D354A,35,13,Sales Executive,Associate,Google Meet,80.15,0.363,11,100.0,92.97,Neutral,3.97,3.38,43,0.662,89.73,Hired
CAND_D1307D,37,12,Sales Executive,Master's,HireVue,39.62,0.519,9,89.26,82.35,Confident,23.73,4.6,46,0.674,49.29,On Hold
CAND_CF28BB,51,27,Product Manager,Master's,Google Meet,39.34,0.532,19,95.13,64.16,Confident,14.92,5.71,54,1.0,51.43,Rejected
CAND_B94DD7,30,11,Sales Executive,Associate,HireVue,,0.517,13,83.81,72.5,Neutral,35.48,5.21,26,0.666,54.56,Rejected
CAND_B7DA8C,22,0,Data Scientist,PhD,Zoom,58.93,0.511,8,96.95,87.9,Confident,29.24,5.25,53,0.677,60.1,Rejected
CAND_9AD3C9,31,9,Marketing Analyst,Bachelor's,Teams,66.19,0.668,9,91.96,56.86,Confident,15.32,4.31,37,0.371,79.88,Rejected
CAND_86A937,33,8,UX Designer,Bachelor's,Teams,59.33,0.57,8,98.21,68.45,Neutral,20.88,,27,0.333,68.51,Second Round
CAND_B4E4EA,29,8,Product Manager,Master's,Google Meet,51.25,0.492,9,100.0,83.94,Confident,11.63,3.9,47,0.536,62.55,Rejected
CAND_DF6A5C,34,15,Data Scientist,Associate,Zoom,49.08,0.5,13,97.86,62.14,Confident,25.19,4.28,39,0.409,72.55,Second Round
CAND_C8961A,30,8,Product Manager,Bachelor's,Zoom,64.81,0.639,11,100.0,100.0,Confident,1.7,4.04,53,0.142,72.36,Hired
CAND_AE649F,30,6,HR Manager,Bachelor's,Teams,79.59,0.663,8,100.0,58.19,Confident,23.92,5.61,46,0.666,81.52,Hired
CAND_C8BE05,33,12,Business Analyst,Master's,HireVue,47.83,0.528,7,100.0,74.48,Neutral,8.33,,46,0.306,72.83,Hired
CAND_538647,30,9,Business Analyst,Associate,Zoom,45.46,0.502,11,95.23,77.42,Confident,8.06,3.93,38,0.195,66.49,Rejected
CAND_9CF7AC,22,0,Marketing Analyst,PhD,Google Meet,19.05,0.691,16,95.64,74.88,Neutral,,4.32,25,0.422,37.13,Rejected
CAND_DB762F,41,17,Product Manager,PhD,Zoom,74.82,0.518,8,93.84,81.61,Neutral,16.64,4.31,32,0.458,74.79,Rejected
CAND_8DA193,27,8,Marketing Analyst,Bachelor's,Zoom,65.91,,11,100.0,95.34,Confident,1.85,3.82,49,0.687,81.89,Second Round
CAND_8FF741,29,8,Software Engineer,Master's,HireVue,58.95,0.619,5,72.22,74.25,Neutral,21.02,4.24,53,0.073,67.16,Second Round
CAND_94B921,21,0,Data Scientist,Associate,HireVue,78.74,0.584,7,100.0,82.18,Confident,11.09,5.22,56,0.605,82.41,Second Round
CAND_49F5AC,30,13,Sales Executive,Associate,Teams,,0.638,8,79.72,75.33,Confident,38.07,6.44,64,0.501,69.35,Hired
CAND_3A2492,27,3,Software Engineer,Master's,Zoom,71.89,0.861,6,98.15,64.77,Confident,17.22,4.62,57,0.45,75.1,Hired
CAND_F0B733,41,18,Product Manager,Bachelor's,Teams,74.27,0.926,5,54.34,75.26,Neutral,59.35,7.04,59,0.477,67.82,Rejected
CAND_B2B5B8,26,7,Product Manager,PhD,HireVue,62.96,0.657,5,99.46,100.0,Confident,,5.37,58,0.372,75.66,Second Round
CAND_56DEA7,29,3,Sales Executive,Master's,HireVue,70.28,0.684,8,96.57,100.0,Confident,12.02,,51,0.442,74.12,Rejected
CAND_55CB2E,30,11,UX Designer,Bachelor's,Teams,46.19,0.532,6,68.55,62.19,Confident,43.83,5.87,51,0.5,53.29,Rejected
CAND_5DD6CF,36,10,HR Manager,Bachelor's,Google Meet,61.29,0.473,9,100.0,82.46,Confident,,3.02,46,0.224,67.95,Second Round
CAND_B7FAD6,46,24,Software Engineer,Associate,HireVue,42.51,0.895,12,93.32,88.61,Confident,30.89,8.09,43,0.723,48.1,Rejected
CAND_8D6F16,25,2,Sales Executive,Associate,Zoom,67.07,0.496,10,100.0,88.39,Confident,6.06,3.48,52,0.186,74.81,Hired
CAND_60A770,24,0,UX Designer,Associate,Teams,56.68,0.848,10,100.0,90.66,Confident,5.06,3.46,54,0.437,61.61,Rejected
CAND_B8C3A9,23,0,Software Engineer,Associate,Teams,81.29,0.829,8,100.0,100.0,Confident,17.02,4.93,29,0.649,88.11,Second Round
CAND_CEF065,41,18,Product Manager,Master's,Google Meet,50.69,0.515,13,93.71,87.4,Confident,9.91,3.61,57,0.696,60.58,Rejected
CAND_8304D0,20,0,Data Scientist,Associate,Google Meet,68.55,0.319,5,99.74,87.8,Confident,17.76,3.74,51,0.685,80.66,Hired
CAND_0D1109,33,10,Data Scientist,PhD,HireVue,168.92,0.423,0,100.0,92.23,Slouched,10.54,3.53,33,0.78,100.0,Hired
CAND_3D39F2,20,5,Product Manager,Bachelor's,Teams,,0.537,13,99.29,100.0,Confident,12.61,3.77,42,0.323,57.14,Rejected
CAND_F53D05,20,4,Sales Executive,Bachelor's,Google Meet,49.74,0.652,11,84.34,80.35,Confident,43.08,5.94,57,0.526,68.37,Second Round
CAND_C8B76C,20,3,Marketing Analyst,Bachelor's,Teams,61.93,,5,100.0,86.6,Confident,23.96,,57,0.891,69.13,Rejected
CAND_F63A04,27,11,Business Analyst,Bachelor's,Teams,54.41,0.479,7,97.59,80.71,Confident,16.63,3.74,44,0.445,67.93,Hired
CAND_6BE1C4,32,9,HR Manager,PhD,Google Meet,60.71,0.515,8,77.91,81.02,Confident,32.53,4.76,36,0.897,70.67,Rejected
CAND_728676,33,10,Business Analyst,Bachelor's,Zoom,74.7,0.568,7,100.0,,Confident,1.63,2.99,43,0.41,78.07,Second Round
CAND_D09DBD,34,7,Sales Executive,Bachelor's,HireVue,61.57,,6,60.29,40.58,Neutral,49.46,5.82,46,0.677,62.35,Rejected
CAND_7E1638,21,2,UX Designer,Associate,HireVue,60.64,0.392,11,95.16,96.1,Confident,15.69,4.17,45,0.531,82.97,Hired
CAND_466AFE,29,9,Product Manager,Bachelor's,HireVue,62.39,0.815,7,87.27,79.85,Confident,16.9,4.66,44,0.187,74.04,Hired
CAND_DC667B,31,11,Data Scientist,Associate,HireVue,64.92,0.661,9,89.54,82.78,Neutral,29.29,,60,0.771,69.87,Hired
CAND_1BF332,20,0,Product Manager,Associate,HireVue,62.34,0.593,8,85.03,100.0,Neutral,24.61,5.02,43,0.581,61.05,Rejected
CAND_BB2C06,39,16,Product Manager,PhD,Teams,73.09,0.639,10,78.25,75.66,Slouched,22.05,4.82,61,0.491,84.78,Hired
CAND_AEEF3C,24,4,Software Engineer,PhD,Zoom,63.72,0.649,8,65.74,58.76,Neutral,38.31,,42,0.0,69.34,Rejected
CAND_F98E1C,22,0,UX Designer,PhD,Zoom,84.48,0.496,7,100.0,88.77,Confident,7.88,3.97,65,0.169,92.78,Hired
CAND_DDFF6D,25,3,Business Analyst,Associate,HireVue,87.94,0.627,16,76.85,54.15,Neutral,36.56,,34,0.366,79.4,Hired
CAND_62E321,32,9,Sales Executive,Bachelor's,Zoom,59.13,0.489,8,79.35,58.58,Confident,41.04,6.12,63,0.488,69.01,Second Round
CAND_79F298,20,0,Marketing Analyst,Master's,Google Meet,73.72,0.447,9,100.0,100.0,Confident,13.77,3.68,40,0.734,77.42,Hired
CAND_7D3524,25,0,Marketing Analyst,Master's,HireVue,64.95,0.64,6,100.0,100.0,Confident,19.18,4.54,38,0.571,81.13,Second Round
CAND_B84EC2,24,0,Product Manager,PhD,Google Meet,42.85,0.653,9,80.41,71.2,Neutral,24.62,5.27,35,0.776,47.41,Rejected
CAND_B88ADD,24,1,Product Manager,PhD,HireVue,69.58,0.542,9,86.45,89.45,Confident,32.83,4.4,29,0.814,78.2,Hired
CAND_1F62DE,25,3,UX Designer,Bachelor's,Google Meet,64.59,0.708,13,100.0,,Confident,19.22,4.56,26,0.483,64.67,Rejected
CAND_209633,28,4,Data Scientist,PhD,Teams,70.71,0.763,8,72.95,90.34,Confident,32.33,4.63,39,0.534,71.97,Second Round
CAND_AE8036,28,8,Sales Executive,Master's,Google Meet,94.66,0.54,8,100.0,56.26,Confident,19.16,3.84,33,0.351,94.67,Hired
CAND_3B89B7,35,16,Product Manager,Associate,Teams,,0.765,8,100.0,94.08,Confident,3.58,3.06,41,0.455,73.95,Rejected
CAND_697380,21,3,Business Analyst,Bachelor's,Teams,56.8,0.435,8,68.34,,Neutral,58.13,6.2,54,0.211,56.76,Rejected
CAND_16666B,37,17,Data Scientist,Associate,Google Meet,52.54,0.821,12,100.0,92.27,Confident,8.86,4.46,26,0.715,68.08,Rejected
CAND_E92C03,52,29,Sales Executive,PhD,HireVue,55.92,0.614,10,100.0,100.0,Confident,7.78,3.39,36,0.505,69.06,Rejected
CAND_59F4DF,29,6,Business Analyst,Bachelor's,Google Meet,60.27,0.337,6,100.0,99.89,Confident,18.63,3.8,44,0.725,79.33,Rejected
CAND_E2FFE4,24,6,Marketing Analyst,PhD,Teams,,0.872,12,75.74,51.08,Confident,35.71,6.04,52,0.422,81.14,Rejected
CAND_2FFAE2,44,25,Data Scientist,Bachelor's,HireVue,,0.603,0,100.0,,Confident,6.5,4.14,55,0.706,100.0,Hired
CAND_6903FD,30,11,Software Engineer,Master's,Google Meet,73.08,0.335,8,100.0,100.0,Confident,11.36,4.45,33,0.689,80.12,Hired
CAND_8D57ED,39,12,Software Engineer,Bachelor's,Google Meet,67.63,0.42,11,100.0,95.69,Confident,26.18,5.05,51,0.036,83.69,Second Round
CAND_626976,28,4,Business Analyst,PhD,HireVue,30.84,0.536,13,82.6,81.82,Confident,30.58,5.01,38,0.126,46.3,Rejected
CAND_95809C,28,4,UX Designer,Bachelor's,Teams,59.52,0.552,4,100.0,100.0,Confident,6.27,4.02,42,0.536,70.45,Second Round
CAND_FB97A0,30,7,UX Designer,Associate,HireVue,45.82,0.464,8,81.03,76.99,Neutral,45.78,5.92,63,0.845,45.3,Rejected
CAND_DED2D9,26,0,Data Scientist,Master's,HireVue,55.7,0.728,6,100.0,83.42,Confident,10.38,3.74,62,0.688,58.46,Rejected
CAND_C0629A,22,0,Software Engineer,PhD,Teams,73.21,0.623,6,98.04,,Confident,4.27,3.22,51,0.404,94.61,Hired
CAND_49E0CE,28,4,Data Scientist,PhD,Zoom,71.94,0.743,9,72.72,61.15,Neutral,25.56,4.81,46,0.39,66.12,Rejected
CAND_641802,31,4,Sales Executive,Associate,Zoom,53.23,0.628,11,100.0,100.0,Confident,5.63,4.07,20,0.375,62.49,Rejected
CAND_FB194D,20,0,Sales Executive,Bachelor's,Teams,59.84,0.491,6,100.0,100.0,Confident,7.66,4.38,25,0.327,72.33,Rejected
CAND_7B782E,41,14,Marketing Analyst,PhD,Teams,76.85,0.389,8,57.66,60.15,Neutral,51.16,6.43,51,0.504,77.06,Hired
CAND_E0CB68,29,6,Business Analyst,Associate,Teams,58.01,0.894,10,100.0,88.55,Confident,31.36,4.89,47,0.52,72.68,Rejected
CAND_D040FD,25,4,HR Manager,Associate,Zoom,48.28,0.611,9,60.58,35.57,Slouched,26.63,5.41,33,0.488,48.04,Rejected
CAND_515DF1,27,5,HR Manager,Associate,HireVue,,0.297,3,100.0,99.92,Confident,12.5,4.79,39,0.487,69.18,Rejected
CAND_8921C5,20,0,Product Manager,Associate,Google Meet,73.25,0.664,6,77.91,54.74,Neutral,37.76,6.42,46,0.56,63.08,Rejected
CAND_AE795E,37,14,Marketing Analyst,PhD,HireVue,30.25,0.531,17,60.65,66.71,Slouched,17.11,4.2,34,0.319,38.5,Rejected
CAND_835EF4,22,0,Business Analyst,PhD,Teams,51.88,0.545,10,79.93,67.52,Neutral,31.52,6.46,43,0.067,51.98,Rejected
CAND_0AC966,26,0,Data Scientist,Bachelor's,HireVue,68.73,0.747,6,96.58,84.23,Confident,11.29,4.36,44,0.446,90.26,Hired
CAND_39A390,28,6,Product Manager,Bachelor's,Zoom,67.49,0.617,9,64.15,42.28,Confident,51.5,6.65,36,0.408,66.29,Hired
CAND_931E27,31,5,Business Analyst,Master's,Teams,66.77,0.633,11,100.0,100.0,Neutral,1.6,3.55,33,0.727,73.52,Second Round
CAND_0CD4FF,38,17,Product Manager,Bachelor's,Google Meet,50.9,0.719,8,100.0,85.5,Confident,13.43,3.91,20,0.375,66.54,Hired
CAND_97A2A2,29,6,UX Designer,Bachelor's,Google Meet,84.46,0.457,6,70.96,57.19,Neutral,35.69,5.67,54,0.698,71.22,Hired
CAND_234E0A,25,6,UX Designer,Associate,Teams,68.58,0.447,7,92.12,91.89,Confident,18.92,4.36,40,0.461,69.9,Hired
CAND_A24FE7,27,4,Marketing Analyst,PhD,HireVue,78.45,0.661,2,100.0,91.97,Neutral,8.94,4.09,40,0.339,83.77,Second Round
CAND_7511B6,20,2,Sales Executive,Master's,HireVue,74.77,0.685,5,55.17,62.0,Confident,73.96,7.04,33,0.664,71.83,Rejected
CAND_908FCE,20,0,UX Designer,Associate,HireVue,37.27,0.499,8,80.69,100.0,Neutral,39.4,5.52,26,0.568,37.29,Rejected
CAND_ACA3E2,20,1,Marketing Analyst,Associate,Teams,55.51,0.36,9,100.0,78.02,Confident,13.42,4.78,52,0.701,64.95,Rejected
CAND_54228C,38,15,Product Manager,PhD,Google Meet,26.11,0.67,10,67.06,63.09,Neutral,55.47,7.29,46,0.578,30.02,Rejected
CAND_A90885,20,1,UX Designer,Master's,Zoom,86.85,0.859,8,100.0,87.34,Confident,11.87,4.5,44,0.494,84.17,Hired
CAND_61E4C3,38,14,Data Scientist,Master's,Teams,77.66,0.363,9,100.0,100.0,Confident,9.12,3.78,31,0.297,80.77,Hired
CAND_8C0B6D,36,14,Software Engineer,PhD,Zoom,67.89,0.72,11,100.0,100.0,Confident,10.06,4.0,46,0.275,73.79,Rejected
CAND_91F233,28,7,Software Engineer,Bachelor's,Teams,79.92,0.427,8,97.83,100.0,Confident,11.36,4.22,37,0.133,76.14,Rejected
CAND_9B83FA,20,0,UX Designer,Associate,Google Meet,42.12,0.473,9,100.0,95.69,Neutral,12.34,3.92,32,0.544,58.55,Rejected
CAND_D484F1,31,16,Data Scientist,Associate,Teams,145.59,0.37,0,100.0,90.38,Confident,8.78,3.82,28,0.807,87.42,Hired
CAND_465EE5,22,0,Sales Executive,Associate,Google Meet,23.15,0.828,9,64.53,63.29,Slouched,64.2,6.78,41,0.362,30.95,Rejected
CAND_6FD414,43,18,Marketing Analyst,Associate,Teams,,0.392,4,100.0,88.64,Confident,3.74,3.28,49,0.407,62.67,Rejected
CAND_23214E,20,0,Software Engineer,PhD,Teams,77.16,0.375,6,100.0,77.16,Confident,5.0,3.24,45,0.146,87.74,Hired
CAND_7D6956,27,2,Sales Executive,Associate,Teams,46.22,0.539,7,100.0,78.51,Confident,3.93,4.22,45,0.59,70.57,Rejected
CAND_78A8C6,23,0,Software Engineer,Master's,HireVue,51.67,0.269,12,95.72,100.0,Confident,10.48,4.09,44,0.38,67.67,Second Round
CAND_3402F2,26,5,Sales Executive,Master's,Zoom,50.65,0.33,13,100.0,80.2,Confident,17.85,4.13,35,0.811,68.55,Rejected
CAND_45DC00,20,0,Sales Executive,Master's,Teams,59.27,0.753,10,93.76,100.0,Confident,33.12,5.65,48,0.325,58.58,Rejected
CAND_DB975C,36,14,Business Analyst,Master's,Teams,57.07,0.419,11,100.0,66.64,Confident,3.73,3.34,58,0.527,72.98,Hired
CAND_7B1C9B,29,8,UX Designer,Associate,Teams,53.29,0.704,4,71.15,63.53,Neutral,41.61,5.56,33,0.82,53.42,Rejected
CAND_D3310B,30,12,HR Manager,PhD,Zoom,69.95,0.672,12,83.34,80.4,Neutral,22.37,6.48,47,0.465,74.47,Rejected
CAND_5F8D53,37,16,Product Manager,Master's,Teams,44.75,0.663,13,85.52,80.48,Neutral,28.88,5.54,65,0.495,50.44,Rejected
CAND_7C22A9,32,14,UX Designer,Master's,Google Meet,64.18,,8,100.0,97.05,Confident,17.94,4.29,45,0.549,80.63,Second Round
CAND_A84427,30,10,Marketing Analyst,Associate,Zoom,57.64,0.542,9,100.0,,Confident,12.82,5.36,48,0.286,65.02,Second Round
CAND_F279C7,33,16,Sales Executive,Master's,Teams,68.97,0.588,9,100.0,100.0,Confident,,4.17,43,0.11,85.97,Hired
CAND_9AF5DC,47,26,Software Engineer,PhD,Google Meet,71.44,0.645,8,66.43,60.39,Neutral,,5.9,47,0.646,58.1,Rejected
CAND_6054A5,28,7,Sales Executive,Bachelor's,Teams,71.42,0.572,8,97.79,89.32,Confident,19.42,4.63,36,0.709,86.93,Hired
CAND_D3A2BB,33,9,Sales Executive,Bachelor's,Teams,70.04,0.585,12,97.75,91.78,Confident,12.93,3.61,30,0.316,69.67,Rejected
CAND_384681,27,9,Data Scientist,Master's,Zoom,70.12,0.759,6,87.41,88.67,Confident,20.04,5.42,52,0.343,76.8,Second Round
CAND_A45A93,29,0,Sales Executive,Associate,Zoom,,0.718,13,100.0,100.0,Confident,26.04,5.18,46,0.623,59.73,Rejected
CAND_33EB20,26,5,Business Analyst,Master's,Teams,,0.395,8,90.44,57.07,Confident,11.0,3.78,54,0.254,60.37,Rejected
CAND_9B206F,38,7,Data Scientist,Master's,Google Meet,38.88,0.579,14,96.33,95.29,Confident,10.38,3.89,56,0.184,61.08,On Hold
CAND_704B07,22,1,Software Engineer,Master's,Teams,62.15,0.62,11,77.36,71.85,Neutral,28.1,5.16,53,0.344,68.98,Rejected
CAND_A5F8F7,26,6,Sales Executive,Associate,HireVue,54.81,0.543,6,100.0,85.64,Confident,11.78,5.8,40,0.559,59.31,On Hold
CAND_AB3548,33,10,Business Analyst,PhD,Teams,37.92,0.425,12,100.0,100.0,Confident,3.15,3.45,52,0.424,51.78,Rejected
CAND_02A38E,34,9,Software Engineer,Bachelor's,Teams,29.57,0.556,5,86.0,64.74,Neutral,26.09,5.4,41,0.512,44.59,Rejected
CAND_775312,20,0,HR Manager,Bachelor's,Google Meet,25.71,0.422,10,100.0,86.42,Confident,16.95,6.15,50,0.621,58.15,Rejected
CAND_1BD0D6,25,6,Product Manager,Master's,Zoom,43.7,0.675,12,73.88,63.47,Confident,29.84,5.51,33,0.92,49.18,On Hold
CAND_DC157C,30,6,Business Analyst,Bachelor's,Zoom,141.21,0.564,1,94.35,100.0,Neutral,12.87,4.98,32,0.349,93.03,Hired
CAND_6CFFF3,39,21,UX Designer,Bachelor's,Teams,49.89,0.606,15,100.0,48.3,Confident,10.72,3.87,46,0.729,61.97,Rejected
CAND_E58F8E,38,14,HR Manager,Associate,Zoom,61.01,0.916,10,93.49,77.93,Confident,19.17,4.91,47,0.523,74.41,Rejected
CAND_263502,20,0,Sales Executive,Bachelor's,Zoom,46.03,0.471,13,100.0,96.08,Confident,21.15,4.31,39,0.656,65.73,Rejected
CAND_DBF57D,40,9,Product Manager,Master's,Zoom,50.81,0.934,16,93.71,82.42,Confident,3.71,3.84,61,0.417,55.81,On Hold
CAND_A96DDF,22,6,Sales Executive,Associate,HireVue,67.04,0.368,7,80.38,72.51,Neutral,44.37,5.77,50,0.674,81.59,Hired
CAND_EA1D09,44,19,Data Scientist,Bachelor's,Zoom,38.88,0.293,7,92.59,43.24,Confident,29.01,5.24,40,0.511,59.69,Rejected
CAND_53E619,32,11,Data Scientist,Master's,Teams,81.94,0.588,5,100.0,87.49,Confident,13.15,4.19,22,0.739,78.04,Second Round
CAND_524C3E,20,0,Software Engineer,Associate,Teams,60.32,0.381,10,100.0,100.0,Confident,7.31,4.53,49,0.288,79.13,Rejected
CAND_A460DE,23,3,Sales Executive,Master's,Teams,48.71,0.502,14,100.0,70.25,Confident,,3.53,52,0.512,68.83,Rejected
CAND_8C5582,20,2,UX Designer,Bachelor's,Google Meet,59.74,0.474,9,72.6,76.25,Neutral,41.44,5.73,41,0.551,73.87,Rejected
CAND_477CD4,38,16,Business Analyst,Master's,Zoom,33.25,0.346,9,100.0,75.4,Confident,6.5,4.92,63,0.605,55.72,Rejected
CAND_6C1614,29,5,Marketing Analyst,Bachelor's,Teams,64.37,0.614,4,92.24,98.26,Confident,7.33,4.37,20,0.278,63.86,Rejected
CAND_9E866E,22,7,Data Scientist,Bachelor's,Google Meet,30.93,0.411,22,87.77,100.0,Confident,35.76,5.27,41,0.469,47.61,Rejected
CAND_335967,37,12,Product Manager,PhD,Zoom,12.67,0.655,17,89.86,97.89,Confident,26.08,4.35,47,0.51,39.83,Rejected
CAND_F8274A,25,9,Product Manager,Master's,Google Meet,61.17,0.812,11,86.32,89.48,Neutral,26.98,4.98,38,0.0,62.04,Rejected
CAND_2311C9,27,4,UX Designer,PhD,Google Meet,73.97,0.604,6,89.29,93.56,Confident,14.33,4.29,42,0.624,75.32,Hired
CAND_BF8C46,35,12,Software Engineer,Master's,Google Meet,57.27,0.627,7,100.0,100.0,Neutral,2.05,3.37,42,0.305,76.34,Hired
CAND_19A227,20,0,Sales Executive,Bachelor's,Zoom,53.55,0.752,8,100.0,97.52,Confident,10.99,3.63,33,0.405,69.22,Rejected
CAND_4D2DD3,35,10,Data Scientist,Master's,Google Meet,53.0,0.789,13,100.0,100.0,Confident,2.83,3.21,44,0.401,66.27,Second Round
CAND_39B684,31,9,Business Analyst,PhD,HireVue,71.29,0.705,8,100.0,100.0,Confident,21.35,4.5,34,0.459,86.02,Hired
CAND_7338AD,42,24,UX Designer,Bachelor's,Google Meet,65.91,0.64,8,100.0,62.42,Confident,13.57,4.15,49,0.597,77.67,Hired
CAND_B63B93,20,0,Product Manager,Bachelor's,Teams,40.98,0.688,17,78.56,80.28,Confident,29.6,8.31,50,0.615,49.62,Rejected
CAND_9D4DC5,36,15,HR Manager,Bachelor's,Google Meet,41.46,0.322,7,54.83,59.66,Neutral,65.1,6.39,64,0.836,45.9,Rejected
CAND_568D16,22,0,UX Designer,Associate,Google Meet,,0.869,8,83.95,68.12,Confident,41.28,5.22,39,0.499,68.19,Second Round
CAND_63B441,36,13,Software Engineer,Associate,Zoom,65.66,0.615,11,79.23,82.16,Confident,41.72,5.31,46,0.385,68.45,Rejected
CAND_BEF854,33,10,Software Engineer,Associate,Teams,66.16,0.633,6,92.56,68.95,Neutral,28.49,4.86,36,0.071,78.9,Rejected
CAND_F4460F,49,30,Data Scientist,PhD,Google Meet,56.39,0.24,8,89.91,74.34,Confident,24.29,,46,0.446,65.84,Second Round
CAND_6787A7,28,6,Software Engineer,Master's,Google Meet,45.75,0.56,14,76.17,84.67,Slouched,31.42,6.67,20,0.241,55.92,Rejected
CAND_88F6F5,46,21,Software Engineer,PhD,HireVue,90.48,0.582,4,100.0,100.0,Confident,19.2,4.25,39,0.696,98.08,Second Round
CAND_D0171E,34,9,Sales Executive,PhD,HireVue,29.98,0.594,13,100.0,100.0,Confident,7.7,4.1,32,0.508,49.78,Rejected
CAND_E89C47,20,0,Data Scientist,PhD,HireVue,,,14,100.0,100.0,Confident,16.37,,60,0.24,74.05,Second Round
CAND_B25B66,26,3,Business Analyst,PhD,HireVue,78.0,0.701,5,100.0,57.3,Confident,4.3,,47,0.35,78.02,Second Round
CAND_CF114D,25,3,Marketing Analyst,Associate,Zoom,55.09,0.857,17,100.0,99.33,Confident,11.62,3.97,60,0.658,72.62,Hired
CAND_6CA0AF,25,1,Sales Executive,Associate,Zoom,67.46,0.757,10,100.0,100.0,Confident,14.15,3.56,38,0.582,98.89,Hired
CAND_A9B8E1,32,14,Data Scientist,Bachelor's,Zoom,48.7,0.678,11,76.01,67.46,Neutral,27.77,,41,0.329,58.35,Rejected
CAND_D2A8A2,28,7,HR Manager,Master's,Zoom,42.52,0.734,13,100.0,93.52,Confident,15.89,4.07,38,0.287,64.4,Rejected
CAND_0F21E8,29,5,Data Scientist,Associate,Teams,58.88,0.51,6,100.0,78.8,Confident,17.08,4.03,46,0.611,68.51,Second Round
CAND_01A960,34,10,Software Engineer,Bachelor's,Google Meet,62.77,0.551,9,100.0,92.77,Confident,3.58,3.42,48,0.347,86.84,Second Round
CAND_80D512,34,8,Software Engineer,Bachelor's,Google Meet,77.91,0.729,5,65.04,33.81,Neutral,30.9,5.83,40,0.527,75.79,Hired
CAND_361C02,34,13,Data Scientist,Master's,Zoom,61.67,0.547,8,89.24,44.32,Confident,36.87,5.6,28,0.571,74.03,Second Round
CAND_540387,33,4,UX Designer,Bachelor's,HireVue,74.72,0.591,10,91.86,97.54,Confident,22.1,4.78,51,0.744,81.14,Hired
CAND_790F99,32,11,Software Engineer,PhD,Google Meet,,0.62,11,100.0,79.56,Confident,6.05,4.56,50,0.788,64.43,Rejected
CAND_BB995F,35,14,Sales Executive,PhD,Teams,32.16,0.304,9,71.21,71.63,Confident,15.43,4.04,48,0.169,44.06,Rejected
CAND_100869,20,0,Data Scientist,Master's,Zoom,61.77,0.498,10,100.0,89.94,Confident,20.73,4.62,46,0.4,69.49,Hired
CAND_DA1F2F,30,8,Business Analyst,Associate,HireVue,200.28,0.549,0,100.0,100.0,Confident,,3.97,37,0.704,100.0,Hired
CAND_F7CC9A,25,0,Marketing Analyst,Associate,Zoom,,0.648,11,91.59,100.0,Confident,18.78,4.16,23,0.361,67.05,Rejected
CAND_6384C8,31,7,Business Analyst,Master's,Teams,55.95,0.454,7,67.86,57.1,Neutral,44.56,5.41,37,0.519,62.42,Rejected
CAND_58AA94,27,4,Sales Executive,PhD,HireVue,61.29,0.704,12,100.0,88.29,Confident,20.91,,40,0.507,73.99,Hired
CAND_CE07C8,25,8,Product Manager,Bachelor's,Google Meet,79.87,0.713,10,100.0,100.0,Confident,15.56,3.78,43,0.605,90.03,Hired
CAND_5E6B1A,29,10,Product Manager,Associate,Zoom,53.24,0.923,7,100.0,93.8,Confident,8.28,3.7,51,0.539,64.04,Rejected
CAND_D5DAF9,31,14,HR Manager,Associate,HireVue,52.94,0.479,9,100.0,93.6,Confident,5.62,3.53,47,0.374,63.53,Rejected
CAND_47C3A3,32,9,Software Engineer,Bachelor's,Zoom,59.67,0.514,6,85.68,100.0,Confident,15.8,,34,0.562,66.09,Second Round
CAND_BBF996,30,5,Sales Executive,Associate,Zoom,59.17,0.449,11,96.58,100.0,Confident,11.32,3.93,46,0.67,71.46,Rejected
CAND_E4A43F,38,14,Marketing Analyst,Master's,Zoom,36.42,0.812,13,97.24,100.0,Confident,6.58,3.54,55,0.749,52.29,On Hold
CAND_B620C4,30,8,Marketing Analyst,Bachelor's,Google Meet,61.87,0.778,8,79.86,58.7,Confident,40.67,6.28,35,0.706,67.63,Rejected
CAND_14F845,30,11,Data Scientist,PhD,Teams,52.14,0.688,12,97.25,77.54,Confident,20.47,4.1,47,0.433,69.93,Rejected
CAND_D40615,20,0,Software Engineer,PhD,HireVue,61.46,0.374,11,87.81,,Confident,35.81,6.0,63,0.561,63.95,Rejected
CAND_6830C4,29,3,Sales Executive,Master's,Zoom,53.6,0.288,11,93.25,77.65,Confident,9.3,4.44,44,0.667,60.63,Rejected
CAND_3F85C7,27,9,Data Scientist,Associate,HireVue,,0.47,12,78.86,77.45,Neutral,32.11,5.04,48,0.426,51.53,Rejected
CAND_9B4918,26,5,Data Scientist,Associate,HireVue,,0.455,7,99.51,100.0,Confident,20.35,6.55,31,0.679,54.3,Rejected
CAND_098E1F,21,0,UX Designer,Associate,Google Meet,62.88,0.457,6,100.0,41.05,Confident,8.26,3.96,57,0.145,77.98,Hired
CAND_C59951,40,18,Marketing Analyst,Master's,Teams,73.73,0.774,6,100.0,,Confident,14.53,4.21,47,0.446,85.13,Hired
CAND_A43300,20,1,HR Manager,Master's,Teams,64.92,0.755,8,90.48,81.16,Neutral,18.28,,52,0.392,70.23,Second Round
CAND_505DD5,35,14,Marketing Analyst,Bachelor's,HireVue,73.13,0.613,6,72.71,54.99,Neutral,36.72,4.88,48,0.561,69.67,Rejected
CAND_62D015,37,19,Marketing Analyst,Master's,HireVue,57.25,0.444,6,100.0,96.52,Confident,16.09,4.28,73,0.513,68.1,Hired
CAND_830860,40,13,Product Manager,Bachelor's,Teams,55.21,0.5,13,52.23,56.19,Slouched,64.56,6.87,35,0.403,54.23,Rejected
CAND_33F159,35,15,Product Manager,Bachelor's,Zoom,52.25,0.493,8,100.0,68.25,Confident,5.65,5.34,61,0.173,64.93,Rejected
CAND_DA67C6,24,5,Software Engineer,PhD,Zoom,79.77,0.477,5,100.0,99.45,Confident,6.15,3.42,51,0.563,91.29,Hired
CAND_19D107,21,0,Data Scientist,Master's,Google Meet,56.76,0.438,8,99.68,96.26,Confident,13.12,3.87,40,0.647,72.46,Rejected
CAND_07ACB0,30,9,Sales Executive,Master's,Zoom,76.33,0.504,8,91.64,79.53,Neutral,23.79,5.35,30,0.712,66.72,Rejected
CAND_55299D,40,15,Software Engineer,PhD,Zoom,73.19,0.486,7,100.0,68.31,Confident,10.7,3.93,53,0.296,83.38,Second Round
CAND_62FC7F,27,0,HR Manager,PhD,Google Meet,84.39,0.452,11,100.0,58.68,Confident,8.44,3.6,73,0.434,100.0,Hired
CAND_49AA32,35,8,Data Scientist,Associate,Google Meet,63.65,0.795,12,75.37,53.96,Neutral,55.61,6.45,58,0.412,70.46,Hired
CAND_EF4F3C,32,6,UX Designer,Associate,Google Meet,69.94,0.403,10,100.0,96.5,Confident,3.27,3.98,43,0.413,79.1,Rejected
CAND_127BE8,31,12,Product Manager,Bachelor's,Zoom,76.9,0.699,4,100.0,100.0,Confident,3.38,3.65,44,0.14,66.71,Hired
CAND_31AE8D,20,0,Sales Executive,PhD,HireVue,32.34,0.677,8,85.53,100.0,Confident,18.92,4.51,26,0.764,49.71,On Hold
CAND_123DA1,20,0,Product Manager,Master's,HireVue,52.99,0.75,9,100.0,100.0,Confident,6.16,4.52,58,0.429,63.59,Rejected
CAND_945EC7,20,0,HR Manager,Bachelor's,Zoom,51.21,0.443,9,85.38,77.48,Confident,28.98,4.81,40,0.005,55.94,Rejected
CAND_B6D1BE,20,0,Sales Executive,PhD,Teams,69.85,0.769,8,100.0,78.95,Confident,3.24,3.23,32,0.642,97.79,Hired
CAND_BA24D1,33,14,Product Manager,Associate,HireVue,77.25,0.831,5,91.85,100.0,Confident,11.1,3.6,49,0.469,83.41,Second Round
CAND_6B7E46,31,5,Sales Executive,Bachelor's,Google Meet,93.11,0.547,5,73.86,74.46,Neutral,29.72,4.7,35,0.618,88.96,Hired
CAND_09D92F,23,0,UX Designer,Bachelor's,Google Meet,56.82,0.666,13,100.0,100.0,Confident,17.51,4.73,39,0.592,71.12,Second Round
CAND_965C5C,37,13,HR Manager,Bachelor's,Google Meet,92.21,0.601,2,85.47,74.14,Neutral,26.38,4.72,59,0.61,89.41,Second Round
CAND_F1F161,23,0,UX Designer,Master's,HireVue,59.68,,13,100.0,,Confident,6.13,4.18,55,0.501,75.23,Second Round
CAND_7F2E5E,39,13,UX Designer,PhD,HireVue,61.13,0.414,7,89.28,83.45,Confident,32.68,4.99,54,0.684,81.03,Rejected
CAND_F9EF0D,28,8,Sales Executive,Associate,Teams,100.0,0.465,7,100.0,93.5,Confident,13.01,4.2,41,0.407,100.0,Hired
CAND_8C11EC,29,6,HR Manager,PhD,HireVue,70.76,0.532,12,74.44,85.39,Neutral,44.64,5.3,54,0.225,80.66,Hired
CAND_6EEEB4,44,18,Marketing Analyst,Associate,Zoom,89.45,0.572,6,85.52,71.39,Confident,36.13,,54,0.174,84.01,Hired
CAND_690FC7,21,2,Marketing Analyst,Master's,Zoom,64.57,0.645,9,98.48,82.26,Confident,8.22,4.07,44,0.35,74.63,Rejected
CAND_733BE0,20,0,Business Analyst,Bachelor's,HireVue,58.73,0.823,11,67.84,58.2,Neutral,36.81,4.72,30,0.65,58.75,Rejected
CAND_BEE3BA,38,16,UX Designer,Associate,Google Meet,70.24,0.549,8,88.17,72.75,Confident,20.06,4.56,55,0.723,76.66,Second Round
CAND_BE0A1F,20,0,Software Engineer,Master's,Google Meet,63.07,0.389,9,100.0,100.0,Confident,11.76,3.53,41,0.501,83.97,Hired
CAND_3B9A16,31,5,UX Designer,Bachelor's,HireVue,55.35,0.607,11,91.95,91.04,Confident,15.71,5.14,27,0.128,62.2,Rejected
CAND_9727D3,42,20,HR Manager,Associate,Teams,68.21,0.802,10,100.0,81.73,Confident,,4.8,31,0.28,69.94,Second Round
CAND_B8C5CF,26,2,Sales Executive,Bachelor's,HireVue,,0.586,4,100.0,72.22,Confident,9.85,4.22,38,0.697,64.83,Rejected
CAND_2A6C8F,33,10,Data Scientist,Master's,Zoom,21.66,0.567,12,93.8,97.13,Neutral,16.29,4.24,54,0.0,54.45,On Hold
CAND_069898,20,0,UX Designer,PhD,Teams,37.57,0.307,5,100.0,86.66,Confident,11.88,3.93,50,0.614,53.31,Rejected
CAND_734800,20,0,HR Manager,Bachelor's,Teams,77.56,0.655,7,100.0,100.0,Confident,30.26,4.73,42,0.436,96.37,Hired
CAND_8C5BC4,29,8,Software Engineer,PhD,Teams,37.35,0.499,10,100.0,87.62,Confident,29.82,4.82,43,0.097,56.77,Rejected
CAND_30BFE4,28,5,Marketing Analyst,PhD,Zoom,57.06,0.529,6,87.85,83.6,Confident,10.5,4.26,49,0.836,77.35,Hired
CAND_6BAACE,29,12,Software Engineer,Master's,Google Meet,68.16,0.588,9,100.0,93.69,Confident,,5.44,36,0.767,87.35,Hired
CAND_81CA83,36,16,Marketing Analyst,Associate,Teams,90.71,0.691,4,100.0,81.45,Confident,4.39,3.97,57,0.58,78.32,Second Round
CAND_31C2A5,30,13,Data Scientist,Associate,Google Meet,58.37,0.44,15,87.94,73.02,Confident,27.66,7.32,69,0.715,68.75,Rejected
CAND_F69894,29,12,Marketing Analyst,PhD,Zoom,,0.443,7,100.0,77.29,Confident,23.25,5.63,33,0.426,100.0,Hired
CAND_994DFE,20,0,Data Scientist,Associate,HireVue,59.09,0.72,10,94.68,95.94,Neutral,14.67,4.35,46,0.613,64.02,Rejected
CAND_8A9660,27,8,Data Scientist,Master's,Google Meet,55.1,0.767,5,100.0,79.39,Confident,10.78,3.56,51,0.276,63.92,Rejected
CAND_5554DD,29,9,Software Engineer,Bachelor's,HireVue,82.54,0.649,10,95.87,77.74,Confident,13.71,4.1,44,0.586,80.28,Rejected
CAND_5811FD,27,5,Product Manager,Bachelor's,Google Meet,66.95,0.495,9,100.0,82.89,Confident,19.79,4.69,40,0.629,67.11,Rejected
CAND_5518B6,28,1,HR Manager,Bachelor's,Teams,51.46,0.694,6,100.0,72.37,Confident,3.51,3.74,30,0.445,78.93,Second Round
CAND_DAF32C,32,11,HR Manager,Associate,Google Meet,33.59,0.794,11,55.02,42.34,Slouched,25.67,5.45,41,0.442,41.68,Rejected
CAND_77063F,29,3,UX Designer,Associate,HireVue,76.41,0.802,6,100.0,81.87,Confident,27.13,5.87,38,0.442,86.56,Hired
CAND_9DBD86,37,12,Marketing Analyst,Bachelor's,Google Meet,67.38,0.939,10,83.1,100.0,Neutral,33.05,4.7,29,0.394,62.58,Rejected
CAND_5FD618,20,0,Business Analyst,Bachelor's,Zoom,78.9,0.523,3,100.0,100.0,Confident,1.03,3.71,45,0.346,91.83,Hired
CAND_3120DF,20,0,Product Manager,Bachelor's,HireVue,72.34,0.548,4,80.2,91.84,Neutral,43.69,5.85,45,0.568,75.85,Hired
CAND_4E28A8,30,7,HR Manager,Bachelor's,Google Meet,64.11,0.669,8,100.0,100.0,Confident,8.42,4.06,52,0.518,80.75,Hired
CAND_972125,20,0,Data Scientist,Associate,Zoom,57.42,0.555,10,100.0,90.03,Confident,14.68,3.88,50,0.627,66.02,Second Round
CAND_83A94D,28,0,HR Manager,Master's,HireVue,78.43,0.445,16,86.3,95.99,Neutral,36.28,4.89,43,0.902,78.93,Rejected
CAND_DF16C2,28,6,Product Manager,Bachelor's,Google Meet,,0.767,12,100.0,100.0,Confident,,7.28,57,0.738,64.06,Rejected
CAND_E658AD,20,0,HR Manager,Associate,Zoom,82.53,0.47,4,79.56,81.99,Neutral,16.65,3.82,49,0.593,93.14,Hired
CAND_659818,29,5,Marketing Analyst,Master's,Google Meet,51.18,0.427,9,96.98,86.13,Confident,26.99,5.16,40,0.661,64.46,Rejected
CAND_3C2430,20,0,Product Manager,Bachelor's,Google Meet,55.01,0.488,6,100.0,100.0,Confident,5.32,3.7,35,0.369,62.04,Rejected
CAND_135FA1,20,0,Marketing Analyst,Associate,HireVue,43.03,0.545,12,100.0,89.03,Confident,29.91,4.88,45,0.524,58.02,Rejected
CAND_707D24,36,18,Business Analyst,Associate,Google Meet,72.76,0.643,10,94.25,,Neutral,25.54,4.61,41,0.395,77.56,Hired
CAND_BF5B9A,29,9,Marketing Analyst,PhD,HireVue,43.98,0.628,10,93.51,83.43,Confident,24.3,4.96,51,0.576,55.57,Rejected
CAND_E84444,20,0,Sales Executive,PhD,Zoom,44.61,0.561,11,69.72,76.3,Neutral,43.91,5.6,60,0.52,55.95,Rejected
CAND_C266F2,43,21,Business Analyst,Master's,Teams,49.8,0.77,12,77.23,62.87,Neutral,17.07,7.92,42,0.59,66.73,Second Round
CAND_5702CB,35,8,Software Engineer,Associate,Teams,77.07,0.503,4,100.0,,Confident,0.94,5.21,42,0.008,91.11,Hired
CAND_CFD593,40,18,Marketing Analyst,Associate,HireVue,83.86,0.774,5,100.0,77.52,Neutral,20.26,4.45,33,0.626,81.42,Second Round
CAND_E1FFD5,27,8,Product Manager,Associate,Google Meet,73.64,0.383,10,100.0,95.86,Neutral,6.14,3.93,32,0.392,75.83,Rejected
CAND_1D5C48,30,12,Data Scientist,Associate,Google Meet,66.46,0.44,13,81.06,80.38,Neutral,21.77,4.56,46,0.827,72.24,Hired
CAND_17D3AA,34,11,Software Engineer,Bachelor's,HireVue,88.55,0.379,7,100.0,93.78,Neutral,34.82,5.56,49,0.773,89.74,Hired
CAND_E6CB3D,28,8,Product Manager,Master's,Google Meet,48.56,0.689,6,83.59,77.36,Neutral,27.01,4.89,43,0.501,49.2,Rejected
CAND_9CFC04,41,15,HR Manager,Associate,HireVue,,0.811,7,92.42,83.06,Confident,7.4,3.59,46,0.273,72.42,Second Round
CAND_A0376F,31,8,Business Analyst,Bachelor's,HireVue,52.72,0.797,5,72.67,65.77,Confident,37.06,6.63,50,0.594,55.8,Rejected
CAND_9CD3EF,20,0,Data Scientist,Bachelor's,Google Meet,126.21,0.401,4,100.0,,Neutral,5.71,4.0,41,0.757,85.43,Hired
CAND_01C880,28,7,Marketing Analyst,Associate,Zoom,55.64,0.49,11,94.75,84.14,Confident,15.76,4.3,20,0.203,64.83,Rejected
CAND_BD86AD,38,19,Software Engineer,Bachelor's,HireVue,,0.653,10,95.96,79.87,Confident,26.51,4.3,54,0.538,65.3,Rejected
CAND_83E3CF,29,5,Sales Executive,Associate,Teams,52.78,0.511,9,65.52,71.35,Neutral,56.31,6.5,30,0.698,53.44,Rejected
CAND_8E490D,31,9,Product Manager,PhD,HireVue,67.36,0.529,12,91.95,,Confident,19.17,4.42,25,0.897,77.24,Hired
CAND_CE5B7D,42,20,Marketing Analyst,Associate,Teams,76.81,0.646,4,100.0,100.0,Confident,13.03,,39,0.716,83.87,Hired
CAND_F711D3,21,0,Marketing Analyst,Master's,HireVue,55.65,0.322,14,77.06,81.76,Neutral,20.35,8.07,34,0.667,54.35,Rejected
CAND_5A4DFE,27,7,Data Scientist,Master's,Zoom,78.43,0.773,9,77.33,88.1,Neutral,35.52,4.8,37,0.472,65.17,Rejected
CAND_0E84EB,33,11,UX Designer,Associate,Google Meet,54.82,0.639,14,100.0,78.75,Confident,14.27,4.72,48,0.34,75.39,Second Round
CAND_7172AC,31,8,HR Manager,Bachelor's,HireVue,69.76,0.643,10,76.03,73.88,Neutral,22.04,4.14,53,0.644,74.85,Second Round
CAND_3C379A,20,6,Product Manager,PhD,Google Meet,62.8,0.744,10,79.7,78.96,Neutral,36.93,5.5,49,0.545,68.28,Rejected
CAND_ABCFA6,39,13,Marketing Analyst,Master's,Zoom,68.4,0.421,7,99.83,70.54,Confident,,4.78,68,0.508,79.65,Hired
CAND_00327F,41,18,UX Designer,PhD,Google Meet,75.29,0.31,11,96.5,97.22,Neutral,20.59,6.59,54,0.281,84.53,Rejected
CAND_3A0E5E,26,4,Software Engineer,Bachelor's,HireVue,70.57,0.665,2,100.0,98.55,Confident,6.17,3.71,35,0.663,83.24,Second Round
CAND_F2F531,39,16,Marketing Analyst,Associate,Google Meet,39.07,,11,100.0,,Confident,13.9,3.88,51,0.898,58.57,Rejected
CAND_25F156,20,0,Data Scientist,Bachelor's,Teams,,0.592,5,74.7,65.15,Neutral,23.34,5.3,44,0.763,83.67,Hired
CAND_F82FF5,36,11,Sales Executive,PhD,HireVue,39.04,0.404,13,100.0,81.51,Confident,4.19,3.49,37,0.64,54.47,Rejected
CAND_2B517D,37,11,Data Scientist,Associate,HireVue,84.83,0.658,8,100.0,70.54,Confident,6.13,3.34,38,0.711,88.18,Hired
CAND_7FFEB7,34,11,UX Designer,Master's,Google Meet,35.27,0.412,11,95.77,,Confident,15.22,3.95,49,0.741,51.25,Rejected
CAND_58D192,48,25,Product Manager,Associate,Teams,,0.552,10,100.0,100.0,Confident,25.94,5.45,56,0.415,74.06,Rejected
CAND_C736ED,29,12,HR Manager,Master's,Zoom,64.82,0.816,10,95.42,100.0,Confident,18.88,5.88,44,0.258,68.1,Rejected
CAND_A993A4,20,0,Software Engineer,Bachelor's,Zoom,33.96,0.304,12,77.11,85.79,Neutral,12.94,4.39,39,0.271,44.26,Rejected
CAND_FC584C,31,6,UX Designer,Bachelor's,Google Meet,37.49,0.662,5,100.0,93.79,Confident,6.08,3.63,50,0.418,56.17,Rejected
CAND_A917D3,44,27,Software Engineer,Associate,Teams,,0.556,6,100.0,81.23,Confident,19.98,4.53,48,0.633,61.29,Rejected
CAND_FC0BA9,29,2,Product Manager,PhD,Teams,55.37,0.478,10,89.91,61.62,Confident,19.51,4.36,55,0.495,60.57,Rejected
CAND_55E832,31,11,Marketing Analyst,Bachelor's,Zoom,84.47,0.693,6,100.0,,Confident,3.86,4.56,48,0.863,89.84,Hired
CAND_C494E6,26,1,Data Scientist,Bachelor's,HireVue,52.89,0.778,7,83.22,69.38,Neutral,45.23,5.36,55,0.096,63.64,Rejected
CAND_AC7E70,32,7,Data Scientist,Associate,Google Meet,45.67,0.714,10,88.13,100.0,Neutral,16.74,4.63,54,0.418,55.11,Rejected
CAND_2264B0,29,4,Marketing Analyst,PhD,Google Meet,72.67,0.631,10,61.63,70.21,Confident,36.23,5.09,22,0.636,58.35,Rejected
CAND_0192D9,30,4,UX Designer,PhD,Zoom,52.81,0.5,8,100.0,72.39,Confident,6.06,4.1,49,0.835,74.72,Hired
CAND_85BB8B,28,3,UX Designer,Associate,Zoom,,0.594,7,91.91,83.65,Neutral,24.43,4.82,41,0.38,69.64,Rejected
CAND_F3FF90,26,7,Business Analyst,Master's,Zoom,22.31,0.789,13,94.64,100.0,Confident,3.9,3.46,49,0.61,55.32,Rejected
CAND_D3D48F,24,2,Marketing Analyst,Associate,HireVue,87.66,0.578,4,82.74,42.0,Confident,37.88,5.09,43,0.756,70.71,Second Round
CAND_14B7CA,37,15,Product Manager,Bachelor's,Google Meet,46.59,0.517,12,90.49,,Confident,29.4,5.01,31,0.763,59.55,Rejected
CAND_03A643,26,2,Product Manager,Associate,Zoom,66.72,0.674,11,97.38,92.41,Confident,26.64,4.49,64,0.626,88.29,Hired
CAND_1BF060,37,11,Product Manager,PhD,HireVue,44.72,0.364,13,100.0,100.0,Confident,3.66,3.77,33,0.554,60.58,Rejected
CAND_963C4E,33,9,HR Manager,PhD,Teams,43.91,0.837,7,93.81,81.5,Confident,15.58,4.56,41,0.663,58.89,Rejected
CAND_DE8546,20,0,UX Designer,Associate,Teams,64.0,0.647,13,100.0,95.81,Confident,16.53,4.27,50,0.501,72.66,Hired
CAND_78EDF5,30,7,Data Scientist,Master's,Zoom,70.2,0.753,8,55.58,42.62,Neutral,67.66,7.0,46,0.654,79.55,Hired
CAND_7CDCFC,31,6,Sales Executive,Bachelor's,HireVue,39.81,0.513,6,81.96,,Confident,21.88,,23,0.467,59.69,Rejected
CAND_44C2DC,35,11,UX Designer,Master's,Zoom,71.31,0.95,5,80.46,70.03,Confident,23.6,4.2,54,0.492,74.73,Hired
CAND_88AE37,33,10,UX Designer,Master's,Teams,60.63,0.375,8,100.0,100.0,Confident,14.1,4.59,36,0.409,72.03,Rejected
CAND_7A4AC0,37,10,Software Engineer,Master's,Teams,73.84,0.525,7,85.81,69.61,Neutral,28.93,4.91,56,0.371,77.25,Hired
CAND_A59D03,26,0,Data Scientist,Associate,HireVue,46.33,0.674,8,100.0,82.03,Confident,4.76,3.34,57,0.196,61.75,On Hold
CAND_60E7FE,20,0,Software Engineer,Bachelor's,HireVue,69.08,0.703,8,100.0,100.0,Confident,21.92,5.07,52,0.267,80.64,Hired
CAND_CCA24B,21,0,Software Engineer,Bachelor's,Google Meet,83.8,0.822,9,100.0,,Neutral,13.56,3.66,75,0.477,69.61,Hired
CAND_5423A1,29,2,Data Scientist,PhD,Zoom,47.66,0.519,11,94.18,87.64,Confident,,,55,0.426,57.9,Rejected
CAND_4B1DFC,37,18,Marketing Analyst,PhD,Teams,45.98,0.535,13,94.38,100.0,Neutral,8.25,4.08,53,0.448,52.36,Rejected
CAND_A0ED6D,21,0,Software Engineer,Associate,Google Meet,50.21,0.645,10,94.76,63.09,Confident,13.26,4.33,52,0.64,65.57,Hired
CAND_89089D,32,13,Product Manager,Master's,Google Meet,37.83,0.577,12,100.0,100.0,Confident,5.15,3.57,45,0.337,58.4,Rejected
CAND_A63B12,20,1,Business Analyst,Bachelor's,Zoom,51.05,0.615,12,98.58,81.24,Confident,22.72,,33,0.491,62.54,Rejected
CAND_F7C1D8,32,10,Sales Executive,Associate,Teams,31.06,0.712,9,55.06,47.62,Neutral,63.96,6.24,46,0.584,57.49,Rejected
CAND_CC41B5,20,0,Business Analyst,Associate,HireVue,26.4,0.495,17,100.0,75.94,Confident,14.15,4.64,40,0.454,59.69,Rejected
CAND_19D781,34,8,Software Engineer,Associate,HireVue,71.38,0.705,7,100.0,100.0,Confident,8.01,3.94,36,0.439,88.07,Hired
CAND_F85DFF,20,0,HR Manager,Associate,Google Meet,59.16,0.591,5,100.0,,Neutral,14.97,3.87,34,0.475,82.39,Rejected
CAND_C7644D,32,13,HR Manager,PhD,Google Meet,49.17,0.77,7,100.0,100.0,Confident,9.42,3.7,50,0.526,68.07,Hired
CAND_504D3B,32,13,UX Designer,PhD,Zoom,,0.535,10,75.3,60.81,Neutral,46.67,,36,0.355,58.46,Rejected
CAND_6E50AE,20,0,Business Analyst,Bachelor's,HireVue,82.29,0.801,4,81.31,89.27,Confident,44.23,,60,0.751,70.25,Rejected
CAND_67739D,20,0,Marketing Analyst,Associate,Zoom,58.81,0.528,9,100.0,,Confident,9.12,3.62,48,0.0,69.65,Rejected
CAND_3EB25B,35,15,UX Designer,Associate,HireVue,53.41,0.58,12,100.0,87.7,Neutral,4.6,3.47,58,0.442,64.94,On Hold
CAND_2566EC,38,22,Product Manager,Associate,HireVue,25.97,0.464,17,100.0,73.46,Confident,0.97,3.61,41,0.763,46.66,Rejected
CAND_050251,37,9,Software Engineer,Master's,HireVue,53.51,0.438,13,100.0,83.24,Confident,12.36,4.26,48,0.538,64.09,Rejected
CAND_14D0F0,34,10,Data Scientist,Associate,HireVue,42.94,0.302,9,81.6,78.43,Confident,31.99,,57,0.805,49.35,Rejected
CAND_A5CDFC,24,0,Business Analyst,Bachelor's,Google Meet,80.44,0.555,8,100.0,99.67,Confident,22.14,4.9,67,0.434,69.25,Hired
CAND_5E5CAD,34,15,Product Manager,PhD,HireVue,71.19,0.712,3,99.92,88.21,Confident,26.38,4.23,45,0.693,75.78,Second Round
CAND_3CC515,28,7,Sales Executive,Associate,Zoom,92.89,0.858,3,78.45,61.17,Confident,36.73,5.12,30,0.6,83.91,Rejected
CAND_254377,35,15,Product Manager,Bachelor's,Zoom,70.09,0.806,3,100.0,97.38,Confident,26.66,5.64,35,0.53,69.28,Hired
CAND_58E812,37,11,Business Analyst,Associate,Teams,65.07,0.576,9,94.3,89.06,Confident,19.1,5.06,48,0.095,72.42,Rejected
CAND_45FA15,22,0,Data Scientist,Bachelor's,Google Meet,66.58,0.597,11,95.05,98.41,Confident,18.5,4.21,30,0.732,75.05,Second Round
CAND_D7BE4A,31,10,Sales Executive,PhD,Google Meet,58.85,0.882,7,81.21,45.52,Confident,,4.17,41,0.303,74.88,Hired
CAND_4D3A68,20,0,Data Scientist,Associate,HireVue,80.04,0.742,5,100.0,89.39,Confident,7.75,,42,0.296,86.0,Hired
CAND_712C35,31,12,Product Manager,Associate,Google Meet,84.55,0.687,6,94.95,91.57,Confident,7.22,3.57,40,0.751,93.0,Hired
CAND_DBDE1A,33,7,Data Scientist,Bachelor's,Teams,44.53,0.534,13,100.0,100.0,Confident,9.93,5.29,40,0.388,66.71,Hired
CAND_EFDE0C,35,8,HR Manager,Master's,HireVue,,0.697,8,94.26,87.04,Confident,19.26,4.53,34,0.507,46.31,Rejected
CAND_14B472,32,15,Product Manager,Associate,Google Meet,61.02,0.293,13,77.58,72.3,Confident,37.25,5.85,61,0.164,74.53,Hired
CAND_8389D5,32,9,Sales Executive,Bachelor's,Google Meet,56.34,0.633,12,72.71,48.25,Neutral,62.86,7.38,49,0.812,67.61,Hired
CAND_E8AC94,34,8,Marketing Analyst,Master's,Zoom,66.04,0.651,7,100.0,79.95,Confident,17.53,4.74,41,0.719,74.13,Second Round
CAND_A68E94,32,11,Marketing Analyst,PhD,HireVue,65.78,0.531,9,100.0,100.0,Confident,21.18,4.65,41,0.295,81.06,Second Round
CAND_3728DD,60,32,Business Analyst,Associate,Teams,53.31,0.511,7,100.0,100.0,Confident,12.22,3.86,58,0.493,68.99,Hired
CAND_6328C1,27,8,Business Analyst,Associate,Zoom,23.84,0.584,11,87.17,90.92,Confident,40.24,5.28,25,0.333,62.13,Rejected
CAND_3F44E1,27,0,Software Engineer,Bachelor's,HireVue,59.49,0.817,15,83.38,83.14,Confident,25.52,4.33,68,0.268,69.41,Hired
CAND_5412C1,24,2,Business Analyst,Associate,Google Meet,56.42,0.581,5,78.5,63.42,Confident,61.16,6.28,48,0.448,62.16,Rejected
CAND_3FBD53,39,18,UX Designer,Master's,Google Meet,84.51,0.694,6,93.91,87.27,Confident,35.31,4.8,38,0.951,95.17,Hired
CAND_85414C,43,23,Product Manager,Master's,Google Meet,62.01,0.674,12,100.0,100.0,Confident,10.03,5.07,44,0.388,66.72,Second Round
CAND_87D1AC,34,15,Marketing Analyst,Bachelor's,Zoom,60.85,0.52,11,62.08,53.03,Slouched,34.86,4.83,44,0.321,60.29,Rejected
CAND_B28887,20,2,Product Manager,Master's,Google Meet,41.7,0.763,15,93.17,97.2,Neutral,20.11,4.39,49,0.336,52.03,Rejected
CAND_80960D,34,10,Data Scientist,Master's,HireVue,50.14,0.624,10,100.0,68.67,Confident,11.43,4.49,47,0.825,68.68,Hired
CAND_B19A2C,31,10,Business Analyst,Bachelor's,HireVue,42.65,0.619,13,99.51,77.56,Neutral,22.68,6.22,54,0.366,65.62,Rejected
CAND_8C0504,26,6,Software Engineer,Bachelor's,Zoom,33.92,,11,100.0,79.38,Confident,3.63,5.45,41,0.845,51.81,Rejected
CAND_D95639,29,10,Product Manager,Associate,Zoom,70.36,0.48,8,100.0,89.07,Confident,8.31,4.67,40,0.696,75.88,Hired
CAND_A11A97,25,0,Data Scientist,PhD,Teams,62.71,0.646,11,87.45,68.87,Confident,28.52,5.12,42,0.426,75.82,Rejected
CAND_5EEEC7,43,19,Software Engineer,PhD,Teams,42.65,0.471,9,83.33,,Neutral,15.14,4.08,47,0.311,55.06,Rejected
CAND_AC9DEE,26,4,Software Engineer,Master's,Teams,99.46,0.488,8,92.42,85.96,Confident,10.08,3.72,36,0.695,84.51,Second Round
CAND_5D279D,26,7,Data Scientist,Associate,Google Meet,63.94,0.746,6,93.72,84.55,Confident,19.1,4.93,51,0.604,78.45,Second Round
CAND_066B00,30,12,Sales Executive,PhD,Zoom,67.7,0.621,5,100.0,97.67,Confident,16.67,,56,0.68,86.7,Second Round
CAND_EF4023,31,4,Marketing Analyst,PhD,Google Meet,63.54,0.717,5,100.0,96.27,Confident,16.33,4.16,54,0.354,75.24,Rejected
CAND_C913FD,35,9,Sales Executive,Associate,Teams,76.92,0.722,11,100.0,100.0,Confident,5.01,3.63,53,0.412,86.41,Hired
CAND_A540D6,20,0,Product Manager,PhD,Google Meet,55.66,0.459,4,71.28,52.61,Neutral,59.49,6.61,33,0.61,58.8,Rejected
CAND_F81B7F,32,9,HR Manager,Bachelor's,Teams,74.26,0.572,4,100.0,91.16,Confident,5.87,3.62,29,0.569,93.07,Hired
CAND_ABC5F3,41,20,Marketing Analyst,Bachelor's,Teams,43.38,0.443,11,99.6,96.33,Confident,16.24,4.0,35,0.407,59.86,Rejected
CAND_0943AA,23,4,Data Scientist,Bachelor's,Google Meet,82.42,0.285,9,100.0,95.54,Confident,8.75,4.66,23,0.535,75.81,Rejected
CAND_E19549,30,8,HR Manager,Master's,Teams,53.15,0.663,8,87.68,83.87,Confident,25.17,,42,0.646,53.52,Rejected
CAND_B3E77A,39,15,UX Designer,PhD,HireVue,25.22,,6,96.18,78.12,Confident,3.64,3.23,48,0.637,38.33,Rejected
CAND_922072,25,0,Business Analyst,Master's,HireVue,66.12,0.65,9,100.0,100.0,Confident,21.78,4.64,26,0.696,83.21,Hired
CAND_8412DF,20,0,Marketing Analyst,Associate,Zoom,87.61,0.708,8,100.0,83.4,Neutral,21.66,4.51,51,0.907,84.61,Second Round
CAND_7B13E6,29,12,UX Designer,PhD,Google Meet,49.59,0.62,9,86.44,63.33,Confident,26.36,4.66,50,0.367,62.89,Rejected
CAND_38CC7D,31,8,Marketing Analyst,Master's,Google Meet,43.11,0.67,10,76.94,58.79,Neutral,36.59,,56,0.758,55.01,Rejected
CAND_85550E,30,9,Marketing Analyst,Associate,Teams,47.83,0.781,13,80.9,56.91,Neutral,21.17,5.18,36,0.203,45.06,Rejected
CAND_E0539E,42,23,Business Analyst,Bachelor's,HireVue,63.84,0.307,8,72.9,80.98,Neutral,54.63,6.15,47,0.588,66.79,Second Round
CAND_7E0379,26,3,Software Engineer,Associate,Google Meet,42.59,0.873,12,90.21,100.0,Confident,28.51,5.12,50,0.469,56.42,Rejected
CAND_E4105C,22,0,Business Analyst,Bachelor's,Google Meet,65.24,0.651,12,100.0,86.22,Confident,5.37,,65,0.634,82.89,Second Round
CAND_B128C1,21,0,Product Manager,Bachelor's,Zoom,69.14,0.614,9,95.38,99.16,Confident,36.07,,56,0.607,88.47,Hired
CAND_8DCCCD,24,0,Business Analyst,Bachelor's,Zoom,90.08,0.468,3,98.92,,Confident,21.44,4.48,34,0.719,85.02,Hired
CAND_93C2F9,20,0,Software Engineer,Bachelor's,Teams,25.97,0.57,14,93.15,87.64,Confident,24.77,4.84,52,0.709,47.21,Rejected
CAND_61E9A6,28,1,Data Scientist,Associate,HireVue,45.63,0.603,9,100.0,88.29,Neutral,15.61,5.03,35,0.573,60.89,On Hold
CAND_3B40F0,26,9,Software Engineer,Master's,Google Meet,46.71,0.528,13,86.43,,Confident,24.85,5.11,56,0.825,62.76,Rejected
CAND_960A8B,20,0,Sales Executive,Associate,Zoom,41.14,0.662,12,84.75,77.36,Neutral,27.45,,47,0.38,48.19,Rejected
CAND_3B1A86,20,3,Product Manager,Bachelor's,HireVue,64.49,,10,100.0,79.35,Confident,9.67,3.82,35,0.658,66.22,Hired
CAND_74F8D6,23,0,UX Designer,PhD,Google Meet,49.98,0.643,6,100.0,73.21,Confident,10.92,3.96,51,0.535,65.45,Second Round
CAND_72A083,28,6,Product Manager,Bachelor's,Zoom,65.68,0.646,9,100.0,96.28,Confident,8.99,3.47,53,0.639,68.88,Hired
CAND_A012F5,28,3,Business Analyst,PhD,Zoom,83.71,0.68,3,95.05,96.38,Confident,18.75,4.05,32,0.438,86.63,Hired
CAND_05CD0E,32,14,Software Engineer,Bachelor's,Google Meet,12.73,0.808,14,80.2,53.96,Confident,27.51,4.77,42,0.583,34.72,Rejected
CAND_0F31F8,20,0,Product Manager,PhD,Google Meet,44.3,0.554,11,100.0,,Confident,7.03,3.62,33,0.337,54.9,Rejected
CAND_65BE47,26,1,Business Analyst,Bachelor's,HireVue,42.11,0.782,8,100.0,64.04,Confident,16.09,3.57,41,0.577,59.22,Rejected
CAND_38BD31,22,1,Data Scientist,Associate,Teams,,0.556,8,100.0,93.61,Confident,1.16,3.25,47,0.61,80.3,Second Round
CAND_5E82FE,21,0,Software Engineer,PhD,Google Meet,81.76,0.784,9,100.0,80.51,Confident,3.28,3.34,46,0.438,91.6,Hired
CAND_FB094D,30,7,Data Scientist,Bachelor's,Zoom,61.05,0.717,8,100.0,97.27,Confident,1.36,3.3,48,0.185,85.16,Hired
CAND_FC372F,28,6,UX Designer,PhD,Zoom,80.22,0.511,5,85.62,71.84,Confident,17.05,4.42,45,0.802,75.03,Second Round
CAND_572D61,21,0,Data Scientist,Bachelor's,Google Meet,,0.679,14,100.0,,Confident,7.73,3.63,56,0.476,48.77,Rejected
CAND_B33BC0,20,1,UX Designer,Associate,Zoom,66.42,0.609,6,93.2,89.18,Neutral,21.33,4.74,57,0.661,70.54,Hired
CAND_618DDD,26,2,Marketing Analyst,Bachelor's,Zoom,38.23,0.621,8,100.0,,Confident,22.32,4.42,39,0.673,58.48,Rejected
CAND_2FA19C,35,16,Data Scientist,Master's,Google Meet,57.85,0.588,6,92.02,79.02,Confident,31.51,5.34,56,0.447,65.89,Rejected
CAND_B1DB17,39,21,Product Manager,PhD,Google Meet,64.13,0.772,8,100.0,,Confident,8.77,3.19,39,0.305,71.92,Rejected
CAND_595707,31,8,Business Analyst,PhD,Teams,68.58,0.308,7,74.23,53.93,Confident,42.92,5.86,40,0.695,66.73,Hired
CAND_9B64CB,30,4,Data Scientist,Bachelor's,Zoom,63.4,0.427,9,100.0,81.82,Confident,16.85,4.65,45,0.79,70.49,Second Round
CAND_4F7721,31,13,Software Engineer,Bachelor's,HireVue,74.85,0.715,5,100.0,100.0,Confident,5.8,4.09,39,0.359,84.0,Second Round
CAND_217CAE,20,0,Software Engineer,Bachelor's,HireVue,90.06,0.573,6,100.0,100.0,Confident,,3.65,44,0.596,96.96,Hired
CAND_591FBF,32,11,Software Engineer,Master's,HireVue,47.59,0.239,11,92.07,,Confident,23.92,4.73,54,0.278,61.48,Rejected
CAND_619052,20,0,Product Manager,Master's,Teams,76.42,0.377,4,100.0,77.46,Confident,25.54,4.52,35,0.453,86.85,Hired
CAND_30417C,37,20,Business Analyst,Master's,Zoom,61.8,0.809,11,83.6,94.77,Confident,30.21,5.28,46,0.472,60.96,Rejected
CAND_2198C7,34,19,Product Manager,PhD,Google Meet,148.31,0.229,0,99.02,79.94,Confident,17.64,4.22,34,0.339,92.07,Hired
CAND_C3825F,23,3,Software Engineer,Bachelor's,HireVue,140.08,0.805,1,80.1,89.15,Confident,23.31,5.1,46,0.468,88.37,Hired
CAND_2D57DE,34,11,Marketing Analyst,Master's,HireVue,43.37,0.773,9,75.05,74.63,Neutral,33.71,4.75,47,0.912,48.34,Rejected
CAND_6DD543,37,17,Sales Executive,PhD,Teams,,0.697,9,74.85,94.27,Neutral,36.77,5.39,45,0.264,71.78,Hired
CAND_F5EB2B,32,10,Product Manager,Master's,Teams,68.67,0.445,12,73.38,60.8,Neutral,25.6,4.42,30,0.524,73.83,Rejected
CAND_FAD9FC,24,4,Data Scientist,Bachelor's,Zoom,74.98,0.615,8,100.0,88.3,Neutral,15.38,3.93,44,0.167,98.96,Hired
CAND_10C20D,32,14,Software Engineer,Associate,Zoom,87.6,0.705,4,100.0,92.05,Confident,23.06,4.5,59,0.57,85.18,Second Round
CAND_437F5E,32,14,HR Manager,PhD,Teams,70.28,0.93,5,100.0,68.01,Confident,1.1,3.27,43,0.436,76.98,Hired
CAND_9993B4,27,7,HR Manager,Associate,HireVue,26.13,0.533,12,84.63,55.3,Confident,39.23,5.54,48,0.342,60.12,Rejected
CAND_8BFE75,30,8,Software Engineer,PhD,Google Meet,57.89,0.544,8,93.83,74.12,Confident,26.92,4.68,41,0.712,66.27,Hired
CAND_67F1B0,43,20,Business Analyst,Associate,Google Meet,59.47,0.503,5,100.0,93.34,Confident,6.7,5.25,47,0.485,66.38,Second Round
CAND_3E2B99,28,4,Data Scientist,Master's,HireVue,82.11,0.506,4,100.0,50.11,Confident,16.04,4.46,25,0.572,75.86,Hired
CAND_816E7C,40,15,UX Designer,Master's,HireVue,50.41,0.895,10,80.37,44.17,Confident,22.27,4.99,44,0.684,58.43,Rejected
CAND_B9877E,20,3,Software Engineer,Master's,HireVue,53.92,0.45,8,99.32,58.87,Confident,15.57,3.72,51,0.575,70.58,Hired
CAND_A7306B,28,8,Product Manager,Bachelor's,Google Meet,63.24,0.568,8,92.35,66.98,Confident,25.17,4.69,48,0.625,68.78,Rejected
CAND_856373,22,0,Software Engineer,Master's,Zoom,56.32,0.666,10,75.44,59.32,Slouched,35.58,4.7,34,0.446,61.91,Rejected
CAND_F655A4,23,6,Data Scientist,PhD,Teams,73.68,0.384,9,89.34,79.79,Confident,22.25,5.1,47,0.555,81.16,Hired
CAND_9FD77F,20,4,Software Engineer,Master's,Teams,58.67,,18,86.25,68.82,Confident,18.33,4.31,61,0.354,75.98,Rejected
CAND_2F553A,28,8,Data Scientist,Master's,Zoom,59.33,0.507,7,97.41,89.0,Confident,22.16,4.51,50,0.441,78.88,Hired
CAND_90AEBD,20,0,Data Scientist,Associate,Zoom,68.4,0.551,11,100.0,62.11,Confident,14.15,3.84,50,0.538,72.48,Rejected
CAND_4D4ADD,31,9,HR Manager,Bachelor's,Zoom,59.4,,4,58.14,34.14,Slouched,43.3,5.59,34,0.37,59.72,Rejected
CAND_AA7E9D,33,9,Business Analyst,PhD,Zoom,59.76,0.43,7,100.0,67.12,Confident,5.61,3.79,43,0.385,75.09,Hired
CAND_A8DFF3,34,17,Sales Executive,Associate,Teams,62.87,0.568,16,90.63,86.42,Confident,28.63,5.89,33,0.28,62.3,Rejected
CAND_B85439,28,5,Software Engineer,Bachelor's,Google Meet,44.8,0.904,15,100.0,85.87,Confident,16.19,3.77,40,0.636,59.4,On Hold
CAND_ECF0C8,25,6,UX Designer,Bachelor's,HireVue,36.42,0.404,13,67.84,57.36,Neutral,47.61,7.31,50,0.354,46.52,Rejected
CAND_FF5BE1,42,23,Sales Executive,Master's,Google Meet,41.17,0.65,9,75.99,56.75,Neutral,41.36,5.72,53,0.239,49.96,Rejected
CAND_72BC00,37,13,Software Engineer,Bachelor's,Teams,,0.653,7,81.97,86.4,Neutral,23.67,5.01,66,0.55,43.47,Rejected
CAND_5509F7,52,27,Product Manager,Bachelor's,Zoom,36.62,0.634,13,57.34,44.84,Neutral,55.14,6.14,42,0.365,41.66,Rejected
CAND_80B935,24,6,Marketing Analyst,Master's,Teams,54.92,0.313,10,91.95,87.19,Confident,21.1,3.94,63,0.426,64.11,Rejected
CAND_AFA506,35,9,Software Engineer,PhD,Zoom,61.35,0.416,10,100.0,,Confident,17.58,4.28,33,0.617,70.96,Hired
CAND_32EBBC,34,11,Marketing Analyst,Master's,Teams,73.06,0.313,10,100.0,76.14,Confident,12.68,4.41,49,0.885,80.87,Second Round
CAND_180CC9,27,3,Data Scientist,Bachelor's,HireVue,31.67,0.417,15,62.42,52.64,Neutral,40.18,6.66,68,0.437,39.4,Rejected
CAND_23D38B,22,0,UX Designer,Bachelor's,Teams,80.62,0.861,9,96.54,97.11,Confident,20.62,4.0,55,0.29,74.26,Second Round
CAND_E34D1F,33,13,Software Engineer,Master's,Zoom,,0.453,11,100.0,100.0,Confident,11.68,3.92,58,0.59,84.67,Rejected
CAND_4780DE,27,6,Marketing Analyst,Master's,Teams,39.77,0.644,7,89.83,71.92,Confident,21.76,4.95,48,0.531,56.38,Rejected
CAND_D80EDC,20,0,Sales Executive,Associate,Google Meet,40.33,0.5,11,97.44,87.42,Confident,,4.16,33,0.442,57.53,Rejected
CAND_6DE584,35,14,Data Scientist,Master's,Google Meet,79.21,0.591,9,100.0,77.9,Confident,11.41,4.11,33,0.692,91.45,Hired
CAND_282FB5,37,12,Product Manager,Bachelor's,HireVue,68.93,0.37,9,91.01,83.57,Confident,15.81,,49,0.63,68.37,Hired
CAND_EDD20F,20,0,HR Manager,PhD,HireVue,59.08,0.655,4,100.0,100.0,Confident,4.33,3.28,60,0.664,77.01,Hired
CAND_F1A12F,20,0,Software Engineer,PhD,Teams,61.22,0.367,9,62.13,62.88,Neutral,50.03,6.53,49,0.531,62.93,Rejected
CAND_5BCF79,23,4,Sales Executive,Associate,Google Meet,74.17,0.609,6,100.0,100.0,Confident,18.54,5.07,38,0.84,78.1,Second Round
CAND_BB9AA8,23,0,UX Designer,Master's,Zoom,76.77,0.341,5,81.83,62.79,Confident,37.72,5.71,48,0.578,91.4,Hired
CAND_7B3A90,27,7,Product Manager,Bachelor's,HireVue,75.62,0.3,8,100.0,100.0,Confident,7.88,3.63,60,0.462,81.08,Rejected
CAND_257E9B,30,11,Data Scientist,Associate,Google Meet,71.43,0.677,10,100.0,89.54,Confident,,5.85,47,0.31,79.39,Rejected
CAND_6BFF16,21,0,Software Engineer,Master's,Teams,69.14,0.676,8,96.09,90.51,Confident,37.59,5.25,46,0.58,73.24,Rejected
CAND_E8558A,31,8,Marketing Analyst,Master's,Google Meet,50.25,0.404,6,100.0,100.0,Confident,15.03,4.45,44,0.37,61.53,Rejected
CAND_F395C6,29,2,HR Manager,Master's,Teams,61.81,0.732,14,98.15,79.5,Confident,18.47,4.13,44,0.621,68.23,Second Round
CAND_F8D400,29,6,UX Designer,Bachelor's,HireVue,42.26,0.456,13,87.44,60.64,Confident,32.16,5.97,49,0.553,48.98,Rejected
CAND_463673,20,0,Business Analyst,Associate,Google Meet,45.13,0.496,9,100.0,100.0,Confident,3.25,3.4,51,0.0,60.74,Rejected
CAND_69AF5A,43,21,HR Manager,Associate,Zoom,54.41,0.497,9,100.0,88.38,Confident,13.91,3.79,47,0.452,62.01,Rejected
CAND_5AAC2A,43,20,Product Manager,Bachelor's,HireVue,53.44,0.413,15,99.2,84.02,Confident,4.76,5.19,45,0.52,62.92,Rejected
CAND_0369F8,25,4,Marketing Analyst,PhD,Google Meet,71.32,0.524,6,73.43,88.95,Confident,36.41,4.84,53,0.512,72.07,Hired
CAND_31F81E,27,5,HR Manager,Associate,Teams,51.02,0.573,4,100.0,91.51,Confident,7.96,3.49,45,0.306,59.43,On Hold
CAND_5A69B6,28,11,UX Designer,Master's,HireVue,67.47,0.457,9,97.99,95.27,Neutral,18.16,4.21,31,0.504,77.24,Rejected
CAND_F4C256,28,4,HR Manager,Master's,HireVue,63.57,0.55,8,87.25,99.87,Neutral,43.57,5.79,34,0.393,75.94,Second Round
CAND_999111,20,0,HR Manager,Master's,HireVue,71.49,,3,100.0,100.0,Confident,9.62,3.86,54,0.545,86.91,Hired
CAND_4F6834,29,2,Marketing Analyst,Master's,Google Meet,79.76,0.434,3,100.0,100.0,Confident,8.52,3.17,42,0.536,86.11,Hired
CAND_33C21B,20,0,Product Manager,PhD,Google Meet,79.35,0.75,4,100.0,99.9,Confident,25.27,4.32,41,0.283,100.0,Hired
CAND_286154,34,8,Software Engineer,Associate,Zoom,80.23,0.73,9,100.0,57.32,Neutral,12.34,4.41,51,0.302,87.39,Hired
CAND_A37123,30,12,Product Manager,Master's,Google Meet,50.55,0.787,8,100.0,59.7,Confident,6.67,3.83,47,0.163,67.51,Second Round
CAND_E232AF,32,14,Data Scientist,Associate,Google Meet,65.94,0.742,8,86.13,75.92,Confident,24.45,4.73,55,0.549,74.51,Rejected
CAND_1572C1,40,14,UX Designer,Master's,Google Meet,97.23,0.584,5,100.0,51.67,Neutral,11.3,3.63,75,0.378,92.76,Hired
CAND_1559A1,27,6,Business Analyst,Bachelor's,Google Meet,57.39,0.351,12,97.4,99.74,Confident,38.72,4.79,75,0.335,71.59,Hired
CAND_1ED21E,29,3,Marketing Analyst,Master's,Zoom,,0.587,13,100.0,66.98,Confident,22.2,4.87,39,0.505,51.63,Rejected
CAND_19A3F8,24,0,Data Scientist,Bachelor's,Google Meet,53.47,0.739,14,75.74,69.23,Confident,30.16,5.18,24,0.579,68.58,Hired
CAND_0A049D,20,0,HR Manager,Bachelor's,Google Meet,,,14,76.19,80.05,Confident,,5.47,54,0.508,55.84,Rejected
CAND_03671C,37,13,Sales Executive,Associate,Google Meet,,0.48,7,64.0,51.71,Neutral,28.95,4.32,53,0.505,44.81,Rejected
CAND_13D4CA,20,2,HR Manager,PhD,Google Meet,48.79,0.662,9,91.77,,Confident,33.05,9.79,55,0.483,62.44,Rejected
CAND_ACFC8C,25,2,UX Designer,Associate,Google Meet,53.75,0.546,8,100.0,90.34,Confident,4.74,3.2,36,0.571,56.53,Rejected
CAND_B6D7DA,29,10,HR Manager,Associate,HireVue,58.21,,9,89.58,61.17,Confident,17.5,4.06,44,0.429,65.61,Second Round
CAND_AE318E,31,15,HR Manager,Master's,Google Meet,59.6,0.749,8,89.0,73.09,Confident,27.34,4.88,42,0.466,69.53,Hired
CAND_B6049D,24,4,Business Analyst,PhD,Google Meet,67.04,0.588,16,76.59,67.32,Confident,39.42,5.53,44,0.566,70.92,Hired
CAND_D78ED1,25,5,Business Analyst,PhD,Zoom,21.29,0.4,6,80.77,100.0,Confident,51.17,5.66,38,0.634,46.04,On Hold
CAND_FA4758,26,6,HR Manager,Master's,Google Meet,65.8,0.326,11,90.2,86.28,Confident,32.42,6.18,41,0.705,88.01,Hired
CAND_3B3AE8,34,17,HR Manager,Associate,Google Meet,,0.539,14,96.35,100.0,Confident,14.96,,43,0.797,60.08,Rejected
CAND_89A605,30,1,UX Designer,Bachelor's,HireVue,68.0,0.565,11,100.0,100.0,Confident,13.52,4.41,42,0.16,60.12,Rejected
CAND_6AF11A,24,0,Product Manager,Master's,Google Meet,49.7,0.652,5,100.0,58.66,Confident,14.69,4.3,54,0.518,79.58,Second Round
CAND_4544E6,29,6,Data Scientist,PhD,Teams,90.63,0.389,6,100.0,100.0,Neutral,10.93,3.85,42,0.528,100.0,Hired
CAND_F3E1D9,26,5,Software Engineer,PhD,Teams,51.11,0.902,11,96.35,90.29,Confident,24.18,4.44,33,0.449,81.45,Second Round
CAND_5BCE88,22,0,HR Manager,Bachelor's,Google Meet,22.68,0.688,10,71.09,70.7,Slouched,21.23,4.33,46,0.422,33.26,Rejected
CAND_14EEF1,34,10,UX Designer,Bachelor's,HireVue,51.89,0.613,12,57.93,63.44,Neutral,53.61,6.42,41,0.827,45.06,Rejected
CAND_2D8866,23,2,Sales Executive,Master's,Zoom,62.97,0.747,11,91.92,65.21,Confident,15.85,3.67,48,0.443,68.68,Hired
CAND_074E60,27,0,Software Engineer,Bachelor's,Zoom,68.29,0.473,4,100.0,93.03,Confident,17.71,4.13,56,0.622,79.15,Rejected
CAND_A242A6,24,0,Business Analyst,Master's,Teams,42.27,0.58,7,74.41,43.47,Neutral,26.93,5.53,39,0.735,47.67,Rejected
CAND_851990,20,0,Sales Executive,Bachelor's,Google Meet,72.68,0.654,7,84.17,,Neutral,40.29,5.73,40,0.362,86.44,Second Round
CAND_162FED,24,1,Marketing Analyst,Master's,HireVue,34.19,0.499,9,66.65,,Slouched,39.43,5.82,32,0.543,43.23,Rejected
CAND_425396,46,27,Sales Executive,PhD,Google Meet,54.81,0.561,7,89.07,100.0,Confident,9.92,3.85,44,0.395,68.9,Rejected
CAND_35A3C8,29,8,Sales Executive,Bachelor's,Zoom,49.46,0.768,12,100.0,67.28,Confident,18.13,3.83,41,0.408,70.79,Rejected
CAND_F5E671,33,11,Product Manager,Bachelor's,HireVue,43.82,0.79,9,73.09,48.14,Neutral,31.28,5.54,57,0.345,49.98,Rejected
CAND_D3DCAD,20,0,Product Manager,Master's,HireVue,68.05,0.525,10,100.0,81.11,Confident,7.47,3.64,35,0.374,72.48,Rejected
CAND_B4D792,32,4,HR Manager,Associate,Google Meet,32.21,0.569,9,76.06,65.14,Confident,30.01,5.09,43,0.633,46.17,Rejected
CAND_F21D6A,47,26,Sales Executive,Bachelor's,Zoom,94.44,0.609,6,100.0,79.15,Confident,10.35,3.75,47,0.655,81.83,Hired
CAND_03AD3E,26,4,Software Engineer,PhD,Teams,67.65,0.609,8,100.0,100.0,Confident,0.9,3.62,51,0.235,88.3,Second Round
CAND_120912,34,13,Data Scientist,Bachelor's,Google Meet,64.68,,9,85.53,62.5,Confident,34.38,5.14,73,0.22,58.9,Rejected
CAND_0B2911,28,7,Software Engineer,Bachelor's,Zoom,56.15,0.532,13,86.94,50.86,Confident,22.72,4.22,53,0.316,66.86,Rejected
CAND_3783CA,23,0,Product Manager,Master's,Zoom,86.78,0.524,5,80.19,62.13,Neutral,37.17,6.18,53,0.557,84.84,Second Round
CAND_0A70C4,20,0,UX Designer,Bachelor's,HireVue,46.97,0.543,10,100.0,93.64,Confident,5.84,4.19,28,0.42,59.13,Rejected
CAND_B55011,38,15,Data Scientist,Master's,HireVue,112.87,0.716,4,54.99,45.44,Slouched,48.84,6.21,49,0.399,58.77,Rejected
CAND_BA9261,21,1,Data Scientist,Associate,Teams,59.01,,12,76.51,,Neutral,32.28,6.43,59,0.749,60.43,Rejected
CAND_DCF22F,39,14,Data Scientist,Master's,HireVue,52.39,0.565,8,90.62,100.0,Confident,23.97,5.63,57,0.41,66.38,Hired
CAND_237CEC,31,10,Product Manager,Associate,Teams,47.45,0.869,11,67.34,83.27,Neutral,38.09,5.47,43,0.379,50.12,Rejected
CAND_8639DA,29,3,Product Manager,Associate,Teams,,0.602,6,100.0,100.0,Confident,21.15,,36,0.49,61.29,On Hold
CAND_4F07CE,25,0,Business Analyst,Master's,Teams,35.83,0.466,10,74.29,65.66,Confident,37.62,5.84,52,0.446,48.46,Rejected
CAND_8B7D26,35,13,Sales Executive,Master's,Teams,73.57,0.436,5,80.46,89.09,Confident,45.52,5.91,51,0.726,80.88,Hired
CAND_F0786D,40,24,Product Manager,Bachelor's,Google Meet,47.38,0.449,4,100.0,100.0,Confident,8.34,4.61,43,0.76,57.28,Rejected
CAND_74FC66,33,8,UX Designer,PhD,Teams,48.3,0.351,11,73.68,53.34,Confident,40.46,5.99,36,0.515,56.87,Rejected
CAND_2E4FAD,32,12,HR Manager,Bachelor's,Google Meet,51.3,0.579,9,100.0,100.0,Neutral,10.45,4.52,31,0.385,70.26,Second Round
CAND_6312AB,46,27,HR Manager,Bachelor's,Zoom,70.61,0.416,12,91.7,100.0,Confident,40.57,5.84,24,0.761,84.99,Second Round
CAND_B2F895,25,3,Software Engineer,Master's,HireVue,65.8,0.468,7,66.77,66.86,Neutral,42.57,5.74,51,0.584,66.87,Second Round
CAND_CF46D5,36,13,Product Manager,Master's,HireVue,66.26,0.589,15,87.98,84.15,Neutral,24.64,7.7,46,0.312,75.46,Hired
CAND_142D12,34,11,Sales Executive,Bachelor's,Teams,58.78,0.919,9,76.52,51.96,Neutral,38.87,5.42,30,0.539,72.08,Hired
CAND_623154,23,6,UX Designer,Master's,Zoom,85.5,0.687,8,100.0,75.27,Confident,14.98,4.16,33,0.371,94.54,Hired
CAND_57F143,41,20,HR Manager,PhD,Google Meet,42.55,0.759,9,100.0,87.87,Confident,15.76,5.17,28,0.288,63.09,Rejected
CAND_E168E3,23,4,UX Designer,PhD,HireVue,54.5,0.461,7,91.58,74.04,Confident,25.82,4.65,42,0.455,71.06,Second Round
CAND_4B6103,32,6,UX Designer,Master's,Teams,58.78,0.395,13,89.51,92.32,Confident,37.84,5.83,50,0.539,61.91,Rejected
CAND_D6A05B,20,0,Software Engineer,Bachelor's,Google Meet,79.75,0.419,10,100.0,55.06,Confident,18.58,5.2,47,0.474,83.93,Hired
CAND_CEEB72,44,21,Business Analyst,Master's,Teams,77.94,0.427,7,100.0,100.0,Confident,14.96,3.98,38,0.284,84.3,Hired
CAND_4C5A0A,20,0,HR Manager,Bachelor's,HireVue,84.93,0.659,10,89.65,60.81,Confident,27.46,5.02,32,0.609,81.39,Second Round
CAND_7A0074,23,0,Business Analyst,Master's,Google Meet,84.18,0.474,6,100.0,88.59,Confident,5.0,3.68,46,0.517,85.07,Hired
CAND_242CC4,35,10,UX Designer,Associate,Teams,78.31,0.705,5,100.0,100.0,Slouched,14.46,4.0,44,0.639,84.96,Second Round
CAND_BFFF5B,31,9,Data Scientist,Bachelor's,Google Meet,82.05,0.749,6,77.54,49.77,Confident,37.83,5.09,43,0.854,82.0,Rejected
CAND_3784F5,24,2,Marketing Analyst,Bachelor's,Teams,43.28,,9,77.89,70.85,Confident,17.3,4.58,48,0.529,56.3,Rejected
CAND_D8FB14,25,0,Marketing Analyst,Bachelor's,Google Meet,12.64,0.349,17,85.58,60.7,Neutral,19.2,4.37,50,0.527,41.43,Rejected
CAND_53F4B7,20,0,Data Scientist,Master's,HireVue,71.78,0.644,10,100.0,85.97,Confident,14.16,4.88,40,0.373,86.33,Hired
CAND_8EF63E,27,1,Marketing Analyst,Associate,Teams,71.1,0.735,5,100.0,93.52,Confident,9.18,3.58,52,0.466,88.03,Hired
CAND_65E0BF,25,3,Business Analyst,Associate,Zoom,69.81,0.386,6,100.0,87.63,Confident,1.9,3.64,34,0.446,85.7,Hired
CAND_33588A,42,15,Sales Executive,Bachelor's,Google Meet,44.16,0.866,9,81.24,95.28,Confident,19.5,3.7,40,0.672,58.64,Rejected
CAND_BEE81B,42,23,Product Manager,Bachelor's,Google Meet,54.76,0.492,7,68.95,43.62,Neutral,44.08,5.64,43,0.566,63.54,Rejected
CAND_D051A2,27,3,Marketing Analyst,Bachelor's,Zoom,60.55,,12,100.0,,Confident,9.11,4.0,50,0.537,71.96,Rejected
CAND_D31ACD,25,5,Business Analyst,PhD,HireVue,35.88,0.505,14,100.0,81.78,Confident,14.11,4.2,51,0.787,56.46,Rejected
CAND_025C9E,35,9,Data Scientist,Associate,Teams,83.1,0.453,5,100.0,87.07,Confident,11.17,,34,0.572,94.52,Hired
CAND_79086B,24,0,Sales Executive,PhD,Teams,56.52,0.791,19,83.86,89.7,Confident,25.74,4.55,48,0.82,53.34,Rejected
CAND_735A8E,20,2,Product Manager,Bachelor's,Google Meet,44.54,0.54,14,80.24,42.81,Confident,41.69,5.71,56,0.53,60.45,Rejected
CAND_986FB7,32,16,Software Engineer,Bachelor's,HireVue,48.05,0.496,6,100.0,84.61,Confident,6.63,4.83,65,0.528,59.92,Rejected
CAND_F00CC4,24,5,Data Scientist,Master's,Google Meet,37.34,0.233,12,100.0,100.0,Confident,9.0,3.89,37,0.374,57.2,Rejected
CAND_E4DC99,32,8,UX Designer,Associate,HireVue,52.65,0.63,4,85.34,72.29,Slouched,18.11,3.84,52,0.426,62.27,Rejected
CAND_345D67,27,5,Sales Executive,Associate,Zoom,24.6,0.478,9,92.06,100.0,Confident,19.55,4.39,33,0.439,37.63,Rejected
CAND_34FA06,20,0,UX Designer,Bachelor's,Teams,,0.56,11,80.52,78.67,Neutral,27.17,5.15,40,0.528,63.59,Rejected
CAND_475AB6,20,0,UX Designer,Bachelor's,Teams,66.78,0.668,7,100.0,95.8,Confident,,4.73,32,0.197,73.0,Second Round
CAND_904978,42,17,HR Manager,Bachelor's,HireVue,,0.611,6,90.47,100.0,Confident,26.89,4.58,57,0.335,81.49,Rejected
CAND_0116EA,29,2,Sales Executive,Associate,Google Meet,40.8,0.727,7,65.61,72.44,Neutral,66.39,6.46,56,0.897,38.57,Rejected
CAND_4AC450,26,6,UX Designer,PhD,Teams,76.26,0.443,12,99.59,81.81,Confident,34.05,6.2,45,0.297,77.69,Rejected
CAND_1B7A0B,32,11,HR Manager,PhD,Google Meet,61.12,0.705,10,86.91,100.0,Confident,19.05,,48,0.364,68.39,Hired
CAND_5A643E,35,7,Business Analyst,Master's,Teams,53.19,0.464,7,83.76,52.36,Confident,34.04,6.03,31,0.537,65.84,Rejected
CAND_EE6A4B,25,3,Data Scientist,Bachelor's,Google Meet,74.88,0.707,15,100.0,100.0,Confident,22.99,4.09,36,0.596,94.32,Second Round
CAND_102006,25,0,Sales Executive,Associate,Google Meet,47.51,0.856,10,63.71,71.2,Neutral,70.89,8.22,34,0.405,48.68,Rejected
CAND_C2C335,29,3,Sales Executive,PhD,HireVue,85.13,0.95,4,97.77,97.96,Confident,18.55,4.72,54,0.678,80.32,Rejected
CAND_527129,27,6,Sales Executive,Associate,Google Meet,124.34,0.51,2,100.0,100.0,Confident,24.93,4.66,55,0.514,88.12,Hired
CAND_C38B02,20,2,HR Manager,Associate,HireVue,65.62,0.745,2,57.72,,Slouched,42.88,5.85,66,0.411,76.37,Rejected
CAND_2553AE,23,5,Sales Executive,PhD,Zoom,68.52,0.497,6,94.69,,Neutral,17.7,3.99,35,0.951,87.42,Hired
CAND_6C3095,44,24,Business Analyst,Associate,Zoom,37.54,0.514,5,94.04,97.36,Confident,22.62,4.29,47,0.703,53.62,Rejected
CAND_FC0BDE,39,22,Software Engineer,Bachelor's,HireVue,61.31,0.651,8,100.0,91.03,Confident,8.78,3.63,51,0.616,78.69,Second Round
CAND_2C20A5,27,9,UX Designer,Associate,Teams,57.83,0.634,5,78.04,55.38,Confident,12.24,4.39,47,0.326,65.48,Second Round
CAND_9D1F25,31,11,HR Manager,PhD,HireVue,71.55,0.652,14,85.37,70.83,Confident,33.7,5.59,46,0.662,74.06,Rejected
CAND_532683,31,14,Sales Executive,Bachelor's,Zoom,65.4,0.531,3,100.0,71.35,Neutral,5.43,3.5,65,0.14,78.9,Second Round
CAND_943F25,31,5,Business Analyst,Master's,HireVue,64.28,0.705,12,100.0,100.0,Confident,24.08,4.44,35,0.442,76.86,Rejected
CAND_A6E4A1,23,0,Software Engineer,PhD,HireVue,67.34,0.679,14,91.22,90.77,Confident,31.19,5.22,40,0.467,71.62,Hired
CAND_B49719,22,0,Business Analyst,PhD,Zoom,54.12,0.657,10,100.0,100.0,Neutral,8.54,4.22,40,0.254,74.26,Hired
CAND_B97B45,33,10,Sales Executive,Associate,Teams,74.61,0.699,6,90.77,81.8,Neutral,17.74,4.25,35,0.208,72.56,Hired
CAND_BBA564,39,15,Data Scientist,PhD,Google Meet,41.98,0.56,11,74.37,53.61,Confident,45.39,6.55,70,0.471,44.21,Rejected
CAND_3F80D6,45,21,Business Analyst,Associate,Google Meet,,0.45,13,68.11,70.24,Slouched,34.35,5.13,38,0.324,35.08,Rejected
CAND_84136B,43,24,HR Manager,Master's,Google Meet,51.22,0.594,14,91.83,91.29,Confident,17.86,3.88,52,0.605,56.83,Rejected
CAND_65265F,39,15,Marketing Analyst,Master's,Google Meet,83.32,0.602,7,87.58,100.0,Confident,11.72,4.69,28,0.63,86.65,Hired
CAND_4B3CA1,20,0,Marketing Analyst,Bachelor's,HireVue,61.49,0.562,6,92.9,80.09,Confident,7.45,3.53,45,0.584,72.14,Hired
CAND_B76DB4,20,0,UX Designer,Master's,Google Meet,72.07,0.7,8,53.39,50.03,Neutral,,5.53,43,0.387,64.88,Rejected
CAND_1998D8,30,7,UX Designer,PhD,HireVue,77.22,0.726,5,100.0,100.0,Confident,19.02,4.17,46,0.411,88.49,Hired
CAND_3AB40E,26,6,Product Manager,Master's,Teams,56.26,0.822,11,100.0,98.24,Confident,14.49,4.21,46,0.498,63.27,Rejected
CAND_087C02,26,5,HR Manager,Master's,HireVue,77.96,0.385,5,99.72,85.88,Confident,33.94,4.78,44,0.599,85.84,Hired
CAND_BE7C7A,33,12,Marketing Analyst,Bachelor's,Teams,37.37,0.676,12,100.0,,Confident,4.73,3.15,41,0.614,60.18,Rejected
CAND_5CCE00,21,0,Sales Executive,Master's,Zoom,71.51,0.611,4,100.0,39.17,Confident,16.98,3.9,37,0.0,77.83,Hired
CAND_D3FDA1,23,1,Sales Executive,Bachelor's,HireVue,29.7,0.542,13,100.0,100.0,Confident,25.59,5.78,43,0.582,52.44,Rejected
CAND_104DFD,35,21,Business Analyst,Master's,Google Meet,40.26,0.804,15,100.0,,Confident,18.06,4.37,28,0.54,55.13,Rejected
CAND_D1DA33,43,20,Business Analyst,PhD,HireVue,69.79,0.758,7,100.0,61.53,Confident,5.22,3.3,45,0.694,73.21,Second Round
CAND_74050A,20,0,Product Manager,Bachelor's,Teams,46.78,0.642,4,91.97,68.58,Confident,,4.5,49,0.269,59.04,Rejected
CAND_B7F2F3,34,13,Marketing Analyst,Associate,Zoom,198.39,0.791,0,96.19,71.13,Confident,19.53,4.42,39,0.52,100.0,Hired
CAND_4D31E3,40,19,Software Engineer,Bachelor's,Teams,,0.95,8,100.0,64.21,Confident,5.16,4.14,47,0.409,98.46,Hired
CAND_E60164,33,14,Data Scientist,Master's,Zoom,38.81,0.755,7,67.04,56.81,Neutral,47.53,5.71,50,0.357,48.64,Rejected
CAND_6BC187,33,13,Business Analyst,Associate,Google Meet,60.94,0.706,8,88.61,100.0,Confident,23.49,5.24,39,0.63,76.47,Second Round
CAND_FD0E22,22,0,UX Designer,PhD,Google Meet,73.56,0.481,4,100.0,75.95,Neutral,6.19,3.3,45,0.452,91.41,Hired
CAND_27C31D,26,3,Software Engineer,Associate,Zoom,81.21,0.536,6,70.98,54.82,Neutral,51.31,5.99,51,0.308,93.45,Hired
CAND_F63E39,34,12,UX Designer,Bachelor's,Google Meet,62.93,0.623,12,63.68,72.55,Neutral,45.0,5.38,58,0.528,70.7,Rejected
CAND_4C48A0,32,15,Marketing Analyst,Master's,Google Meet,58.87,0.829,8,88.99,49.94,Confident,41.15,5.77,45,0.429,70.72,Rejected
CAND_EDF292,30,10,UX Designer,Bachelor's,Zoom,77.36,0.464,16,98.28,51.02,Confident,12.32,4.63,35,0.549,88.59,Hired
CAND_3A2382,25,4,Business Analyst,Bachelor's,Teams,,0.281,11,95.02,100.0,Confident,27.12,5.02,50,0.212,67.45,Rejected
CAND_F97116,41,19,HR Manager,Master's,Teams,53.25,0.618,8,89.54,82.81,Confident,16.49,5.5,47,0.543,59.77,Rejected
CAND_60E85B,40,18,UX Designer,PhD,HireVue,61.5,0.636,10,100.0,100.0,Confident,2.01,3.43,61,0.479,74.07,Hired
CAND_3BF8EB,39,18,HR Manager,Master's,Zoom,45.95,0.377,8,89.48,100.0,Confident,23.86,4.18,34,0.516,67.39,Second Round
CAND_0804F0,31,11,HR Manager,Associate,Zoom,125.83,0.586,1,100.0,76.05,Confident,8.33,3.52,40,0.568,84.36,Second Round
CAND_0FD6EE,20,0,Business Analyst,Master's,Google Meet,75.74,0.466,9,100.0,45.1,Confident,7.75,3.82,42,0.0,86.23,Hired
CAND_70CF2B,28,0,Software Engineer,Master's,Zoom,49.89,0.95,10,96.74,85.8,Confident,22.81,4.64,45,0.232,51.45,Rejected
CAND_EBA3B5,43,20,Sales Executive,PhD,Zoom,38.0,0.42,10,100.0,74.06,Confident,11.35,3.97,49,0.573,49.25,Rejected
CAND_6A197D,24,6,Software Engineer,PhD,Teams,60.94,0.547,8,100.0,100.0,Confident,6.6,3.66,44,0.355,82.55,Hired
CAND_FD7C5F,32,8,UX Designer,PhD,Zoom,72.97,0.744,8,98.16,100.0,Confident,5.73,3.5,43,0.682,88.94,Second Round
CAND_718A25,34,9,Marketing Analyst,Associate,HireVue,45.97,0.624,11,94.56,,Confident,26.93,4.21,44,0.492,57.22,Rejected
CAND_8E1518,28,9,Business Analyst,Master's,Teams,65.23,0.652,2,100.0,100.0,Confident,11.83,4.65,24,0.221,66.1,Second Round
CAND_036A2D,36,14,Product Manager,Master's,Zoom,82.74,0.639,13,100.0,65.62,Confident,14.1,4.52,51,0.452,86.24,Hired
CAND_AFD77A,20,0,HR Manager,Bachelor's,Teams,36.02,0.76,20,100.0,100.0,Confident,16.72,5.42,51,0.619,54.21,Rejected
CAND_F77174,29,15,UX Designer,Bachelor's,Teams,57.38,,6,100.0,66.33,Confident,24.76,4.31,38,0.484,65.63,Hired
CAND_07F7C6,42,16,Sales Executive,Bachelor's,Zoom,46.42,0.944,16,90.35,100.0,Confident,18.02,4.18,40,0.792,55.36,Rejected
CAND_2EFB96,34,17,Sales Executive,PhD,Zoom,52.99,0.537,15,100.0,79.97,Confident,14.65,4.31,35,0.456,72.8,Second Round
CAND_E58D3A,23,5,Product Manager,Associate,Google Meet,50.45,0.452,12,85.33,,Neutral,24.87,4.38,56,0.769,65.21,Second Round
CAND_380148,20,0,Software Engineer,Master's,Google Meet,76.9,0.607,7,100.0,100.0,Confident,14.46,4.01,37,0.185,87.29,Hired
CAND_619552,35,9,Software Engineer,Bachelor's,Teams,74.96,0.664,6,100.0,68.68,Confident,5.55,3.3,38,0.56,83.05,Hired
CAND_A1D686,25,6,Marketing Analyst,Associate,Teams,,0.718,9,96.75,78.08,Confident,13.6,3.94,40,0.555,62.0,Rejected
CAND_B59B4E,38,13,Product Manager,Bachelor's,Teams,70.62,0.316,9,100.0,89.15,Confident,13.58,4.11,52,0.148,87.43,Hired
CAND_3162EE,39,14,Software Engineer,Bachelor's,HireVue,49.04,0.43,11,100.0,100.0,Confident,25.22,4.49,29,0.098,60.12,Rejected
CAND_54BF04,27,4,Product Manager,PhD,Zoom,75.47,0.672,5,100.0,70.5,Confident,5.96,3.49,37,0.632,79.24,Hired
CAND_202148,47,24,HR Manager,PhD,HireVue,53.28,0.337,13,98.24,77.97,Confident,25.88,5.02,42,0.689,63.11,On Hold
CAND_755684,30,8,Sales Executive,Associate,Google Meet,79.0,0.25,5,100.0,65.53,Confident,12.07,3.39,35,0.752,91.29,Hired
CAND_FB6404,30,7,Data Scientist,Master's,Google Meet,65.01,0.472,10,95.74,85.9,Confident,,4.55,33,0.606,68.96,Second Round
CAND_2F1A2C,34,14,UX Designer,Associate,Teams,81.17,0.654,8,100.0,73.45,Neutral,4.74,5.13,54,0.678,82.44,Second Round
CAND_D00384,40,17,Product Manager,PhD,Zoom,65.29,0.644,10,97.36,97.12,Neutral,12.53,3.6,44,0.158,73.48,Second Round
CAND_EE4CEB,48,29,Software Engineer,PhD,HireVue,73.1,0.635,3,100.0,100.0,Confident,16.9,4.06,39,0.41,68.7,Second Round
CAND_8DBCE1,28,0,Marketing Analyst,PhD,Teams,72.62,,7,100.0,100.0,Confident,,4.64,41,0.361,77.96,Rejected
CAND_39B306,29,12,UX Designer,Associate,Zoom,53.24,0.378,7,77.55,56.22,Confident,22.57,5.15,55,0.678,53.52,Rejected
CAND_25B108,39,20,Product Manager,Bachelor's,Zoom,53.95,0.468,9,100.0,76.4,Confident,18.38,5.21,44,0.604,66.86,Hired
CAND_1BD108,42,19,Sales Executive,Bachelor's,Teams,53.8,0.577,9,67.09,,Neutral,43.94,5.47,41,0.727,56.57,Rejected
CAND_68499C,35,8,HR Manager,Bachelor's,Zoom,62.13,0.608,12,100.0,100.0,Confident,3.76,4.52,50,0.422,69.83,Rejected
CAND_16BA05,20,0,Sales Executive,PhD,Zoom,36.19,0.715,10,78.01,83.92,Confident,15.94,5.27,51,0.957,47.15,On Hold
CAND_C67624,22,0,Product Manager,PhD,Zoom,,0.652,11,77.25,73.13,Neutral,57.69,5.88,41,0.249,72.78,Hired
CAND_77CAB5,24,3,Marketing Analyst,PhD,Teams,73.81,0.635,6,100.0,89.73,Confident,0.55,3.41,53,0.447,86.91,Hired
CAND_69E79F,35,11,Data Scientist,Associate,Zoom,53.84,0.715,10,84.34,,Confident,27.43,4.31,50,0.421,53.41,Rejected
CAND_CC9349,28,1,Sales Executive,Associate,Google Meet,62.56,0.528,7,100.0,100.0,Confident,11.71,3.72,52,0.561,77.83,Hired
CAND_1C5181,28,6,Product Manager,Master's,Zoom,45.32,0.95,13,100.0,79.85,Confident,1.63,2.81,34,0.559,62.7,Rejected
CAND_F34F95,26,9,Product Manager,Bachelor's,HireVue,70.73,0.541,5,100.0,,Neutral,18.88,4.66,30,0.567,89.97,Hired
CAND_1D7B92,45,24,Business Analyst,PhD,HireVue,69.33,0.427,11,100.0,94.01,Confident,8.0,3.65,39,0.418,81.62,Rejected
CAND_03D07A,20,0,UX Designer,Bachelor's,Teams,,0.729,12,79.97,80.68,Confident,44.31,5.91,48,0.572,48.4,Rejected
CAND_DDB7F1,20,0,Marketing Analyst,Associate,Zoom,82.52,0.444,8,100.0,87.75,Neutral,30.33,4.8,62,0.747,88.27,Hired
CAND_78F6D1,38,20,Sales Executive,PhD,Zoom,56.39,0.791,6,100.0,62.66,Confident,4.92,4.19,43,0.501,77.76,Rejected
CAND_43C5D5,32,14,Product Manager,Bachelor's,Google Meet,68.24,0.713,8,94.02,57.2,Confident,15.71,3.63,42,0.437,83.64,Hired
CAND_98A774,30,6,Business Analyst,Bachelor's,Google Meet,,0.872,7,100.0,65.19,Confident,10.52,4.83,33,0.676,56.41,Rejected
CAND_80FB54,23,3,Sales Executive,PhD,Teams,37.57,0.538,11,72.72,71.44,Confident,39.48,5.68,27,0.647,42.45,Rejected
CAND_12E58F,22,0,UX Designer,Master's,Google Meet,54.09,0.541,5,97.51,74.31,Confident,13.65,3.88,51,0.568,70.39,Rejected
CAND_5ABF6F,41,24,Sales Executive,Associate,HireVue,38.06,0.611,9,65.66,81.46,Confident,53.95,5.98,54,0.549,44.15,Rejected
CAND_6CB588,35,12,Business Analyst,Master's,Zoom,42.7,0.782,9,100.0,86.34,Confident,22.06,3.98,45,0.195,62.49,Rejected
CAND_7DEA38,37,17,Business Analyst,Bachelor's,Teams,76.02,0.449,6,100.0,100.0,Confident,16.5,4.67,31,0.88,87.53,Hired
CAND_739CC7,28,5,Software Engineer,PhD,Teams,75.17,0.724,5,52.7,51.69,Slouched,26.66,4.96,28,0.109,73.87,Hired
CAND_D0FB1E,27,0,Data Scientist,Bachelor's,Google Meet,65.41,0.693,8,95.49,,Confident,8.77,6.13,30,0.316,76.8,Second Round
CAND_731046,30,9,UX Designer,Bachelor's,Teams,57.66,0.389,10,100.0,86.25,Confident,20.85,4.52,34,0.479,65.63,Second Round
CAND_A7186F,40,15,HR Manager,Master's,HireVue,61.14,0.573,9,78.87,56.08,Confident,40.74,6.35,49,0.288,76.34,Second Round
CAND_58174A,42,21,Product Manager,Associate,Teams,55.56,0.459,10,100.0,100.0,Confident,15.31,5.5,36,0.445,65.7,Rejected
CAND_220FDD,21,0,Product Manager,Bachelor's,HireVue,58.17,0.494,8,100.0,95.59,Confident,3.77,,47,0.286,63.81,Rejected
CAND_3A366F,44,21,Marketing Analyst,Bachelor's,Google Meet,76.33,0.263,6,100.0,77.65,Confident,3.42,3.83,44,0.575,78.14,Second Round
CAND_AAF354,20,0,Data Scientist,Master's,Zoom,50.5,0.52,5,100.0,100.0,Confident,6.95,4.25,39,0.489,62.23,Rejected
CAND_CB70AC,20,0,UX Designer,Master's,Zoom,56.57,0.51,5,91.94,83.21,Confident,32.38,4.86,44,0.713,67.33,Rejected
CAND_C0FA42,26,4,Product Manager,Master's,Zoom,65.81,0.59,9,84.26,90.39,Confident,21.53,4.58,30,0.336,72.73,Hired
CAND_C76612,23,0,Data Scientist,PhD,Google Meet,39.31,0.689,10,92.86,100.0,Confident,19.99,4.87,55,0.828,52.49,Rejected
CAND_16C7F8,34,15,Data Scientist,PhD,Teams,66.35,0.418,9,100.0,56.76,Confident,8.63,5.73,44,0.406,87.19,Hired
CAND_9B743A,41,20,Sales Executive,Associate,Google Meet,78.94,0.629,9,100.0,100.0,Confident,3.36,4.38,47,0.281,86.79,Hired
CAND_1CA965,46,25,Data Scientist,PhD,Google Meet,71.01,0.557,4,95.45,89.01,Confident,7.51,,43,0.121,81.25,Hired
CAND_44919D,22,0,Marketing Analyst,PhD,Teams,55.68,,10,92.38,68.34,Confident,16.09,3.84,40,0.355,64.7,On Hold
CAND_61C32B,32,11,Software Engineer,Bachelor's,HireVue,53.12,0.621,6,100.0,100.0,Confident,10.35,5.29,39,0.324,71.37,Rejected
CAND_36CE14,31,6,Sales Executive,Associate,HireVue,55.18,0.95,7,100.0,81.4,Confident,14.43,4.45,44,0.296,74.06,Rejected
CAND_A5F6A2,47,25,Business Analyst,Associate,HireVue,,0.43,8,71.42,65.46,Neutral,39.37,5.7,44,0.733,68.89,Second Round
CAND_5DFB16,33,8,Marketing Analyst,Bachelor's,HireVue,64.09,0.531,5,88.12,53.48,Confident,17.18,4.91,38,0.508,78.07,Second Round
CAND_C622AC,35,16,Marketing Analyst,Master's,Zoom,60.51,0.562,10,100.0,89.78,Confident,10.94,4.12,20,0.343,82.96,Hired
CAND_AF68CD,27,5,HR Manager,Master's,Teams,50.57,0.542,11,87.13,86.64,Confident,27.04,5.47,48,0.61,58.76,Rejected
CAND_08AAC1,23,3,Marketing Analyst,Bachelor's,Zoom,40.3,0.455,12,100.0,93.76,Confident,11.65,3.79,36,0.457,63.45,Rejected
CAND_3FBC53,20,0,UX Designer,Bachelor's,Google Meet,75.58,,5,100.0,67.03,Confident,23.59,4.82,46,0.278,91.76,Hired
CAND_C93DEF,35,14,Data Scientist,Bachelor's,HireVue,75.07,0.45,9,100.0,64.65,Confident,7.67,3.27,32,0.809,88.7,Hired
CAND_B946CF,29,2,HR Manager,PhD,Zoom,29.1,0.475,11,100.0,85.78,Confident,11.49,4.45,47,0.513,53.75,Rejected
CAND_5CCDDF,24,3,UX Designer,Bachelor's,Zoom,50.37,0.519,8,79.04,85.48,Neutral,41.61,5.23,20,0.254,51.66,Rejected
CAND_2481E8,34,13,HR Manager,Associate,Zoom,43.1,0.52,8,59.6,61.21,Neutral,39.44,,31,0.381,57.8,Rejected
CAND_3854FD,26,2,Product Manager,Bachelor's,Zoom,69.95,,13,100.0,86.71,Confident,19.17,4.85,57,0.543,81.51,Rejected
CAND_09395E,23,3,Business Analyst,Master's,HireVue,24.81,0.447,11,80.95,31.98,Neutral,20.59,4.37,45,0.138,50.98,Rejected
CAND_A6447D,25,6,Software Engineer,PhD,Zoom,73.95,0.423,7,94.19,100.0,Confident,38.85,5.61,26,0.495,67.84,Hired
CAND_17303F,32,10,UX Designer,Master's,Zoom,64.61,,8,65.31,55.67,Neutral,35.86,5.21,37,0.285,63.21,Rejected
CAND_965B00,24,2,Product Manager,Associate,Teams,46.95,0.712,15,76.17,78.24,Neutral,30.08,5.68,22,0.714,57.21,Rejected
CAND_F6B55F,25,6,Software Engineer,Bachelor's,HireVue,73.33,0.782,8,99.11,100.0,Confident,17.85,4.58,47,0.632,82.0,Rejected
CAND_2C16A3,20,4,Product Manager,Associate,HireVue,34.85,0.648,9,100.0,81.0,Confident,20.29,4.14,41,0.516,48.97,Rejected
CAND_D871EB,37,19,Product Manager,Master's,HireVue,55.77,0.475,11,76.24,95.1,Neutral,29.36,4.85,29,0.805,60.05,Rejected
CAND_7BDE95,24,6,UX Designer,Master's,HireVue,80.76,0.779,9,99.75,74.71,Confident,28.72,5.03,43,0.466,86.41,Hired
CAND_B9C740,33,10,Business Analyst,Bachelor's,HireVue,80.41,0.632,8,100.0,97.58,Confident,23.26,4.52,38,0.324,88.08,Hired
CAND_8BD241,20,0,UX Designer,Associate,Google Meet,,0.699,15,84.65,75.6,Confident,17.24,4.85,51,0.583,42.56,Rejected
CAND_4CC2B5,40,16,Data Scientist,Master's,Teams,39.48,0.439,10,94.57,64.7,Confident,12.33,3.6,53,0.488,47.43,Rejected
CAND_68DB6B,35,15,UX Designer,Master's,Teams,47.81,0.366,12,62.74,59.46,Neutral,39.71,5.57,46,0.432,51.82,Rejected
CAND_605D00,30,12,UX Designer,PhD,Teams,,0.581,14,78.64,73.2,Confident,23.11,5.84,48,0.332,47.87,Rejected
CAND_532DB5,31,6,Data Scientist,Associate,Google Meet,41.41,0.386,11,100.0,45.69,Confident,3.92,4.42,54,0.277,60.74,Rejected
CAND_120736,33,14,Software Engineer,Associate,HireVue,58.64,0.587,8,92.39,69.87,Confident,17.86,4.17,45,0.224,50.79,Rejected
CAND_859F37,47,22,Software Engineer,Associate,Google Meet,73.25,0.614,6,92.03,76.24,Confident,19.06,4.09,38,0.7,85.83,Second Round
CAND_CD11BB,36,12,Data Scientist,PhD,Teams,44.39,0.519,7,100.0,52.27,Confident,11.93,4.04,32,0.156,62.61,Rejected
CAND_5AA83F,27,0,Sales Executive,Associate,HireVue,54.12,0.586,12,100.0,100.0,Confident,3.93,3.86,44,0.224,63.52,Rejected
CAND_73A532,38,18,Data Scientist,PhD,HireVue,56.74,0.95,5,100.0,60.11,Confident,,5.51,52,0.299,79.34,Rejected
CAND_A24330,26,6,UX Designer,PhD,Google Meet,75.12,0.702,9,100.0,79.27,Confident,15.46,4.16,51,0.806,73.59,Rejected
CAND_9EF129,32,12,Software Engineer,Master's,HireVue,80.88,0.613,7,84.99,68.12,Confident,20.79,4.01,50,0.535,82.3,Hired
CAND_E8C199,20,0,HR Manager,Associate,Teams,73.64,0.62,5,100.0,100.0,Confident,30.7,8.18,31,0.311,83.05,Rejected
CAND_F53A11,33,17,Data Scientist,Master's,Google Meet,64.72,0.584,7,100.0,,Confident,17.12,4.37,42,0.191,77.71,Second Round
CAND_5A915B,26,5,Product Manager,PhD,Google Meet,36.32,0.532,10,85.01,77.7,Neutral,20.75,4.37,33,0.442,52.89,Rejected
CAND_AE6A0B,36,15,HR Manager,Bachelor's,HireVue,64.47,0.653,10,79.61,,Confident,36.75,5.85,51,0.491,64.11,Rejected
CAND_222E0B,24,1,Software Engineer,Associate,Google Meet,72.87,0.396,10,100.0,91.6,Confident,11.62,5.47,44,0.72,79.48,Hired
CAND_9E9199,24,5,HR Manager,Associate,Google Meet,56.25,0.474,13,48.55,32.48,Slouched,56.8,6.2,46,0.538,60.44,Rejected
CAND_FDCEDE,31,11,HR Manager,Associate,Zoom,60.52,0.593,11,100.0,98.96,Confident,,4.55,51,0.373,86.37,Hired
CAND_7AF9B9,29,3,Sales Executive,PhD,HireVue,58.11,0.636,6,92.97,81.06,Confident,27.36,4.91,37,0.424,69.31,Rejected
CAND_908E88,23,0,Marketing Analyst,Associate,Google Meet,50.89,0.739,7,100.0,97.87,Confident,20.93,5.16,41,0.247,71.87,Second Round
CAND_EC7BE7,20,0,UX Designer,PhD,Zoom,48.51,0.565,3,100.0,59.49,Neutral,24.37,4.15,55,0.676,65.21,Rejected
CAND_A328FE,42,16,Marketing Analyst,Associate,Google Meet,48.39,0.443,4,100.0,100.0,Neutral,11.29,3.67,58,0.54,68.93,Hired
CAND_B970C3,27,6,Data Scientist,Associate,Google Meet,71.15,0.682,5,72.27,52.85,Neutral,39.81,5.44,31,0.085,70.62,Rejected
CAND_07F06E,30,4,Software Engineer,PhD,Google Meet,70.74,0.6,8,100.0,79.02,Neutral,10.84,3.71,55,0.187,72.82,Rejected
CAND_930379,27,4,Product Manager,Associate,Zoom,,0.407,7,100.0,82.54,Neutral,5.44,5.73,45,0.613,67.15,Rejected
CAND_5EFEA3,40,12,Software Engineer,Master's,HireVue,85.26,0.628,9,84.79,80.95,Confident,37.78,5.51,35,0.681,91.16,Hired
CAND_5C5A9F,29,9,Software Engineer,Associate,HireVue,63.83,0.74,6,100.0,83.35,Confident,19.91,5.17,46,0.422,75.92,Second Round
CAND_6DDCAE,24,3,Software Engineer,Bachelor's,Teams,62.32,0.693,9,78.49,74.6,Confident,45.61,5.75,53,0.455,64.73,Rejected
CAND_D4EA48,26,0,Business Analyst,Bachelor's,Teams,61.83,0.653,11,100.0,87.11,Confident,7.78,3.28,59,0.372,72.3,Second Round
CAND_3F29C9,38,14,UX Designer,Bachelor's,Google Meet,24.93,0.555,13,99.35,97.33,Confident,11.92,3.99,52,0.392,64.58,Rejected
CAND_A61760,43,18,UX Designer,Associate,Google Meet,47.73,0.563,15,84.24,81.0,Confident,20.63,,54,0.608,51.87,Rejected
CAND_045645,20,0,Data Scientist,PhD,HireVue,69.0,0.608,12,100.0,93.49,Confident,23.2,6.53,60,0.617,75.19,Rejected
CAND_3C4B69,40,21,Product Manager,Associate,Google Meet,46.03,0.728,10,94.05,98.36,Confident,17.55,4.54,26,0.601,47.6,Rejected
CAND_E91ABC,25,4,Software Engineer,Master's,Zoom,71.24,0.694,11,100.0,83.03,Confident,9.49,3.8,46,0.736,78.39,Hired
CAND_67DF9E,24,5,HR Manager,Associate,Zoom,77.46,0.644,3,90.93,69.45,Confident,30.58,5.87,58,0.46,69.53,Rejected
CAND_E685AE,36,17,Business Analyst,Master's,Zoom,78.48,0.6,4,100.0,86.65,Confident,13.03,6.39,22,0.773,92.43,Hired
CAND_EFDA0D,34,17,HR Manager,PhD,Zoom,37.28,0.606,11,100.0,45.35,Confident,9.98,3.56,41,0.394,57.68,Rejected
CAND_B52E74,40,19,UX Designer,Associate,Google Meet,39.41,0.585,13,85.05,77.59,Neutral,35.26,6.56,40,0.791,56.76,Rejected
CAND_1F4BF8,25,4,Sales Executive,Bachelor's,Zoom,54.67,0.611,9,99.93,35.3,Confident,17.09,3.67,36,0.375,58.23,Rejected
CAND_7B3AF4,28,0,Software Engineer,Bachelor's,Zoom,76.6,0.561,4,73.32,58.81,Neutral,19.52,4.61,46,0.425,64.57,Rejected
CAND_D90E53,25,5,Business Analyst,Bachelor's,Zoom,44.57,0.785,14,89.01,78.64,Confident,33.26,5.01,41,0.477,57.39,Rejected
CAND_F48149,42,24,Marketing Analyst,PhD,Teams,,0.56,4,95.67,91.04,Confident,21.03,4.77,60,0.93,82.36,Second Round
CAND_5E5272,20,0,HR Manager,Associate,Google Meet,78.61,0.738,3,96.71,100.0,Confident,11.26,3.72,60,0.707,84.38,Hired
CAND_EB6100,21,0,HR Manager,PhD,Teams,56.93,0.574,14,85.0,64.09,Confident,18.56,4.24,37,0.718,72.12,Second Round
CAND_78025C,31,8,Product Manager,Master's,Zoom,68.57,,5,76.32,70.86,Confident,17.52,3.77,39,0.669,61.47,On Hold
CAND_8FEBAE,27,9,HR Manager,Associate,Teams,73.44,0.773,9,100.0,91.58,Confident,1.49,3.06,53,0.656,73.04,Second Round
CAND_193316,25,4,Product Manager,Master's,Teams,27.91,0.6,11,88.42,,Confident,23.35,4.72,50,0.434,40.82,Rejected
CAND_01F672,23,0,UX Designer,Master's,Google Meet,42.17,0.578,6,73.07,87.76,Neutral,39.45,6.14,40,0.838,46.09,On Hold
CAND_C61EC5,20,0,Marketing Analyst,Associate,Google Meet,67.37,0.623,6,95.76,80.6,Confident,25.05,4.96,61,0.533,70.39,Hired
CAND_C61455,33,4,Marketing Analyst,PhD,Google Meet,,0.631,3,77.77,97.84,Slouched,36.53,5.58,20,0.392,72.63,Second Round
CAND_D319CC,28,2,HR Manager,PhD,Teams,,0.677,11,77.22,71.7,Confident,30.28,4.73,75,0.626,66.64,Hired
CAND_03EABA,25,1,UX Designer,PhD,Zoom,67.97,0.451,8,98.71,100.0,Confident,28.83,4.49,39,0.902,71.48,Hired
CAND_3B565E,34,8,Product Manager,PhD,Google Meet,54.37,0.747,9,85.72,100.0,Confident,19.68,4.23,41,0.448,63.61,On Hold
CAND_8649E9,31,8,Data Scientist,Master's,Zoom,51.09,0.536,7,100.0,81.46,Confident,16.81,4.28,51,0.662,66.36,Hired
CAND_0B3C95,28,4,Product Manager,Bachelor's,Zoom,180.25,0.4,0,73.02,64.57,Confident,25.56,4.5,38,0.54,100.0,Hired
CAND_B6CA82,21,2,UX Designer,Master's,HireVue,80.01,0.358,8,100.0,54.36,Confident,29.07,4.75,35,0.337,81.83,Second Round
CAND_A82D07,37,10,Marketing Analyst,Master's,Google Meet,66.64,0.827,7,100.0,100.0,Neutral,2.06,3.67,41,0.356,75.65,Second Round
CAND_74C813,26,6,Business Analyst,PhD,Teams,43.63,0.747,10,86.64,95.41,Neutral,28.58,4.82,41,0.288,63.02,Rejected
CAND_178B94,28,9,Marketing Analyst,Master's,Google Meet,73.98,0.632,9,100.0,87.28,Confident,7.86,3.58,42,0.522,82.02,Rejected
CAND_284441,28,4,Data Scientist,Associate,Zoom,47.02,0.722,11,92.9,100.0,Neutral,5.12,5.44,50,0.384,65.97,Second Round
CAND_3AD33D,40,15,Sales Executive,PhD,Zoom,73.46,0.807,4,100.0,100.0,Confident,22.87,4.02,43,0.46,79.35,Second Round
CAND_A7E6D3,34,17,Business Analyst,Bachelor's,Zoom,71.0,0.64,9,100.0,97.55,Confident,9.93,4.57,21,0.573,80.59,Hired
CAND_DEC836,43,16,Data Scientist,PhD,HireVue,74.9,0.432,7,100.0,86.37,Neutral,20.42,6.5,29,0.667,73.89,Rejected
CAND_412CCD,34,12,Sales Executive,Master's,Google Meet,76.28,0.653,4,100.0,97.65,Neutral,9.97,3.66,37,0.528,74.42,Second Round
CAND_59C2E6,29,2,Product Manager,PhD,HireVue,46.2,0.768,13,100.0,62.13,Confident,11.96,4.51,54,0.495,56.26,Rejected
CAND_ACB745,41,21,Marketing Analyst,Bachelor's,HireVue,62.92,,7,84.07,82.74,Neutral,18.48,4.0,56,0.09,73.51,Rejected
CAND_02AD6C,33,11,Sales Executive,Master's,Google Meet,52.37,0.342,10,92.74,100.0,Neutral,,5.16,53,0.87,57.38,Rejected
CAND_24C7C2,20,0,UX Designer,Bachelor's,Google Meet,52.54,0.632,10,89.92,70.39,Confident,31.9,4.38,28,0.286,71.99,Rejected
CAND_52E03A,37,16,Software Engineer,Master's,Teams,38.11,0.841,8,77.7,58.01,Neutral,39.67,5.04,42,0.751,45.07,Rejected
CAND_8CD256,22,0,Data Scientist,Bachelor's,Teams,50.52,0.595,9,100.0,80.24,Confident,9.63,4.67,43,0.57,56.47,Rejected
CAND_B81065,54,35,Product Manager,Associate,Zoom,62.59,0.811,12,100.0,82.52,Confident,8.15,3.5,37,0.733,77.05,Rejected
CAND_6833BE,25,1,Product Manager,Bachelor's,Google Meet,49.25,0.386,12,81.77,100.0,Confident,46.27,6.62,33,0.005,60.71,Rejected
CAND_A8F71F,35,15,Sales Executive,Master's,Zoom,41.42,0.687,11,90.75,67.83,Confident,,4.95,44,0.564,45.52,Rejected
CAND_790779,43,18,Product Manager,PhD,Zoom,43.76,0.542,7,72.89,88.13,Neutral,48.01,6.43,27,0.433,45.57,Rejected
CAND_41A443,25,0,Marketing Analyst,Associate,Google Meet,73.39,0.409,5,84.1,75.79,Confident,14.44,3.97,35,0.394,59.86,Rejected
CAND_9553C9,22,2,Business Analyst,Master's,HireVue,59.49,0.79,9,68.38,51.46,Confident,55.03,6.44,44,0.536,60.53,Rejected
CAND_A33390,24,2,Software Engineer,Bachelor's,Zoom,59.31,0.493,7,100.0,100.0,Confident,21.52,5.38,55,0.36,78.46,Rejected
CAND_1AC2DA,38,16,Sales Executive,Master's,Google Meet,60.46,0.632,8,96.01,67.29,Neutral,27.66,4.48,44,0.305,81.11,Rejected
CAND_738FD6,36,11,Data Scientist,Associate,HireVue,43.63,0.603,9,100.0,71.32,Confident,,4.61,47,0.478,57.1,Rejected
CAND_D14DF2,43,16,HR Manager,Bachelor's,Google Meet,68.0,0.532,11,82.43,68.13,Confident,20.74,4.65,47,0.419,76.41,Hired
CAND_C454CF,20,0,Product Manager,PhD,HireVue,39.92,0.735,12,65.5,50.96,Neutral,17.41,5.77,37,0.556,44.08,Rejected
CAND_95035E,30,8,Business Analyst,Bachelor's,Zoom,32.01,0.47,9,100.0,75.76,Confident,20.69,,40,0.386,55.05,Rejected
CAND_9014EC,45,25,Business Analyst,Associate,Teams,61.02,0.687,8,100.0,100.0,Confident,33.53,5.4,44,0.794,58.7,Rejected
CAND_0B9DF3,42,18,UX Designer,PhD,Teams,56.44,0.61,5,100.0,90.45,Confident,20.26,4.35,39,0.347,74.74,Rejected
CAND_020E45,26,5,HR Manager,PhD,Google Meet,45.37,0.82,7,61.73,60.94,Neutral,33.48,5.26,36,0.836,54.59,On Hold
CAND_463EBF,37,13,Marketing Analyst,PhD,HireVue,76.26,0.93,2,100.0,100.0,Confident,6.17,3.28,68,0.596,95.29,Hired
CAND_65DEFE,36,11,Product Manager,PhD,HireVue,78.35,0.348,11,84.46,55.69,Neutral,21.39,4.16,42,0.73,76.37,Second Round
CAND_DA9E69,36,12,Business Analyst,Master's,Zoom,42.84,0.664,9,100.0,100.0,Neutral,17.57,4.37,50,0.684,57.59,Rejected
CAND_50C7B7,34,17,Product Manager,Bachelor's,HireVue,66.94,0.43,8,100.0,76.23,Confident,24.25,5.16,32,0.282,93.85,Second Round
CAND_FF5ACD,20,0,Data Scientist,Master's,Google Meet,56.34,,8,100.0,90.58,Confident,2.41,3.18,53,0.593,73.4,Second Round
CAND_EFB377,22,0,Sales Executive,Bachelor's,HireVue,,0.51,11,86.34,91.41,Neutral,8.95,5.15,50,0.714,69.59,Hired
CAND_69BB29,27,4,Marketing Analyst,PhD,Google Meet,162.23,0.474,0,100.0,,Confident,11.69,3.48,42,0.583,100.0,Hired
CAND_89DA73,25,6,UX Designer,Associate,HireVue,68.33,0.627,9,100.0,100.0,Confident,19.71,5.02,47,0.895,80.58,Second Round
CAND_10CDD1,21,0,HR Manager,Bachelor's,Zoom,66.51,0.59,6,78.87,,Neutral,25.45,5.96,41,0.215,75.93,Hired
CAND_2CB6A6,27,1,Software Engineer,Master's,Google Meet,41.4,0.407,9,51.0,42.67,Neutral,37.27,6.24,27,0.27,42.86,Rejected
CAND_D6AAB5,54,32,Data Scientist,Bachelor's,Teams,90.61,0.465,9,67.37,52.0,Neutral,35.91,5.82,41,0.198,91.83,Hired
CAND_3E6A9D,52,28,Data Scientist,PhD,Google Meet,46.82,0.54,16,100.0,100.0,Neutral,,5.14,41,0.509,54.39,Rejected
CAND_C6E513,23,0,Software Engineer,Master's,Zoom,35.75,0.73,18,75.64,72.27,Confident,21.51,3.98,65,0.718,42.19,Rejected
CAND_63A191,40,16,Software Engineer,PhD,Google Meet,61.04,0.553,12,100.0,71.05,Confident,5.4,3.11,38,0.707,71.47,Rejected
CAND_59B827,40,18,HR Manager,Master's,Teams,56.36,0.538,13,76.31,85.18,Neutral,58.25,6.17,30,0.316,56.2,Rejected
CAND_543047,34,11,Data Scientist,PhD,Zoom,59.39,0.795,11,100.0,62.56,Confident,7.91,3.88,44,0.349,73.16,Second Round
CAND_B3520A,24,1,Software Engineer,PhD,Teams,38.89,0.532,7,50.71,20.01,Neutral,75.99,6.65,54,0.348,43.21,Rejected
CAND_688BC2,35,13,Data Scientist,Bachelor's,Teams,59.52,,6,92.77,55.66,Confident,17.88,3.92,54,0.637,56.63,Rejected
CAND_7E06EA,35,8,Software Engineer,Master's,Teams,46.89,0.708,15,100.0,100.0,Confident,5.77,4.34,32,0.313,74.92,Hired
CAND_3F650E,36,5,Marketing Analyst,Master's,Google Meet,57.43,0.642,17,100.0,100.0,Confident,18.16,4.63,49,0.162,57.41,Rejected
CAND_65220E,44,24,HR Manager,Bachelor's,Zoom,71.93,0.672,8,100.0,78.92,Neutral,12.24,3.82,50,0.487,75.34,Hired
CAND_2FFD43,28,2,Data Scientist,Bachelor's,Zoom,46.16,0.495,12,96.43,76.48,Confident,8.24,4.84,30,0.209,65.36,Second Round
CAND_F80983,24,4,Product Manager,PhD,Teams,65.77,0.547,9,89.22,54.26,Confident,16.67,5.71,46,0.401,80.24,Hired
CAND_BBD2AA,25,8,Data Scientist,PhD,HireVue,74.56,0.429,10,87.31,,Confident,17.91,3.82,53,0.569,86.16,Hired
CAND_BD97D9,32,11,Product Manager,Associate,Zoom,40.41,0.667,13,90.86,79.87,Confident,35.6,5.6,42,0.826,60.65,Rejected
CAND_4899A8,20,0,HR Manager,Master's,Teams,45.18,0.608,11,99.09,68.51,Neutral,11.69,3.91,49,0.328,67.65,Second Round
CAND_DB2C20,30,8,Software Engineer,Bachelor's,Google Meet,62.79,0.565,5,77.23,86.76,Neutral,35.37,5.43,44,0.264,64.4,Rejected
CAND_4C1E39,34,8,HR Manager,Bachelor's,Google Meet,59.57,0.604,12,100.0,77.82,Confident,9.56,3.8,47,0.678,59.67,Rejected
CAND_9061D5,39,16,UX Designer,Bachelor's,Google Meet,56.54,0.285,5,100.0,100.0,Confident,8.0,3.59,49,0.549,63.64,Rejected
CAND_40D3C2,24,0,UX Designer,Associate,Teams,42.27,0.746,13,100.0,100.0,Confident,13.98,4.48,35,0.232,58.79,Rejected
CAND_E63BE2,34,13,Data Scientist,Associate,Google Meet,72.68,0.623,4,100.0,91.53,Confident,13.44,4.32,51,0.254,81.5,Hired
CAND_39EEE2,33,12,Software Engineer,Master's,Teams,73.67,0.357,8,91.76,86.34,Confident,33.86,4.79,43,0.722,76.96,Rejected
CAND_71FC65,28,5,Software Engineer,Master's,HireVue,80.91,0.517,7,100.0,50.53,Confident,12.26,3.96,36,0.339,87.29,Hired
CAND_F8F5E4,25,0,HR Manager,Bachelor's,Google Meet,33.46,0.68,14,81.6,89.48,Confident,24.41,4.29,48,0.801,42.6,Rejected
CAND_C2F6DB,35,13,Product Manager,Bachelor's,HireVue,79.55,0.534,11,92.87,100.0,Neutral,41.85,5.29,42,0.264,73.33,Second Round
CAND_48E516,21,0,Data Scientist,Associate,Zoom,74.66,0.606,15,90.14,83.78,Confident,34.97,5.94,59,0.392,82.33,Second Round
CAND_B8DE28,21,0,Sales Executive,PhD,Teams,65.1,0.441,3,100.0,87.36,Confident,5.26,3.34,53,0.153,87.09,Hired
CAND_C75EDB,37,8,Marketing Analyst,Associate,Google Meet,39.88,0.863,10,84.57,62.29,Confident,30.07,5.27,48,0.36,47.6,Rejected
CAND_83859D,30,9,Data Scientist,Bachelor's,Teams,70.81,0.682,10,100.0,100.0,Neutral,14.38,3.74,55,0.187,75.15,Second Round
CAND_2E8987,32,11,Software Engineer,Master's,HireVue,61.96,0.336,8,100.0,100.0,Confident,15.04,4.55,45,0.682,77.92,Rejected
CAND_A04A11,20,0,Product Manager,Associate,HireVue,53.56,0.677,10,93.59,89.58,Confident,22.72,4.46,49,0.48,56.38,On Hold
CAND_D9D4B5,27,5,Data Scientist,PhD,Google Meet,67.37,0.461,4,92.76,75.22,Confident,13.22,3.86,48,0.635,82.12,Hired
CAND_3E1C3E,31,14,UX Designer,PhD,Teams,80.24,0.779,7,97.43,,Confident,18.01,4.4,39,0.283,85.56,Hired
CAND_2D8EFD,32,10,Software Engineer,Associate,HireVue,39.62,0.762,18,83.55,,Confident,22.48,4.62,51,0.566,46.16,Rejected
CAND_7FBCB0,38,22,Software Engineer,Master's,Teams,29.82,0.524,12,89.03,93.77,Confident,15.89,4.14,54,0.134,43.37,Rejected
CAND_118FE5,20,0,Marketing Analyst,Associate,Google Meet,44.33,0.712,15,100.0,89.39,Confident,,4.12,48,0.408,61.52,Rejected
CAND_EE76A8,40,21,Business Analyst,Bachelor's,Teams,57.56,0.687,8,61.23,38.37,Neutral,44.76,6.96,54,0.261,58.5,Rejected
CAND_4F376C,27,8,Sales Executive,Master's,HireVue,52.52,,11,91.96,67.11,Confident,13.87,4.21,38,0.808,64.85,Rejected
CAND_15400A,28,8,UX Designer,Bachelor's,HireVue,53.49,0.617,11,78.05,57.0,Neutral,19.76,5.94,51,0.616,62.39,Rejected
CAND_4C46DD,20,0,Data Scientist,Bachelor's,HireVue,,0.597,5,90.88,,Neutral,22.26,4.8,53,0.498,76.72,Rejected
CAND_A8B071,25,2,Software Engineer,Master's,Google Meet,70.52,0.307,5,100.0,47.57,Confident,7.04,3.65,38,0.238,84.97,Second Round
CAND_D2A431,26,4,Data Scientist,Associate,Teams,45.18,,6,100.0,77.79,Confident,28.51,6.03,39,0.617,63.78,Rejected
CAND_1B1A2D,27,7,Business Analyst,Master's,Teams,63.29,0.732,11,89.71,100.0,Confident,33.93,5.15,32,0.514,67.73,Second Round
CAND_764E20,37,12,Sales Executive,Associate,Zoom,55.14,0.339,7,69.62,43.61,Neutral,24.69,4.87,46,0.43,69.29,Second Round
CAND_75EF07,31,12,Software Engineer,Bachelor's,Zoom,53.36,0.639,18,100.0,82.49,Confident,14.22,4.63,44,0.627,64.13,On Hold
CAND_2F45DC,32,10,UX Designer,Associate,Zoom,49.4,0.575,12,88.94,96.56,Confident,24.81,4.38,51,0.698,69.9,Second Round
CAND_0190B1,30,5,Product Manager,PhD,Google Meet,86.56,,6,92.55,75.06,Confident,16.31,4.97,54,0.552,100.0,Hired
CAND_78CF2D,30,4,Marketing Analyst,Bachelor's,Teams,55.34,0.47,12,82.38,65.92,Confident,22.92,4.33,41,0.331,66.96,Hired
CAND_CACB03,34,10,Data Scientist,Bachelor's,Google Meet,86.75,0.532,4,100.0,81.79,Confident,22.79,4.5,28,0.577,89.0,Hired
CAND_C0097C,37,12,Marketing Analyst,PhD,Zoom,36.78,0.757,9,100.0,99.23,Confident,12.2,4.18,36,0.471,58.63,Rejected
CAND_A3FF8F,34,12,Marketing Analyst,Bachelor's,Teams,24.82,,11,88.8,,Neutral,17.89,4.26,43,0.233,59.84,Rejected
CAND_3265B9,28,6,UX Designer,Bachelor's,Zoom,78.53,0.673,10,79.64,52.51,Confident,,5.6,58,0.517,74.25,Second Round
CAND_2890C6,33,15,Marketing Analyst,Bachelor's,Teams,78.46,0.95,4,62.4,59.18,Neutral,56.8,6.19,35,0.193,64.67,Rejected
CAND_5E4AEC,20,0,Sales Executive,Bachelor's,HireVue,79.8,0.599,6,74.87,58.61,Neutral,26.96,4.87,39,0.628,70.44,Second Round
CAND_D6F4F1,25,2,Marketing Analyst,Associate,Teams,,0.565,7,100.0,58.5,Confident,10.93,3.7,52,0.491,62.35,Rejected
CAND_9147E2,27,1,Sales Executive,PhD,Teams,57.4,0.327,8,100.0,59.52,Confident,22.89,4.11,57,0.431,63.69,Rejected
CAND_A940FC,37,17,UX Designer,Master's,HireVue,36.36,0.864,18,75.68,57.35,Confident,42.67,5.36,47,0.0,39.34,On Hold
CAND_E37CFB,20,3,Software Engineer,Bachelor's,Teams,50.55,0.566,14,100.0,72.03,Confident,15.72,,43,0.636,70.68,Rejected
CAND_0DA868,20,0,Data Scientist,Associate,Teams,49.48,0.593,8,100.0,80.43,Confident,17.99,4.08,67,0.7,64.3,Rejected
CAND_16996D,32,8,Product Manager,Associate,HireVue,60.74,0.454,9,100.0,78.74,Confident,9.93,5.4,52,0.657,77.3,Hired
CAND_CB6A59,37,14,Product Manager,Bachelor's,Zoom,39.33,0.946,10,81.33,59.41,Confident,14.47,4.56,48,0.487,56.73,Rejected
CAND_1CAACE,20,0,UX Designer,Associate,HireVue,26.15,0.468,18,70.28,70.03,Neutral,30.46,4.88,43,0.812,38.72,Rejected
CAND_E6272A,28,0,Business Analyst,Master's,HireVue,43.22,0.768,14,95.86,93.48,Confident,16.51,5.08,63,0.345,67.29,Hired
CAND_35FE21,27,2,Software Engineer,PhD,HireVue,,0.596,9,94.34,74.08,Confident,22.58,3.94,54,0.721,90.76,Hired
CAND_980B48,30,10,Software Engineer,Bachelor's,HireVue,32.89,0.61,12,84.64,67.3,Neutral,30.27,,34,0.632,44.27,Rejected
CAND_0E1F08,29,9,Software Engineer,Bachelor's,HireVue,71.43,0.43,10,90.77,79.4,Confident,28.01,4.96,51,0.85,72.76,Second Round
CAND_B5A423,21,0,Data Scientist,Master's,Zoom,69.82,0.59,11,94.96,100.0,Neutral,28.73,5.58,54,0.692,76.39,Second Round
CAND_FD5872,23,0,Product Manager,Bachelor's,Zoom,59.83,0.598,10,100.0,100.0,Confident,15.32,4.21,43,0.377,68.9,Hired
CAND_1A28C1,29,4,Software Engineer,Associate,Zoom,63.09,0.564,10,100.0,100.0,Confident,16.5,4.22,20,0.505,87.27,Hired
CAND_C91145,23,1,Product Manager,Bachelor's,Zoom,49.69,0.825,8,87.72,67.61,Neutral,22.09,,39,0.517,64.17,Rejected
CAND_0A72B1,27,0,Business Analyst,PhD,HireVue,75.8,0.416,4,100.0,99.51,Confident,5.47,4.66,36,0.566,75.31,Second Round
CAND_283334,20,0,Data Scientist,Master's,Zoom,31.39,0.585,12,91.49,70.86,Confident,31.08,5.32,51,0.371,46.51,Rejected
CAND_FF0449,23,2,Sales Executive,PhD,Google Meet,71.77,,13,83.2,78.49,Confident,36.16,5.5,44,0.315,70.96,Hired
CAND_94A909,21,0,Product Manager,Master's,Google Meet,69.53,0.551,8,84.44,63.94,Confident,27.52,4.57,46,0.534,73.59,Hired
CAND_D8A37B,28,7,Product Manager,PhD,Teams,77.81,0.242,7,100.0,100.0,Confident,19.56,3.95,52,0.605,84.0,Hired
CAND_3040E8,30,8,Software Engineer,Master's,Google Meet,71.35,0.491,4,87.12,78.43,Confident,21.38,4.03,33,0.262,71.94,Second Round
CAND_540A1F,32,10,Marketing Analyst,Bachelor's,Teams,46.73,0.238,13,94.96,74.68,Confident,7.42,3.55,51,0.386,61.82,Rejected
CAND_FC99AD,31,17,Software Engineer,PhD,Google Meet,86.35,0.347,6,100.0,82.05,Confident,4.79,3.63,43,0.618,83.43,Rejected
CAND_CF0484,20,0,Sales Executive,Master's,HireVue,54.54,0.716,6,67.6,,Neutral,55.95,,47,0.719,58.35,Rejected
CAND_A9055D,20,0,Product Manager,Associate,Google Meet,,0.511,9,100.0,92.4,Confident,2.53,4.67,45,0.167,51.48,Rejected
CAND_AA83C2,25,10,Product Manager,Associate,HireVue,56.7,0.619,14,100.0,81.33,Neutral,7.05,3.45,42,0.669,70.83,Hired
CAND_0665FC,27,3,Marketing Analyst,Bachelor's,Teams,47.21,0.578,7,100.0,43.94,Confident,17.66,3.86,32,0.807,65.86,Second Round
CAND_7E8AA6,32,9,Business Analyst,PhD,Zoom,51.27,0.601,8,100.0,100.0,Confident,13.48,4.28,53,0.307,70.41,Second Round
CAND_C1E6E1,35,8,Data Scientist,Bachelor's,Zoom,58.85,0.311,10,100.0,85.68,Confident,2.31,3.49,34,0.465,70.05,Hired
CAND_7A664A,20,0,Data Scientist,Master's,HireVue,,0.447,8,98.2,84.29,Confident,,3.98,49,0.506,87.69,Hired
CAND_FA8973,30,3,Marketing Analyst,Associate,Google Meet,50.91,0.574,13,99.52,74.13,Confident,13.25,3.66,39,0.333,71.63,Second Round
CAND_7B82AB,27,6,HR Manager,Master's,Teams,49.88,0.588,8,100.0,97.91,Confident,16.54,3.8,42,0.796,69.12,Second Round
CAND_9AFA66,25,8,Software Engineer,PhD,Google Meet,53.66,0.546,9,100.0,100.0,Confident,14.58,4.66,48,0.671,70.98,Hired
CAND_BE7C26,36,8,UX Designer,Associate,Zoom,46.35,0.934,10,100.0,70.36,Confident,3.08,3.45,33,0.539,60.38,On Hold
CAND_35EC0F,29,6,Software Engineer,Associate,Google Meet,37.1,0.715,12,74.02,44.56,Neutral,45.05,5.75,38,0.336,47.82,Rejected
CAND_690987,23,0,Product Manager,Bachelor's,HireVue,63.34,0.597,8,82.49,55.35,Confident,18.4,4.43,41,0.133,66.02,Rejected
CAND_40AC54,23,0,HR Manager,Master's,HireVue,60.82,0.824,13,83.98,50.17,Neutral,15.32,5.38,42,0.404,68.24,Hired
CAND_73E68A,35,12,Product Manager,Master's,Google Meet,72.22,,11,100.0,72.79,Confident,13.21,3.44,43,0.311,88.25,Hired
CAND_950510,36,16,Marketing Analyst,Associate,Google Meet,62.3,0.49,4,90.08,100.0,Neutral,20.2,4.61,20,0.32,66.21,Second Round
CAND_7B39DC,30,9,Product Manager,Bachelor's,Teams,61.5,0.638,15,83.76,72.71,Confident,28.53,5.34,47,0.525,68.57,Hired
CAND_60358A,23,1,HR Manager,PhD,Google Meet,56.13,0.846,10,100.0,90.56,Confident,15.31,6.42,58,0.489,67.57,Rejected
CAND_070EE0,33,6,Software Engineer,Master's,Zoom,35.28,0.743,10,100.0,67.54,Confident,14.91,4.3,44,0.5,48.04,Rejected
CAND_072CDD,25,5,Sales Executive,Master's,Zoom,47.42,0.572,6,91.99,75.99,Neutral,20.15,4.65,57,0.263,68.57,Hired
CAND_6EAD47,22,0,Software Engineer,Master's,Teams,60.66,0.592,8,87.03,46.48,Confident,35.03,5.86,49,0.819,66.09,Second Round
CAND_3CC163,20,2,HR Manager,Master's,Google Meet,137.0,0.75,1,100.0,88.5,Confident,17.86,4.02,51,0.643,88.14,Hired
CAND_8C8595,33,11,Sales Executive,Master's,Zoom,77.53,0.791,3,100.0,,Confident,23.42,5.1,30,0.564,84.62,Second Round
CAND_A3C57B,24,0,Data Scientist,Bachelor's,Google Meet,38.63,0.515,15,100.0,100.0,Confident,9.13,4.05,40,0.334,49.73,On Hold
CAND_A72CFF,25,5,Software Engineer,Bachelor's,HireVue,79.08,0.565,7,91.2,57.48,Confident,13.02,4.21,61,0.657,87.7,Hired
CAND_E3B24A,27,3,Product Manager,Master's,Teams,44.17,0.766,12,100.0,83.32,Neutral,13.61,4.31,50,0.385,67.11,Rejected
CAND_95D209,22,0,Sales Executive,Associate,Zoom,55.17,0.748,13,100.0,93.28,Confident,4.44,3.98,39,0.603,77.53,Hired
CAND_A06706,27,7,Business Analyst,PhD,Zoom,79.92,0.4,12,100.0,96.19,Confident,7.77,3.9,32,0.43,77.6,Rejected
CAND_448A0F,33,10,HR Manager,Associate,Google Meet,67.46,0.585,11,100.0,89.38,Confident,16.17,5.31,35,0.55,75.65,Rejected
CAND_9D5660,26,0,Software Engineer,Bachelor's,Google Meet,78.05,0.513,9,83.51,55.77,Neutral,17.66,5.53,47,0.516,75.54,Hired
CAND_0BFD90,30,3,HR Manager,Bachelor's,Zoom,66.82,0.593,4,100.0,73.41,Confident,20.67,4.56,36,0.509,78.22,Hired
CAND_E991BF,20,0,Sales Executive,Bachelor's,Zoom,85.74,0.483,10,89.91,82.04,Confident,28.05,5.25,30,0.259,81.64,Hired
CAND_301621,31,5,Business Analyst,Bachelor's,Google Meet,,0.622,6,93.39,85.84,Neutral,12.17,3.66,45,0.235,81.49,Hired
CAND_091A5F,40,17,Product Manager,PhD,Teams,83.35,0.806,11,100.0,83.77,Confident,8.48,,35,0.508,90.45,Hired
CAND_09510E,22,3,Marketing Analyst,Bachelor's,Zoom,81.94,0.618,2,85.31,63.71,Confident,13.22,4.74,28,0.115,87.91,Hired
CAND_4CD429,31,5,UX Designer,PhD,HireVue,78.15,0.333,7,100.0,100.0,Confident,5.3,3.08,46,0.629,82.01,Second Round
CAND_2B07CF,23,2,HR Manager,PhD,Google Meet,41.89,0.75,10,100.0,94.35,Confident,12.07,4.03,37,0.616,52.7,Rejected
CAND_8F7A7A,31,7,Marketing Analyst,Associate,HireVue,64.61,0.694,11,83.74,61.35,Confident,23.23,5.19,43,0.728,74.91,Rejected
CAND_4FD161,29,10,Software Engineer,Bachelor's,Zoom,,0.522,7,100.0,84.22,Confident,19.58,4.91,68,0.695,70.57,Rejected
CAND_3F82AD,20,1,Software Engineer,Master's,Zoom,59.46,0.618,11,100.0,90.65,Confident,8.03,4.73,39,0.922,65.68,Second Round
CAND_89AC96,20,0,Product Manager,Master's,HireVue,59.12,0.607,11,82.18,89.33,Neutral,29.99,5.34,48,0.277,64.15,Rejected
CAND_098977,35,12,Software Engineer,Master's,HireVue,62.23,0.509,8,62.16,60.35,Neutral,54.03,6.49,38,0.405,54.26,Rejected
CAND_33BD0E,42,19,Data Scientist,Associate,Google Meet,36.1,0.889,14,100.0,100.0,Confident,0.76,3.2,48,0.514,45.49,Rejected
CAND_CC6EB5,36,13,Sales Executive,Master's,Google Meet,41.86,,10,58.92,43.52,Confident,30.09,5.53,61,0.398,39.49,Rejected
CAND_8300F7,23,1,HR Manager,PhD,Teams,62.29,0.553,8,95.22,90.79,Confident,16.02,4.48,50,0.87,75.77,Hired
CAND_D142E1,20,0,Business Analyst,Associate,Zoom,83.17,0.628,12,100.0,81.83,Confident,17.62,6.74,60,0.136,83.83,Hired
CAND_DC1AC8,35,15,Data Scientist,Master's,Google Meet,125.72,0.606,3,57.37,68.04,Neutral,64.29,6.13,44,0.486,68.18,Rejected
CAND_A525E9,31,5,HR Manager,Bachelor's,Teams,62.47,0.72,13,100.0,100.0,Confident,21.4,4.3,61,0.347,72.49,Hired
CAND_B36500,28,6,Business Analyst,Bachelor's,Google Meet,,0.391,7,82.18,48.39,Confident,,5.99,42,0.573,60.05,Rejected
CAND_D3CA15,38,19,Data Scientist,Bachelor's,Zoom,64.04,0.525,11,79.92,85.6,Confident,45.38,5.54,46,0.188,67.49,Second Round
CAND_08F5E0,30,9,Software Engineer,PhD,HireVue,56.75,0.638,12,100.0,87.61,Neutral,13.68,4.87,51,0.378,63.51,Rejected
CAND_5245EA,20,0,Data Scientist,Master's,Teams,66.41,0.257,8,100.0,,Confident,6.28,3.32,24,0.64,80.11,Hired
CAND_161222,23,0,Software Engineer,Bachelor's,Teams,43.37,0.514,12,88.13,55.82,Confident,25.61,4.41,52,0.15,43.78,Rejected
CAND_E24327,32,13,HR Manager,Bachelor's,Google Meet,39.06,0.511,17,100.0,68.98,Confident,9.11,3.95,50,0.816,57.1,Rejected
CAND_908F61,33,13,Marketing Analyst,PhD,Zoom,29.54,0.613,18,73.89,56.62,Neutral,34.28,5.06,40,0.584,35.6,On Hold
CAND_91F85B,29,7,HR Manager,PhD,Teams,61.89,0.436,8,100.0,96.74,Confident,10.71,3.92,27,0.981,75.23,Second Round
CAND_508E80,20,0,Marketing Analyst,PhD,HireVue,39.11,0.678,18,89.68,80.71,Confident,10.18,3.42,48,0.593,52.28,Rejected
CAND_14BA72,20,0,Product Manager,Master's,HireVue,70.37,0.617,5,85.31,100.0,Confident,28.27,4.9,55,0.39,72.39,Second Round
CAND_F96C36,39,16,Marketing Analyst,Associate,Zoom,70.03,0.762,6,91.12,84.21,Confident,27.77,,43,0.521,70.22,Hired
CAND_D7EE89,37,16,Business Analyst,Master's,Zoom,59.55,0.483,11,97.78,82.55,Confident,7.96,4.22,20,0.579,66.83,Hired
CAND_64AF50,35,14,UX Designer,PhD,HireVue,70.99,0.492,11,100.0,69.19,Confident,,3.9,23,0.651,76.41,Rejected
CAND_3B7D46,25,4,Business Analyst,Associate,Zoom,85.14,0.584,3,72.14,79.35,Neutral,25.62,4.8,46,0.78,85.31,Hired
CAND_05E410,29,7,Product Manager,Master's,Google Meet,66.5,0.725,12,100.0,100.0,Confident,15.89,5.45,56,0.14,69.73,Second Round
CAND_E30C88,39,17,Product Manager,Associate,Teams,47.51,0.528,9,87.59,69.48,Confident,27.37,5.11,41,0.789,58.01,Rejected
CAND_3CAFA9,29,8,HR Manager,Associate,HireVue,52.41,0.561,7,81.26,89.18,Neutral,31.37,5.68,56,0.447,59.69,Rejected
CAND_5F6FC5,30,7,HR Manager,Master's,Teams,36.39,0.542,4,100.0,65.64,Confident,6.77,3.57,52,0.605,57.57,Rejected
CAND_516BC4,20,0,Sales Executive,Associate,HireVue,21.22,0.441,13,85.14,61.96,Neutral,22.87,5.77,32,0.44,45.8,On Hold
CAND_FAFB0C,28,3,Marketing Analyst,Associate,HireVue,53.57,0.618,12,61.74,53.81,Slouched,37.52,5.18,49,0.802,46.53,Rejected
CAND_210D55,20,0,Software Engineer,Master's,Google Meet,73.09,0.95,5,96.57,83.45,Confident,15.89,5.85,28,0.729,88.75,Hired
CAND_F7D7BC,21,0,Marketing Analyst,Associate,Google Meet,,0.759,1,100.0,88.8,Neutral,29.71,5.23,57,0.225,100.0,Hired
CAND_854D6C,28,10,Business Analyst,PhD,Teams,73.63,0.578,7,100.0,61.13,Confident,12.29,4.87,45,0.443,85.62,Hired
CAND_B99A16,20,0,HR Manager,Associate,Teams,59.38,0.444,10,79.54,62.19,Confident,38.85,6.76,40,0.672,67.86,Second Round
CAND_4C75E4,20,0,Data Scientist,PhD,HireVue,62.98,0.456,7,100.0,89.0,Confident,8.47,4.33,50,0.605,76.69,Hired
CAND_935564,30,8,Business Analyst,Master's,Google Meet,37.65,,11,92.68,83.0,Confident,33.88,4.66,54,0.753,55.35,Rejected
CAND_5EB2D1,20,1,Software Engineer,Associate,Google Meet,,0.805,11,90.21,58.79,Neutral,8.47,3.86,48,0.146,69.28,Hired
CAND_7679F8,25,1,Data Scientist,Bachelor's,Zoom,39.22,0.67,8,67.02,60.8,Confident,54.14,5.86,59,0.275,42.94,Rejected
CAND_647B6D,35,13,UX Designer,Bachelor's,Teams,90.53,0.631,2,100.0,76.63,Confident,12.22,4.13,34,0.642,91.61,Hired
CAND_071BC5,31,7,HR Manager,Master's,Google Meet,60.61,0.549,5,100.0,85.75,Confident,9.38,4.36,36,0.123,76.56,Hired
CAND_5C808F,30,6,Marketing Analyst,Master's,Zoom,76.46,0.468,7,96.04,87.89,Confident,32.28,5.48,42,0.276,96.33,Hired
CAND_05E5C0,20,0,HR Manager,Bachelor's,HireVue,52.75,0.555,10,78.92,46.47,Neutral,20.17,4.72,40,0.808,53.64,Rejected
CAND_BD6D55,22,0,Business Analyst,Bachelor's,Zoom,69.52,0.31,7,100.0,60.85,Confident,17.51,3.93,27,0.672,74.45,Hired
CAND_F75793,26,1,Data Scientist,Master's,Google Meet,62.41,0.712,8,92.51,100.0,Confident,9.58,4.07,29,0.821,67.34,Hired
CAND_91C728,36,11,Marketing Analyst,Bachelor's,Teams,,0.563,2,100.0,100.0,Neutral,11.45,3.95,36,0.523,81.12,Rejected
CAND_52A334,23,1,Data Scientist,Associate,Zoom,67.81,0.544,8,100.0,90.41,Confident,6.73,3.44,41,0.372,83.32,Hired
CAND_758217,35,10,HR Manager,Bachelor's,Teams,70.63,0.578,8,96.09,100.0,Confident,22.47,4.68,57,0.769,71.01,Rejected
CAND_EC82B6,23,4,HR Manager,Bachelor's,Zoom,51.06,0.651,10,88.79,77.52,Confident,20.46,4.18,43,0.794,60.6,Rejected
CAND_A1EEDD,41,17,UX Designer,Bachelor's,HireVue,70.67,0.46,11,100.0,87.03,Confident,7.6,,44,0.588,71.01,Hired
CAND_F7365A,23,0,Software Engineer,Bachelor's,Zoom,,0.605,10,92.18,,Confident,8.71,3.63,37,0.501,77.51,Rejected
CAND_5DF4BD,20,2,Software Engineer,Master's,Google Meet,58.91,0.567,9,77.88,88.79,Neutral,15.52,4.51,50,0.424,66.59,Hired
CAND_05757C,30,7,Data Scientist,Master's,Zoom,55.45,0.44,9,100.0,73.84,Confident,9.77,3.61,52,0.041,74.6,Second Round
CAND_970D66,20,0,Data Scientist,Associate,HireVue,80.28,0.746,5,99.17,74.71,Confident,31.93,5.0,44,0.859,82.34,Second Round
CAND_7FA387,25,1,HR Manager,Master's,Google Meet,65.72,0.693,10,100.0,95.63,Confident,6.48,3.09,28,0.3,89.45,Hired
CAND_022B69,20,0,Software Engineer,PhD,Zoom,88.1,0.473,6,100.0,71.1,Confident,21.51,5.81,37,0.8,66.48,Rejected
CAND_AE018E,31,3,Sales Executive,PhD,Google Meet,61.38,0.382,7,100.0,67.74,Neutral,28.5,4.98,49,0.101,65.56,Second Round
CAND_2A4418,39,16,Data Scientist,Master's,HireVue,71.51,0.445,5,94.08,59.61,Neutral,5.9,3.99,64,0.57,86.8,Hired
CAND_90C978,31,9,Product Manager,Bachelor's,Zoom,54.42,0.464,11,91.68,73.73,Confident,,4.9,40,0.695,66.64,Second Round
CAND_3A5AB8,34,9,Sales Executive,Bachelor's,HireVue,35.28,0.706,9,100.0,100.0,Confident,13.12,3.84,47,0.61,55.37,Rejected
CAND_3A0F16,41,19,Software Engineer,Master's,HireVue,98.66,0.716,9,74.57,55.09,Neutral,42.16,5.43,43,0.172,96.46,Hired
CAND_8C627D,27,7,Data Scientist,Associate,Zoom,,0.555,5,79.52,76.56,Neutral,20.01,4.62,47,0.618,79.06,Second Round
CAND_8DD371,27,3,Sales Executive,Master's,Teams,66.33,0.638,8,100.0,88.32,Confident,20.71,4.69,44,0.395,86.39,Hired
CAND_5FCE0E,22,0,HR Manager,PhD,HireVue,69.35,0.283,9,83.3,,Confident,26.31,4.6,35,0.649,76.19,Rejected
CAND_6DCA55,30,13,UX Designer,Associate,Google Meet,82.17,0.638,3,100.0,73.45,Confident,1.86,3.26,49,0.602,88.04,Hired
CAND_F25FF1,32,14,HR Manager,Bachelor's,Zoom,,0.288,13,100.0,88.82,Confident,4.78,3.48,40,0.271,60.5,On Hold
CAND_425933,20,0,Software Engineer,PhD,Google Meet,78.73,0.355,6,70.62,75.78,Neutral,24.81,4.54,50,0.525,73.06,Second Round
CAND_BC5129,20,3,Software Engineer,Bachelor's,Teams,45.17,0.738,8,100.0,100.0,Confident,2.79,,51,0.577,64.22,Rejected
CAND_23A669,22,1,Marketing Analyst,Master's,Teams,51.74,0.435,9,100.0,48.89,Confident,8.89,3.58,42,0.821,76.63,Rejected
CAND_32A546,32,10,Product Manager,Master's,Zoom,40.78,0.583,11,100.0,96.14,Confident,13.51,3.64,45,0.567,50.36,Rejected
CAND_116217,31,11,HR Manager,Associate,Google Meet,66.03,0.934,12,100.0,100.0,Confident,9.17,3.31,46,0.465,83.86,Hired
CAND_4A2EC3,21,0,Sales Executive,Bachelor's,HireVue,58.31,0.52,7,94.07,70.04,Confident,30.43,5.86,44,0.494,62.71,Rejected
CAND_510C16,24,0,Business Analyst,Bachelor's,HireVue,37.81,0.483,11,87.24,67.2,Neutral,28.12,5.09,49,0.379,46.74,Rejected
CAND_074DC6,40,22,Business Analyst,Master's,Zoom,31.77,0.87,8,100.0,86.12,Confident,8.9,,51,0.409,49.98,Rejected
CAND_51AE56,21,2,HR Manager,PhD,Teams,66.68,0.434,15,100.0,100.0,Confident,13.01,3.98,57,0.019,86.89,Hired
CAND_AC6AE3,39,18,Software Engineer,Master's,Teams,36.74,0.497,7,100.0,77.69,Confident,3.34,3.34,44,0.607,63.41,On Hold
CAND_F59087,28,0,Marketing Analyst,Master's,Google Meet,72.83,0.427,8,95.88,95.83,Confident,29.57,,37,0.495,81.19,Rejected
CAND_7CD082,20,0,Data Scientist,Master's,Teams,65.2,0.531,9,100.0,73.11,Confident,16.28,5.2,64,0.808,80.48,Rejected
CAND_B93E2D,45,16,Data Scientist,Master's,Zoom,50.75,0.471,13,97.01,100.0,Neutral,20.79,4.12,46,0.246,68.82,Second Round
CAND_16DA63,36,12,Data Scientist,Bachelor's,Google Meet,24.67,0.791,10,81.58,90.6,Confident,16.94,4.22,39,0.504,55.18,Rejected
CAND_7E6349,28,7,Data Scientist,PhD,Zoom,74.92,0.694,4,59.67,37.05,Neutral,40.75,5.73,56,0.445,64.29,On Hold
CAND_8FB39C,36,7,Business Analyst,Associate,Google Meet,79.28,0.436,8,90.67,59.29,Confident,11.2,5.17,45,0.522,79.49,Rejected
CAND_7AC7B1,33,10,UX Designer,PhD,Teams,56.98,0.585,10,76.77,83.06,Neutral,27.4,4.95,40,0.489,55.16,Rejected
CAND_B0A800,33,9,Data Scientist,Bachelor's,Google Meet,60.53,0.763,5,100.0,83.88,Confident,18.18,4.62,29,0.386,76.99,Hired
CAND_A594CC,25,0,Sales Executive,Associate,Google Meet,81.58,0.89,5,53.04,40.49,Neutral,62.29,6.55,58,1.0,50.34,Rejected
CAND_0CDA8C,20,0,Sales Executive,Associate,Zoom,80.01,0.63,8,100.0,100.0,Confident,3.35,3.67,45,0.748,76.41,Hired
CAND_6E0012,27,0,Business Analyst,PhD,Zoom,86.23,0.263,4,86.57,76.59,Neutral,33.58,6.08,39,0.511,72.79,Hired
CAND_84E0E6,41,18,Sales Executive,Associate,Google Meet,75.85,0.416,3,100.0,100.0,Confident,11.21,4.95,53,0.612,92.75,Hired
CAND_027F9D,27,1,UX Designer,PhD,HireVue,69.85,0.575,10,100.0,100.0,Confident,19.22,4.6,52,0.203,79.24,Hired
CAND_20BF42,30,5,Business Analyst,PhD,Teams,65.51,0.5,9,100.0,100.0,Neutral,2.29,3.98,56,0.79,77.73,Second Round
CAND_9BEB45,20,0,Software Engineer,Associate,Teams,,0.467,9,100.0,86.08,Confident,3.92,4.05,52,0.906,62.15,Rejected
CAND_60B04E,31,8,Product Manager,PhD,Google Meet,47.29,0.543,9,100.0,98.05,Confident,6.99,3.84,45,0.475,58.08,Rejected
CAND_900A26,30,8,Business Analyst,PhD,HireVue,35.95,0.6,6,100.0,,Confident,2.05,3.32,52,0.541,58.45,Rejected
CAND_BC95F2,26,0,Software Engineer,PhD,Zoom,35.03,0.754,9,89.0,81.33,Neutral,37.56,6.02,47,0.573,47.79,Rejected
CAND_DBC96A,20,0,UX Designer,Bachelor's,HireVue,75.11,0.631,6,99.42,68.36,Confident,26.13,4.36,46,0.386,87.62,Second Round
CAND_BAFCDB,37,11,Marketing Analyst,Associate,Teams,80.89,0.391,4,100.0,90.53,Confident,12.16,,45,0.299,87.31,Hired
CAND_FFA676,40,21,UX Designer,Bachelor's,HireVue,77.68,0.366,4,100.0,55.81,Confident,11.94,3.83,44,0.236,88.84,Hired
CAND_14D5EF,33,6,Software Engineer,Master's,HireVue,72.57,0.707,9,88.0,91.72,Neutral,17.74,4.53,38,0.285,83.18,Hired
CAND_CB4EDC,31,9,Marketing Analyst,PhD,HireVue,66.88,0.51,9,100.0,94.3,Confident,20.55,4.91,49,0.465,74.8,Hired
CAND_C79F55,30,7,Software Engineer,Master's,Teams,72.16,0.573,10,94.58,100.0,Neutral,21.5,4.86,43,1.0,78.37,Second Round
CAND_2A3B90,42,21,HR Manager,Associate,Teams,31.21,0.745,10,75.33,39.59,Neutral,16.14,4.7,41,0.39,45.89,Rejected
CAND_461747,37,19,Marketing Analyst,Bachelor's,HireVue,35.14,0.332,10,78.5,61.31,Neutral,34.21,5.8,39,0.498,43.17,Rejected
CAND_38D421,21,1,Software Engineer,Associate,HireVue,,0.561,6,100.0,74.8,Confident,5.97,3.6,56,0.516,85.16,Hired
CAND_76C4AE,21,0,Data Scientist,Master's,Google Meet,92.4,0.726,0,86.23,76.88,Confident,40.26,5.5,41,0.307,88.66,Hired
CAND_8E6C19,28,7,HR Manager,Associate,HireVue,64.63,0.658,9,100.0,90.82,Confident,13.83,4.09,39,0.66,77.33,Rejected
CAND_1B29E3,38,15,Product Manager,Master's,HireVue,78.0,0.741,6,97.6,53.3,Confident,8.63,3.89,48,0.596,87.63,Hired
CAND_25521F,49,26,Software Engineer,Associate,Zoom,77.63,0.499,6,66.7,56.04,Neutral,26.18,4.28,29,0.783,79.86,Second Round
CAND_864BB1,24,4,HR Manager,Master's,Teams,31.39,0.47,10,70.48,50.48,Neutral,20.28,,53,0.202,42.61,Rejected
CAND_EB5F16,27,6,Business Analyst,Master's,Google Meet,72.6,0.678,3,100.0,,Confident,4.02,3.92,40,0.386,80.23,Second Round
CAND_6F2A0D,36,12,Product Manager,Associate,Teams,14.75,0.716,17,83.05,74.42,Confident,17.71,4.91,46,0.531,40.92,Rejected
CAND_4D49C4,29,3,Data Scientist,PhD,HireVue,66.1,0.791,4,100.0,94.95,Neutral,12.72,4.02,30,0.88,81.64,Rejected
CAND_621125,29,7,Software Engineer,PhD,Teams,54.25,0.634,8,83.38,69.25,Confident,37.0,5.27,56,0.443,64.4,Rejected
CAND_D63AA1,32,10,Business Analyst,Associate,HireVue,63.34,0.535,8,100.0,85.81,Confident,6.25,3.46,62,0.14,81.52,Rejected
CAND_026C19,20,2,Sales Executive,Associate,Google Meet,79.92,0.651,4,85.08,88.17,Confident,24.4,4.61,44,0.512,83.33,Second Round
CAND_718B46,20,0,HR Manager,Bachelor's,Zoom,70.04,0.851,8,78.39,89.59,Confident,29.15,5.11,34,0.313,76.43,Hired
CAND_C071F3,29,0,Marketing Analyst,Master's,Teams,87.21,0.671,7,100.0,58.72,Neutral,11.04,4.76,49,0.678,84.25,Rejected
CAND_F24D47,31,7,Product Manager,Associate,Teams,79.9,0.608,7,100.0,100.0,Confident,19.66,4.76,31,0.472,80.69,Second Round
CAND_8DAD0F,20,0,Product Manager,Master's,HireVue,36.44,0.425,18,100.0,81.67,Neutral,4.88,4.09,51,0.152,51.87,Rejected
CAND_6B51AB,23,6,Sales Executive,PhD,HireVue,58.04,0.605,7,95.67,89.88,Confident,6.16,4.93,31,0.576,76.49,Hired
CAND_078DE8,24,0,Sales Executive,Bachelor's,HireVue,81.23,0.562,11,100.0,100.0,Confident,12.05,3.96,46,0.339,88.19,Hired
CAND_1CFD93,20,0,Product Manager,PhD,Zoom,75.38,0.917,7,75.7,84.14,Neutral,40.73,5.18,55,0.884,86.85,Hired
CAND_81B0DE,42,20,HR Manager,Master's,Zoom,77.09,0.688,9,100.0,91.23,Confident,6.61,3.41,44,0.351,88.29,Hired
CAND_D0E6E8,30,10,HR Manager,Bachelor's,Teams,69.84,0.661,9,92.69,75.06,Neutral,17.45,4.36,42,0.354,72.51,Hired
CAND_14043F,37,12,Product Manager,Bachelor's,Teams,56.21,0.591,11,100.0,65.92,Neutral,5.98,3.53,53,0.072,67.97,Hired
CAND_4641EF,33,9,Software Engineer,Bachelor's,Google Meet,,0.502,7,100.0,67.28,Confident,18.25,5.39,40,0.254,88.08,Hired
CAND_ADF098,34,17,Sales Executive,Bachelor's,Zoom,61.17,0.22,10,100.0,83.82,Confident,12.25,3.41,36,0.417,57.03,Rejected
CAND_51AD81,21,0,Data Scientist,Associate,HireVue,66.7,0.598,5,58.5,50.6,Confident,57.23,5.92,30,0.343,63.69,On Hold
CAND_D005DC,20,0,UX Designer,Bachelor's,HireVue,82.88,0.401,5,79.07,70.75,Confident,,4.84,34,0.682,94.68,Hired
CAND_D89392,34,9,Software Engineer,PhD,Zoom,50.71,0.773,10,91.76,69.89,Confident,27.18,6.85,41,0.463,52.61,Rejected
CAND_AE9CF6,36,12,UX Designer,Master's,Teams,48.98,,10,80.32,,Neutral,21.82,4.21,45,0.347,47.74,Rejected
CAND_795DD8,32,8,Product Manager,PhD,Google Meet,61.29,0.552,10,91.08,84.29,Confident,13.91,4.22,27,0.903,74.53,Second Round
CAND_CD96EC,38,17,Data Scientist,Associate,Teams,75.55,0.619,11,96.95,96.0,Confident,,5.09,50,0.908,96.24,Hired
CAND_3B5009,32,9,HR Manager,Master's,Zoom,57.2,0.722,15,100.0,100.0,Confident,3.89,3.8,36,0.606,73.28,Second Round
CAND_39CABF,23,0,Software Engineer,Associate,Google Meet,54.68,0.868,13,100.0,100.0,Confident,10.54,4.7,50,0.465,74.58,Rejected
CAND_7AB873,32,9,Business Analyst,PhD,Zoom,78.76,0.691,9,100.0,100.0,Confident,43.71,6.47,53,0.586,78.32,Hired
CAND_D4F30F,40,14,UX Designer,Master's,HireVue,43.81,0.388,9,72.86,73.69,Neutral,29.32,4.74,48,0.335,47.43,Rejected
CAND_4B06DD,31,9,Product Manager,Bachelor's,Teams,64.31,0.752,8,100.0,92.15,Confident,17.06,3.86,39,0.595,70.19,Second Round
CAND_210227,41,20,HR Manager,Master's,Google Meet,59.12,0.717,12,98.52,68.67,Neutral,22.58,4.91,45,0.46,69.1,Hired
CAND_C88D6C,39,19,HR Manager,Bachelor's,Teams,58.91,0.447,6,100.0,100.0,Confident,2.68,3.18,56,0.695,71.34,Second Round
CAND_624CCA,41,15,HR Manager,Associate,HireVue,58.49,0.641,10,100.0,75.77,Neutral,13.8,3.93,60,0.496,75.61,Rejected
CAND_5DBCA8,35,15,Sales Executive,Master's,Google Meet,,0.541,5,100.0,89.26,Confident,2.65,4.79,39,0.68,63.22,Rejected
CAND_5588EE,32,9,Sales Executive,PhD,Google Meet,57.93,0.539,14,100.0,100.0,Confident,25.91,5.51,30,0.0,72.59,Hired
CAND_5C4E20,26,1,HR Manager,PhD,Zoom,26.15,0.876,13,100.0,62.79,Confident,2.49,3.51,40,0.387,60.27,Rejected
CAND_8182E6,31,6,Business Analyst,Associate,Zoom,85.97,0.534,6,100.0,82.93,Confident,23.0,4.88,56,0.402,89.81,Hired
CAND_C90B71,33,9,Data Scientist,Master's,Zoom,73.07,0.645,5,95.67,100.0,Confident,22.58,4.64,48,0.191,87.6,Hired
CAND_9F69B0,39,19,Business Analyst,PhD,Teams,64.43,0.574,12,92.15,79.02,Confident,9.62,4.47,49,0.47,66.24,Hired
CAND_7BC8C3,23,0,Software Engineer,Master's,Teams,53.4,0.512,12,88.97,63.01,Neutral,14.08,4.22,31,0.439,52.65,Rejected
CAND_5D5313,40,13,UX Designer,Master's,Teams,79.64,0.676,2,100.0,96.78,Confident,25.78,,45,0.485,77.53,Second Round
CAND_A40847,38,12,UX Designer,PhD,Zoom,,0.44,8,100.0,86.29,Confident,5.85,4.59,63,0.337,83.35,Hired
CAND_488F35,35,10,Business Analyst,PhD,Zoom,66.07,0.57,12,100.0,84.36,Confident,7.97,3.61,37,0.452,80.86,Second Round
CAND_20C1EF,20,0,UX Designer,PhD,Google Meet,74.64,0.493,7,77.16,73.28,Neutral,29.1,4.9,44,0.206,77.21,Rejected
CAND_9F3A22,32,12,Software Engineer,Master's,HireVue,62.13,0.75,7,100.0,100.0,Confident,20.93,,45,0.552,77.18,Rejected
CAND_379AF7,27,1,Marketing Analyst,Master's,Teams,67.07,0.45,9,100.0,82.03,Confident,1.29,3.15,51,0.375,83.7,Rejected
CAND_1EDC16,44,18,UX Designer,Master's,Google Meet,69.51,0.618,8,100.0,76.7,Confident,18.62,,37,0.681,84.74,Hired
CAND_04D9DA,31,10,Product Manager,Associate,Teams,51.17,0.726,8,100.0,100.0,Confident,17.99,4.46,46,0.438,71.94,Second Round
CAND_F7CAD6,27,2,UX Designer,Bachelor's,Teams,20.94,0.448,10,100.0,96.71,Confident,3.75,3.77,42,0.39,55.76,Rejected
CAND_49A671,26,2,Marketing Analyst,Bachelor's,Teams,58.45,,9,93.12,62.58,Confident,26.76,4.25,28,0.816,73.92,Second Round
CAND_50F839,29,7,Business Analyst,Associate,Google Meet,40.04,,7,91.41,100.0,Confident,25.55,5.28,48,0.591,56.77,On Hold
CAND_3FEF66,37,17,Product Manager,Bachelor's,Zoom,51.67,0.726,8,100.0,88.18,Confident,8.48,6.28,27,0.478,66.78,Rejected
CAND_772C05,21,0,HR Manager,Master's,Zoom,56.83,0.71,11,100.0,100.0,Confident,25.51,5.4,41,0.396,57.74,Rejected
CAND_DC784F,31,10,Business Analyst,PhD,Teams,51.32,0.555,8,95.5,88.76,Confident,14.32,3.66,57,0.736,62.3,Rejected
CAND_453D65,40,21,Product Manager,PhD,Zoom,44.81,0.522,10,85.87,75.69,Confident,39.97,5.88,46,0.896,61.97,On Hold
CAND_A098F6,45,25,Business Analyst,Bachelor's,Teams,76.45,0.456,8,100.0,66.29,Confident,8.68,5.77,35,0.642,83.74,Second Round
CAND_33873C,28,9,Data Scientist,Master's,Zoom,46.27,,8,93.91,89.22,Confident,,4.22,55,0.819,65.24,Second Round
CAND_C40CC3,20,1,HR Manager,Master's,HireVue,47.38,0.659,9,100.0,96.51,Confident,16.27,4.32,54,0.533,56.2,Rejected
CAND_5E3EF0,20,0,Business Analyst,Master's,HireVue,88.15,0.709,7,100.0,71.43,Neutral,8.44,4.09,48,0.506,98.59,Hired
CAND_0283D3,30,4,Product Manager,Bachelor's,HireVue,72.63,0.697,5,96.1,83.35,Confident,13.98,,42,0.27,76.65,Hired
CAND_FCEEA6,21,0,UX Designer,Bachelor's,Zoom,44.31,,7,90.34,98.03,Confident,5.47,4.03,45,0.406,59.91,Rejected
CAND_148FF7,29,7,Marketing Analyst,PhD,Teams,64.16,0.748,6,79.49,,Neutral,35.13,5.76,42,0.683,68.9,Hired
CAND_358248,24,0,Product Manager,Bachelor's,Zoom,77.67,0.462,7,75.34,58.59,Neutral,,4.85,40,0.522,75.96,Hired
CAND_33219B,33,12,Business Analyst,PhD,Zoom,54.57,0.464,8,100.0,100.0,Confident,4.87,3.68,60,0.272,75.12,Hired
CAND_1FB8B0,29,8,UX Designer,Master's,Zoom,58.89,0.603,13,78.67,79.02,Confident,26.41,4.72,52,0.441,67.65,Second Round
CAND_74EC24,28,5,UX Designer,Bachelor's,HireVue,32.6,0.614,13,91.76,87.67,Neutral,15.0,4.24,42,0.256,45.58,Rejected
CAND_48F4DD,24,0,Sales Executive,Master's,Google Meet,75.18,0.542,8,100.0,100.0,Confident,9.54,3.39,33,0.49,70.8,Rejected
CAND_AAF829,27,6,Business Analyst,PhD,Teams,30.81,0.526,10,100.0,100.0,Confident,21.8,6.14,48,0.516,47.16,Rejected
CAND_1970A6,34,10,UX Designer,PhD,Google Meet,55.32,0.615,5,97.36,100.0,Neutral,31.8,4.71,50,0.565,67.0,Hired
CAND_E5058B,37,17,Data Scientist,Master's,Zoom,56.01,0.461,6,100.0,,Confident,17.14,4.93,65,0.621,69.15,Rejected
CAND_C30E58,20,0,Sales Executive,Associate,Zoom,61.37,0.348,13,100.0,75.31,Confident,,5.53,48,0.608,73.86,Rejected
CAND_44F66F,24,1,HR Manager,Master's,Teams,66.41,0.451,6,82.31,77.08,Confident,24.41,,41,0.3,70.53,Rejected
CAND_DA9D6C,31,10,HR Manager,PhD,Zoom,58.1,0.349,9,78.57,77.62,Neutral,39.42,6.17,49,0.566,70.0,Hired
CAND_BEAAFA,44,25,Software Engineer,Master's,Google Meet,56.87,0.667,14,69.82,73.53,Neutral,45.29,5.76,37,0.658,54.76,Rejected
CAND_0B1DFB,22,0,Marketing Analyst,Associate,Google Meet,58.57,0.806,9,100.0,100.0,Confident,,3.93,21,0.962,65.58,Rejected
CAND_1FFAAD,28,2,Business Analyst,PhD,Teams,53.5,0.488,6,100.0,78.19,Confident,2.76,3.96,52,0.493,72.75,Rejected
CAND_491C7C,29,6,Business Analyst,Associate,HireVue,29.42,0.509,15,90.37,80.61,Neutral,17.93,,52,0.247,44.6,Rejected
CAND_0E8188,20,0,Software Engineer,PhD,HireVue,74.2,0.608,5,100.0,76.16,Confident,5.83,3.75,46,0.542,89.83,Hired
CAND_672F4D,35,7,Product Manager,PhD,Google Meet,67.93,0.7,10,100.0,71.09,Confident,20.02,4.79,48,0.774,68.37,Rejected
CAND_9B01F2,25,0,Business Analyst,PhD,Zoom,67.34,0.649,10,96.96,58.73,Confident,17.09,4.58,39,0.664,67.18,Rejected
CAND_695B6D,29,5,Product Manager,Master's,Teams,83.39,0.294,8,86.87,91.21,Confident,17.63,3.87,48,0.472,83.73,Second Round
CAND_9BE424,31,7,Software Engineer,Bachelor's,Teams,56.75,0.435,5,81.57,61.04,Confident,36.9,4.99,42,0.612,70.08,Second Round
CAND_A021E8,36,13,HR Manager,Master's,Google Meet,74.64,0.658,6,90.17,85.43,Confident,17.79,4.76,31,0.304,83.93,Rejected
CAND_D5A16D,21,0,HR Manager,Master's,Google Meet,61.2,0.611,8,100.0,57.13,Confident,11.57,5.65,38,0.749,74.03,Rejected
CAND_1EFB09,42,21,Software Engineer,Bachelor's,Teams,63.89,0.697,6,100.0,83.49,Confident,19.91,4.18,31,0.737,74.4,Rejected
CAND_920105,39,17,Marketing Analyst,Bachelor's,Google Meet,45.88,0.764,10,98.41,68.03,Confident,11.83,,54,0.575,59.19,Rejected
CAND_606E04,23,0,Software Engineer,Bachelor's,HireVue,28.7,0.74,9,85.46,81.62,Neutral,20.58,4.33,43,0.03,45.99,Rejected
CAND_D9CDEF,52,34,Sales Executive,Bachelor's,Teams,35.12,0.707,5,89.94,81.34,Neutral,24.29,5.18,48,0.459,49.92,Rejected
CAND_355DFD,33,12,Marketing Analyst,PhD,Zoom,66.72,0.629,8,81.77,,Neutral,29.92,4.59,44,0.73,72.53,Hired
CAND_00B9A8,25,6,UX Designer,Master's,Zoom,40.67,0.721,12,67.86,60.66,Neutral,27.3,4.9,41,0.596,49.15,Rejected
CAND_A8D6D7,25,3,Software Engineer,Bachelor's,Teams,83.8,0.484,6,100.0,97.7,Neutral,6.79,3.8,45,0.567,88.65,Hired
CAND_972A56,42,14,Data Scientist,Master's,Teams,59.11,0.764,10,100.0,100.0,Confident,7.05,,47,0.489,77.47,Hired
CAND_A28F76,36,15,Product Manager,Master's,Teams,41.67,0.655,8,100.0,100.0,Confident,24.04,,34,0.447,53.94,Rejected
CAND_5CE466,31,12,Data Scientist,Bachelor's,Teams,88.55,0.724,7,89.19,86.26,Neutral,37.55,6.17,46,0.262,76.29,Second Round
CAND_0A6B98,20,0,Software Engineer,Associate,Zoom,72.69,0.733,9,99.69,88.91,Confident,25.28,4.7,35,0.736,79.16,Hired
CAND_7C5C3D,26,3,Sales Executive,Bachelor's,Google Meet,40.09,0.405,8,86.15,96.4,Confident,12.6,4.94,30,0.513,49.91,Rejected
CAND_7AEF4B,24,1,Data Scientist,Associate,Zoom,,0.741,7,100.0,87.78,Confident,8.88,3.68,48,0.506,71.94,Second Round
CAND_B0334A,29,7,Product Manager,Associate,Google Meet,82.79,0.467,7,100.0,80.59,Confident,15.14,3.83,36,0.243,87.77,Hired
CAND_E04F53,31,8,Business Analyst,Bachelor's,Zoom,87.88,0.526,8,100.0,100.0,Confident,13.75,5.11,39,0.7,79.4,Rejected
CAND_7207FF,36,12,Product Manager,Master's,Google Meet,56.29,0.851,6,75.02,34.1,Confident,39.39,5.2,48,0.433,53.94,Rejected
CAND_5C07AE,33,11,HR Manager,Master's,Teams,45.02,0.836,8,100.0,73.35,Confident,14.29,4.79,50,0.443,66.19,Second Round
CAND_B8FCDF,31,5,UX Designer,Associate,Zoom,64.78,0.601,13,86.53,66.64,Neutral,51.37,5.92,51,0.449,68.24,Hired
CAND_BA64B4,28,4,Marketing Analyst,PhD,Zoom,29.17,0.518,16,100.0,,Confident,13.05,4.31,36,0.4,65.96,Rejected
CAND_3DB989,35,14,UX Designer,Bachelor's,HireVue,64.79,0.597,15,100.0,100.0,Confident,23.93,5.06,22,0.579,86.57,Hired
CAND_FA07B3,33,3,Data Scientist,Master's,HireVue,71.8,0.589,7,100.0,68.54,Confident,3.28,3.61,74,0.77,83.81,Second Round
CAND_3F17AB,24,8,HR Manager,PhD,HireVue,51.18,0.674,9,100.0,,Confident,18.49,4.82,56,0.374,65.4,Second Round
CAND_1C7701,36,9,Software Engineer,Associate,Teams,59.72,0.938,6,100.0,93.36,Confident,8.76,4.48,46,0.534,64.51,Rejected
CAND_F96D52,23,0,Marketing Analyst,Master's,Zoom,60.9,0.53,14,89.16,,Confident,44.1,5.31,56,0.237,76.57,Rejected
CAND_7E1128,26,0,Data Scientist,Associate,Google Meet,86.04,0.562,10,100.0,95.72,Confident,8.67,4.89,55,0.966,100.0,Hired
CAND_E64315,27,6,Sales Executive,Bachelor's,Zoom,65.76,0.681,2,73.14,78.81,Confident,50.35,5.71,46,0.594,60.02,Rejected
CAND_D1BCC8,36,9,UX Designer,Master's,Google Meet,51.31,0.663,6,93.81,79.87,Confident,25.89,4.76,47,0.333,60.22,Rejected
CAND_FC2B84,26,7,Product Manager,PhD,Teams,59.92,0.441,5,73.66,45.41,Neutral,42.15,5.5,50,0.425,77.9,Hired
CAND_E15E3B,26,3,Marketing Analyst,Bachelor's,HireVue,61.57,0.782,15,73.32,63.97,Neutral,48.84,5.7,40,0.377,66.08,Second Round
CAND_6E01D6,26,4,HR Manager,PhD,Teams,44.48,0.601,14,83.63,58.33,Confident,42.91,5.42,38,0.401,59.21,Rejected
CAND_E578BA,31,7,Marketing Analyst,Associate,Zoom,59.25,0.565,10,100.0,62.41,Confident,3.5,3.02,38,0.341,74.36,Second Round
CAND_5798DD,38,13,Business Analyst,Master's,HireVue,63.29,0.54,9,80.29,65.87,Neutral,33.8,4.91,56,0.397,67.43,Second Round
CAND_43B945,28,7,HR Manager,Bachelor's,Google Meet,54.34,0.826,9,72.16,61.19,Confident,40.94,5.63,46,0.435,70.47,Hired
CAND_FB8AC8,30,5,UX Designer,Associate,Google Meet,69.91,0.509,7,100.0,72.36,Confident,18.31,4.26,51,0.533,73.59,Hired
CAND_1425E1,35,14,Software Engineer,PhD,Teams,43.85,0.772,18,99.59,73.96,Neutral,13.78,4.24,28,0.425,54.43,On Hold
CAND_31A150,30,5,Business Analyst,Associate,Google Meet,80.33,0.811,10,100.0,69.22,Confident,8.58,3.99,54,0.555,77.91,Second Round
CAND_44D8E9,28,8,Marketing Analyst,Master's,Google Meet,39.42,0.545,13,73.92,75.11,Confident,,7.07,27,0.558,54.23,Rejected
CAND_442BD8,20,2,Software Engineer,Master's,HireVue,41.22,0.609,14,78.4,65.2,Confident,,4.68,51,0.619,52.11,Rejected
CAND_C3CE1B,25,2,HR Manager,Bachelor's,Google Meet,66.99,0.576,6,100.0,,Confident,4.76,3.83,53,0.344,88.8,Hired
CAND_94EC9F,29,2,HR Manager,Bachelor's,Google Meet,71.87,,9,100.0,65.21,Confident,8.83,3.33,55,0.386,77.62,Rejected
CAND_8E2481,20,0,Marketing Analyst,PhD,Teams,62.94,0.778,6,100.0,88.78,Confident,14.62,4.1,34,0.604,75.31,Rejected
CAND_DA15FA,27,0,HR Manager,Bachelor's,HireVue,,0.942,3,100.0,74.48,Confident,12.37,4.22,50,0.339,78.51,Second Round
CAND_7AD4CF,32,11,HR Manager,PhD,HireVue,73.65,0.784,11,100.0,100.0,Confident,,3.14,38,0.299,81.17,Second Round
CAND_766B79,38,14,HR Manager,Master's,HireVue,65.51,,7,100.0,93.97,Neutral,18.34,4.63,40,0.261,63.96,Rejected
CAND_447A8C,27,8,Business Analyst,PhD,Zoom,52.5,0.44,8,100.0,90.4,Confident,8.94,3.94,50,0.315,69.14,Hired
CAND_9F35B7,26,6,Software Engineer,Bachelor's,Teams,59.13,0.472,8,98.12,100.0,Confident,10.88,4.07,52,0.566,72.92,Rejected
CAND_357ED4,24,2,Product Manager,Bachelor's,Zoom,60.87,0.828,8,83.3,83.96,Confident,23.62,4.59,45,0.41,64.5,Rejected
CAND_B58F2A,24,0,Business Analyst,Bachelor's,HireVue,57.52,0.742,6,100.0,91.19,Confident,1.71,3.6,49,0.501,67.32,Second Round
CAND_51C0AD,32,15,HR Manager,Bachelor's,Google Meet,42.5,0.47,13,100.0,64.72,Confident,4.2,4.6,61,0.47,59.27,Rejected
CAND_8AFB59,20,0,HR Manager,Associate,Zoom,67.98,,5,69.58,92.59,Neutral,48.44,5.48,54,0.327,74.02,Second Round
CAND_BA8820,31,4,UX Designer,Associate,Google Meet,67.77,0.589,12,86.6,59.12,Neutral,29.09,4.83,68,0.322,62.89,On Hold
CAND_3D9FBB,40,20,UX Designer,Master's,Zoom,27.78,0.416,13,85.24,68.05,Confident,20.28,4.66,46,0.615,35.07,Rejected
CAND_11E941,20,0,Sales Executive,Master's,Zoom,69.33,0.625,3,100.0,72.11,Confident,14.92,4.66,54,0.364,79.16,Rejected
CAND_01BF19,33,9,Data Scientist,Master's,Teams,49.84,0.485,12,100.0,70.77,Neutral,12.74,4.89,47,0.186,60.92,Rejected
CAND_64ECE4,30,5,HR Manager,Associate,Google Meet,74.62,,4,100.0,65.56,Confident,22.24,4.25,47,0.749,81.39,Second Round
CAND_7C9051,29,5,Software Engineer,Associate,HireVue,72.84,0.649,4,92.05,76.77,Neutral,37.33,5.83,37,0.464,71.95,Rejected
CAND_C85864,28,5,Business Analyst,Bachelor's,HireVue,56.64,0.798,8,91.31,59.4,Neutral,25.84,7.36,48,0.474,65.61,Rejected
CAND_65DBFC,34,11,HR Manager,Master's,Google Meet,40.05,0.588,11,65.95,54.47,Confident,49.16,6.12,49,0.548,44.63,Rejected
CAND_F94399,37,21,Sales Executive,Associate,Zoom,56.64,0.723,6,100.0,100.0,Confident,7.72,3.6,51,0.816,66.28,Hired
CAND_510FF7,47,21,Business Analyst,Bachelor's,Google Meet,68.5,0.698,7,81.1,50.07,Confident,34.25,5.5,50,0.751,73.99,Second Round
CAND_8D37F0,25,4,Data Scientist,Associate,Zoom,69.18,0.534,10,65.12,34.56,Neutral,45.2,5.73,61,0.544,69.05,Hired
CAND_9199E5,36,17,HR Manager,Bachelor's,HireVue,62.74,0.819,10,91.16,94.85,Confident,20.53,4.88,35,0.429,68.91,Rejected
CAND_1B350A,21,0,HR Manager,Associate,Teams,54.61,0.264,10,79.13,76.59,Confident,25.21,4.75,49,0.725,63.67,Rejected
CAND_76FDB4,26,4,Data Scientist,Associate,Teams,61.67,0.457,5,100.0,97.58,Confident,24.92,4.05,31,0.59,73.88,Hired
CAND_80959E,26,3,Software Engineer,Associate,Teams,41.84,0.546,16,100.0,51.74,Confident,10.75,,49,0.366,57.4,Rejected
CAND_F1551C,40,18,Product Manager,Bachelor's,Teams,41.38,,11,100.0,86.33,Confident,23.0,5.11,36,0.483,54.7,Rejected
CAND_EDBC65,37,8,HR Manager,PhD,Teams,85.51,0.784,6,100.0,70.23,Confident,21.05,5.21,47,0.598,91.9,Hired
CAND_FBAF6E,20,2,Sales Executive,Bachelor's,HireVue,61.9,0.473,9,95.73,100.0,Confident,13.71,4.07,48,0.496,76.76,Hired
CAND_94CCB9,36,14,HR Manager,PhD,Google Meet,43.46,0.823,9,100.0,100.0,Confident,3.29,3.18,38,0.882,59.63,Rejected
CAND_EBD5CC,24,3,Marketing Analyst,Master's,Zoom,50.88,0.788,11,100.0,100.0,Confident,10.89,4.08,34,0.678,65.8,Rejected
CAND_E8699D,46,26,UX Designer,Bachelor's,Teams,46.54,0.681,8,97.29,92.63,Confident,18.75,4.39,40,0.421,68.24,Rejected
CAND_E1A354,34,10,Software Engineer,Bachelor's,Google Meet,72.5,0.555,9,100.0,100.0,Confident,13.6,6.48,39,0.62,73.37,Second Round
CAND_38344C,20,0,HR Manager,Associate,Zoom,66.48,0.781,7,100.0,100.0,Confident,8.65,4.15,30,0.889,78.59,Rejected
CAND_6415CA,39,20,Data Scientist,PhD,HireVue,74.01,0.56,4,100.0,85.14,Confident,21.4,4.78,54,0.41,87.83,Hired
CAND_24A402,34,7,Product Manager,PhD,Teams,44.46,0.769,12,71.45,56.47,Neutral,31.77,5.32,60,0.225,46.77,Rejected
CAND_63658F,35,13,Marketing Analyst,Master's,Zoom,49.68,0.422,13,100.0,100.0,Confident,2.29,4.58,53,0.538,69.28,Rejected
CAND_4029FC,35,14,Data Scientist,Associate,Zoom,51.61,0.612,12,100.0,87.34,Neutral,3.14,3.73,65,0.6,72.97,Rejected
CAND_89E32B,28,5,Software Engineer,Associate,HireVue,63.71,0.743,5,100.0,100.0,Neutral,11.44,3.54,43,0.493,75.41,Rejected
CAND_27E539,29,5,UX Designer,Bachelor's,Google Meet,63.55,0.553,4,100.0,77.62,Confident,23.17,4.16,64,0.214,71.3,Second Round
CAND_98CDFC,38,18,Software Engineer,Bachelor's,HireVue,46.33,0.565,11,90.54,44.26,Confident,15.43,4.12,67,0.084,54.64,Rejected
CAND_F755C0,20,0,Product Manager,Bachelor's,Google Meet,61.82,0.865,8,82.91,53.18,Confident,31.6,5.17,70,0.648,69.62,Second Round
CAND_E767F3,20,3,Data Scientist,Associate,Zoom,29.74,0.556,11,100.0,64.13,Confident,4.47,4.36,40,1.0,55.6,Rejected
CAND_0FD4A2,24,0,HR Manager,PhD,Zoom,82.0,0.522,6,100.0,84.89,Neutral,9.3,4.83,43,0.806,84.34,Hired
CAND_999F43,32,9,UX Designer,Bachelor's,Zoom,51.89,0.708,9,100.0,100.0,Confident,5.65,4.58,55,0.402,66.23,Hired
CAND_BA5D19,33,8,Data Scientist,Associate,Teams,,0.8,17,100.0,,Confident,8.27,3.47,49,0.821,56.86,Rejected
CAND_EEA543,28,3,HR Manager,Master's,Google Meet,58.9,0.378,5,100.0,65.73,Confident,21.45,5.37,38,0.581,52.19,Rejected
CAND_8E646D,37,14,Business Analyst,Bachelor's,Zoom,71.34,0.501,11,100.0,57.19,Confident,16.42,4.52,40,0.436,89.26,Hired
CAND_441DFF,29,7,Business Analyst,Master's,HireVue,57.73,0.34,9,100.0,72.46,Confident,6.74,3.22,30,0.515,66.03,Rejected
CAND_64C356,29,5,HR Manager,Bachelor's,HireVue,,0.706,13,81.17,100.0,Confident,35.49,5.49,50,0.747,48.33,On Hold
CAND_2BE2FE,26,0,Data Scientist,Associate,Zoom,60.28,0.561,11,100.0,66.18,Confident,22.76,4.33,40,0.366,70.03,Rejected
CAND_7748D9,35,7,HR Manager,Associate,Teams,58.18,0.489,4,84.81,78.23,Confident,27.9,4.48,38,0.593,69.79,Second Round
CAND_9187E0,37,12,Software Engineer,Master's,Zoom,113.75,0.393,3,73.25,85.5,Neutral,,5.57,39,0.345,67.92,Hired
CAND_6054E5,20,0,Product Manager,Associate,Teams,54.42,0.761,11,100.0,90.52,Confident,6.03,3.71,55,0.558,65.75,Rejected
CAND_F11E80,21,0,Marketing Analyst,PhD,Teams,79.75,0.429,10,100.0,100.0,Confident,,4.01,60,0.749,81.9,Second Round
CAND_BF3F6D,29,12,HR Manager,Master's,Google Meet,71.37,0.671,3,82.26,70.89,Neutral,55.32,7.97,27,0.482,65.09,Rejected
CAND_0F086D,30,7,Sales Executive,Bachelor's,Zoom,62.72,0.333,7,100.0,85.55,Confident,12.84,5.67,51,0.485,80.75,Rejected
CAND_D043E2,27,7,Marketing Analyst,Master's,Google Meet,44.65,0.703,11,100.0,100.0,Confident,21.27,5.24,47,0.504,54.44,Rejected
CAND_B24A1F,20,0,UX Designer,Associate,Zoom,59.83,0.682,12,100.0,89.48,Confident,21.82,,39,0.388,73.97,Second Round
CAND_7B26F2,30,7,UX Designer,Associate,Google Meet,47.62,0.38,11,100.0,95.76,Confident,11.29,4.27,48,0.813,67.34,Hired
CAND_E51D44,45,21,Marketing Analyst,Associate,HireVue,49.3,0.401,8,93.46,63.79,Neutral,22.06,4.75,45,0.328,56.73,Rejected
CAND_4F5783,24,0,Software Engineer,Master's,HireVue,75.54,0.799,5,100.0,96.12,Confident,,4.49,30,0.625,86.39,Hired
CAND_E20976,38,16,Product Manager,PhD,Teams,65.53,0.394,5,99.1,97.07,Confident,18.13,4.95,48,0.52,85.16,Hired
CAND_A74776,31,5,Marketing Analyst,Bachelor's,Google Meet,74.07,,9,78.49,55.85,Neutral,40.91,5.83,62,0.568,87.51,Hired
CAND_0FFA02,33,14,HR Manager,PhD,Zoom,,0.354,8,80.04,56.26,Neutral,44.2,5.61,30,0.385,56.27,Rejected
CAND_87C9FF,33,9,Business Analyst,PhD,Zoom,57.01,0.664,13,62.03,62.12,Slouched,30.87,4.93,26,0.534,67.27,Second Round
CAND_87F0B3,26,7,Marketing Analyst,Master's,Zoom,60.41,0.47,8,93.01,71.81,Confident,8.02,5.07,47,0.531,70.02,Second Round
CAND_D059ED,29,7,Sales Executive,Associate,Teams,55.46,0.301,12,96.79,59.39,Confident,19.28,4.45,51,0.513,64.38,Rejected
CAND_08BC60,38,9,HR Manager,Associate,Teams,48.35,0.354,12,76.04,55.07,Confident,36.91,5.11,36,0.438,65.49,Second Round
CAND_6A7BD0,25,0,UX Designer,Associate,Zoom,69.7,0.441,6,100.0,78.88,Confident,9.18,4.5,48,0.392,70.96,Hired
CAND_7FC193,20,0,HR Manager,PhD,Zoom,20.04,0.475,16,74.68,,Confident,32.78,5.47,64,0.503,29.84,Rejected
CAND_994110,33,8,Sales Executive,Master's,Teams,25.77,0.651,11,93.85,97.26,Neutral,14.79,4.69,32,0.4,40.18,Rejected
CAND_84CCF9,29,4,Product Manager,Associate,Teams,86.85,0.755,3,100.0,100.0,Confident,5.75,3.37,47,0.528,92.78,Hired
CAND_0FEF8B,33,8,Product Manager,Bachelor's,HireVue,78.33,0.457,5,93.54,90.92,Confident,31.29,4.59,35,0.529,95.57,Hired
CAND_A48F08,24,3,Sales Executive,Associate,Teams,40.78,0.71,9,58.77,54.15,Neutral,47.45,5.7,61,0.685,37.41,On Hold
CAND_CFFCD3,26,5,Product Manager,Master's,Teams,80.49,0.648,6,98.79,81.22,Confident,16.07,5.32,38,0.839,86.87,Hired
CAND_1EB670,41,24,Sales Executive,Associate,HireVue,66.15,0.59,7,71.03,79.51,Neutral,54.65,5.76,51,0.893,57.33,Rejected
CAND_57F75E,28,7,Product Manager,PhD,HireVue,52.44,0.891,8,87.43,100.0,Neutral,18.29,4.55,40,0.389,54.5,Rejected
CAND_C09920,20,0,Product Manager,Bachelor's,Google Meet,199.01,0.555,0,100.0,61.13,Confident,19.14,4.72,56,0.811,100.0,Hired
CAND_ABD98D,37,18,Data Scientist,PhD,Teams,62.52,0.744,10,100.0,84.1,Confident,20.76,4.79,49,0.189,72.31,Hired
CAND_FE114C,26,4,Data Scientist,Master's,Teams,61.55,0.686,13,99.83,100.0,Confident,11.49,4.89,34,0.314,64.2,Rejected
CAND_5994EC,37,19,Software Engineer,Bachelor's,Google Meet,75.68,0.448,13,100.0,68.65,Confident,15.15,4.25,49,0.488,81.72,Hired
CAND_548D8E,32,12,Sales Executive,Associate,Teams,72.98,0.903,9,98.75,97.98,Confident,23.57,4.42,33,0.509,77.87,Rejected
CAND_A88631,26,6,Data Scientist,PhD,Teams,61.64,0.565,7,78.77,62.81,Neutral,18.49,4.12,29,0.354,60.33,Rejected
CAND_BA4FF1,20,0,Data Scientist,Master's,Google Meet,43.23,0.518,10,75.3,38.6,Confident,32.88,4.82,60,0.288,46.76,Rejected
CAND_C90BC4,20,0,Sales Executive,PhD,Teams,64.73,0.63,8,95.8,59.71,Neutral,,4.61,50,0.155,72.45,Hired
CAND_730919,46,21,Sales Executive,Master's,Zoom,64.63,0.496,6,89.93,78.36,Confident,42.49,6.19,50,0.714,78.27,Rejected
CAND_27082C,23,3,Business Analyst,Associate,Google Meet,39.39,0.784,9,97.36,60.41,Confident,8.28,4.69,55,1.0,50.22,Rejected
CAND_52F6E6,36,13,Product Manager,PhD,Zoom,62.71,0.588,7,99.83,94.24,Confident,22.27,4.33,50,0.667,76.16,Rejected
CAND_3AD542,34,11,Product Manager,Bachelor's,Teams,57.1,0.59,12,100.0,90.54,Confident,23.89,4.31,49,0.84,70.63,Rejected
CAND_C1B249,45,27,Software Engineer,Associate,HireVue,43.08,0.482,9,100.0,74.14,Confident,8.17,4.12,63,0.377,58.61,Rejected
CAND_63AC39,20,0,Marketing Analyst,Associate,Teams,54.95,0.588,9,100.0,100.0,Confident,13.85,3.73,65,0.443,65.2,Hired
CAND_78D4BA,39,15,Software Engineer,PhD,HireVue,52.6,0.776,15,100.0,76.03,Confident,16.51,4.01,57,0.539,68.69,Rejected
CAND_088DC8,45,21,Data Scientist,Associate,Google Meet,79.31,0.678,8,93.25,97.04,Confident,33.7,4.83,44,0.247,75.51,Hired
CAND_C4EA57,24,1,Sales Executive,Associate,HireVue,50.27,0.529,13,100.0,75.59,Confident,18.56,4.55,41,0.5,60.39,Rejected
CAND_9B6DFB,30,8,HR Manager,PhD,HireVue,68.05,0.64,7,100.0,97.53,Confident,5.67,4.66,38,0.531,76.54,Rejected
CAND_F4E99B,27,6,Marketing Analyst,Bachelor's,Google Meet,51.91,0.748,11,100.0,100.0,Confident,11.09,4.71,46,0.419,62.3,Rejected
CAND_A8A148,21,1,Sales Executive,PhD,Zoom,76.68,0.95,7,80.84,72.1,Neutral,11.54,4.76,33,0.501,77.72,Second Round
CAND_088092,22,1,UX Designer,Bachelor's,Teams,70.03,0.466,13,100.0,98.57,Confident,12.95,3.82,34,0.865,84.49,Second Round
CAND_36B300,20,0,Business Analyst,Associate,Zoom,68.48,0.423,4,100.0,100.0,Confident,0.38,3.72,60,0.41,73.81,Rejected
CAND_F9B66C,20,0,UX Designer,Master's,Zoom,127.76,0.452,0,69.78,73.81,Confident,32.84,5.7,44,0.551,79.64,Second Round
CAND_6E045B,36,15,Software Engineer,Master's,HireVue,52.61,0.496,7,91.42,71.54,Neutral,22.43,5.38,49,0.476,60.66,Rejected
CAND_242495,51,29,Product Manager,Bachelor's,Teams,71.63,0.513,2,100.0,87.46,Confident,5.44,3.37,36,0.702,81.66,Rejected
CAND_45827A,30,4,Data Scientist,Master's,HireVue,51.95,0.921,9,63.96,52.57,Slouched,24.67,4.82,33,0.773,52.5,Rejected
CAND_99FA34,34,9,UX Designer,PhD,Teams,41.05,0.657,11,100.0,85.08,Confident,13.74,,42,0.366,63.18,Rejected
CAND_2B0DB5,41,19,Marketing Analyst,PhD,HireVue,71.03,0.63,5,100.0,100.0,Confident,15.92,5.75,45,0.258,87.12,Hired
CAND_C58A31,43,25,Marketing Analyst,Associate,HireVue,92.23,0.636,8,100.0,100.0,Confident,2.34,3.37,45,0.521,94.26,Hired
CAND_338A3C,28,6,Product Manager,Master's,Google Meet,31.88,0.679,9,100.0,100.0,Confident,6.81,3.38,43,0.496,86.55,Hired
CAND_5E4453,32,14,Sales Executive,Associate,Google Meet,53.88,0.675,8,100.0,89.32,Neutral,10.7,3.72,60,0.785,71.0,Hired
CAND_BFEC96,23,1,Data Scientist,Associate,Zoom,,0.8,11,100.0,80.97,Confident,15.59,3.99,56,0.773,73.25,Rejected
CAND_05811E,27,6,Business Analyst,Bachelor's,HireVue,71.34,0.829,8,77.35,,Neutral,28.07,4.95,54,0.365,80.16,Rejected
CAND_7AC5D5,37,17,Product Manager,PhD,Zoom,54.4,0.629,8,100.0,90.02,Confident,10.95,4.04,20,0.628,72.89,Rejected
CAND_8D465E,20,0,UX Designer,PhD,Zoom,68.45,0.641,7,100.0,94.7,Confident,6.48,4.74,35,0.293,78.42,Second Round
CAND_DF82E0,34,10,Business Analyst,Bachelor's,Google Meet,39.64,0.71,11,67.35,63.91,Neutral,44.16,5.77,31,0.428,46.17,On Hold
CAND_380891,45,25,Data Scientist,Bachelor's,Google Meet,66.61,0.493,9,100.0,83.84,Confident,0.77,2.95,55,0.974,78.23,Rejected
CAND_A21215,20,0,Marketing Analyst,Associate,Google Meet,56.41,0.639,12,100.0,83.15,Confident,8.55,4.39,40,0.111,64.19,Rejected
CAND_77CA00,36,14,Data Scientist,Associate,Zoom,79.79,0.713,12,100.0,81.95,Confident,18.24,4.54,26,0.44,84.23,Rejected
CAND_25EB90,26,4,Software Engineer,Bachelor's,Google Meet,78.04,0.572,8,100.0,41.37,Confident,15.98,5.25,41,0.279,75.96,Second Round
CAND_E0C60E,33,18,Software Engineer,PhD,Google Meet,188.33,0.636,0,72.96,,Neutral,,6.36,36,0.713,91.45,Hired
CAND_6162FC,23,0,Marketing Analyst,Bachelor's,Teams,70.1,0.602,11,100.0,94.15,Confident,20.19,5.04,46,0.378,72.85,Hired
CAND_29CC3F,24,1,Product Manager,Master's,Zoom,52.85,0.535,8,100.0,100.0,Confident,,4.12,33,0.515,60.63,Rejected
CAND_1179B7,29,10,UX Designer,Associate,HireVue,59.87,0.392,15,85.11,100.0,Confident,,4.76,50,0.802,71.0,Hired
CAND_1FDDF6,35,21,Software Engineer,Master's,Google Meet,55.72,0.399,10,83.04,59.03,Confident,40.36,6.99,42,0.873,61.07,Rejected
CAND_9436C4,25,1,HR Manager,PhD,Zoom,48.25,0.451,11,100.0,100.0,Confident,3.24,3.69,62,0.782,70.62,Rejected
CAND_5A9E03,31,8,Software Engineer,Master's,HireVue,58.64,0.716,13,76.01,85.32,Confident,44.78,5.62,45,0.383,66.07,Rejected
CAND_BC7FE7,30,2,Business Analyst,Bachelor's,HireVue,55.75,,9,100.0,100.0,Confident,18.57,4.16,43,0.498,69.69,Rejected
CAND_4E1041,29,7,UX Designer,Master's,Teams,69.95,0.74,9,97.74,63.24,Neutral,41.96,5.15,32,0.305,75.55,Second Round
CAND_86CFFF,20,0,UX Designer,Bachelor's,Teams,65.78,0.474,3,65.04,67.45,Slouched,42.58,5.17,47,0.558,59.92,Rejected
CAND_CC745C,26,2,Marketing Analyst,PhD,Zoom,75.25,0.583,7,100.0,89.57,Confident,10.71,5.22,45,0.619,75.86,Second Round
CAND_C1701B,37,16,Software Engineer,Associate,HireVue,81.68,0.474,7,85.39,79.63,Confident,45.37,5.85,59,0.643,77.42,Rejected
CAND_3E3069,38,9,Sales Executive,Bachelor's,Teams,76.0,0.908,3,100.0,99.62,Confident,6.22,4.13,38,0.543,79.0,Rejected
CAND_015A7D,41,15,Data Scientist,Bachelor's,Google Meet,,0.751,9,100.0,100.0,Confident,10.22,4.32,46,0.863,90.94,Hired
CAND_97D03F,22,2,Data Scientist,Master's,Teams,63.1,0.7,8,83.56,68.25,Neutral,16.95,4.32,48,0.731,70.52,Hired
CAND_D22454,20,0,Data Scientist,Bachelor's,Google Meet,80.66,0.796,3,97.49,74.49,Confident,13.45,4.03,43,0.692,82.29,Second Round
CAND_0AEAF5,39,15,Software Engineer,PhD,Teams,52.19,0.522,15,77.31,59.83,Neutral,41.0,5.22,47,0.89,62.25,Rejected
CAND_665C3E,21,0,Data Scientist,Bachelor's,HireVue,56.63,0.875,11,76.73,84.95,Confident,30.06,4.7,56,0.507,61.24,Rejected
CAND_04F79E,36,12,Product Manager,Master's,Zoom,61.83,0.586,11,100.0,78.2,Confident,23.91,6.75,57,0.298,69.16,Second Round
CAND_0CE9FB,32,12,Sales Executive,Bachelor's,HireVue,35.09,0.338,10,93.51,92.91,Confident,10.83,,26,0.891,58.33,Rejected
CAND_DA43B2,22,0,Business Analyst,PhD,Google Meet,62.73,0.688,9,100.0,100.0,Confident,15.76,,41,0.602,66.89,Second Round
CAND_360C59,27,8,Software Engineer,Master's,Teams,66.66,0.423,7,100.0,,Confident,23.22,5.48,40,0.43,68.91,Rejected
CAND_C937F9,20,0,Marketing Analyst,Associate,Zoom,64.28,0.439,5,78.26,78.21,Neutral,13.89,4.07,49,0.158,77.76,Hired
CAND_134624,37,14,Business Analyst,Master's,Google Meet,65.33,0.412,8,86.93,76.88,Confident,40.84,6.25,40,0.492,70.34,Rejected
CAND_DEC385,20,0,HR Manager,Associate,Teams,58.52,0.857,7,99.08,96.43,Neutral,14.68,3.82,39,0.734,65.84,Second Round
CAND_E404CC,31,5,UX Designer,PhD,HireVue,48.27,0.712,12,92.81,84.64,Confident,25.42,4.42,56,0.617,65.0,Hired
CAND_72B8DC,33,6,Software Engineer,Master's,HireVue,51.74,0.64,9,99.63,100.0,Confident,24.36,,41,0.157,62.73,Rejected
CAND_A8CFD1,35,18,Marketing Analyst,Bachelor's,Teams,84.44,0.76,3,100.0,100.0,Confident,7.68,3.95,47,0.799,79.39,Rejected
CAND_BBC0A3,20,1,Sales Executive,Bachelor's,Teams,38.4,0.611,12,100.0,77.71,Confident,12.39,3.85,55,0.659,53.3,Rejected
CAND_9F2E4C,39,19,Software Engineer,PhD,Zoom,48.36,0.476,12,92.45,73.53,Confident,21.75,4.14,33,0.502,64.34,Rejected
CAND_A9856E,24,0,HR Manager,Associate,Teams,53.63,0.662,7,100.0,100.0,Confident,3.51,4.21,46,0.203,76.04,Hired
CAND_5F5933,22,0,Software Engineer,Master's,Zoom,37.02,0.797,12,100.0,98.13,Confident,10.98,5.29,43,0.531,47.87,On Hold
CAND_84E3FF,37,12,Software Engineer,Bachelor's,Zoom,51.11,0.441,10,82.39,86.52,Confident,,5.59,49,0.191,52.67,Rejected
CAND_B31613,36,12,Software Engineer,Bachelor's,Teams,62.11,0.788,11,95.39,,Confident,26.04,4.81,38,0.644,69.73,Rejected
CAND_9C75F6,24,1,Software Engineer,Master's,Google Meet,52.08,0.576,11,85.44,88.14,Confident,,4.56,43,0.665,57.2,Rejected
CAND_89D928,38,11,Business Analyst,Master's,Teams,45.21,0.908,15,98.36,,Neutral,19.48,4.31,32,0.599,58.2,Rejected
CAND_AE5EEC,28,10,Business Analyst,Associate,Google Meet,54.76,0.594,11,100.0,75.32,Confident,14.72,,44,0.529,60.2,Rejected
CAND_5D024D,43,15,Product Manager,Associate,Zoom,79.26,0.621,9,100.0,71.83,Confident,2.46,3.58,37,0.651,76.53,Hired
CAND_51E05F,30,4,HR Manager,Bachelor's,Teams,79.81,0.949,9,96.96,84.06,Neutral,15.56,3.94,54,0.812,89.05,Hired
CAND_A6DB1F,29,2,Sales Executive,PhD,Google Meet,47.98,0.599,12,69.86,74.98,Neutral,38.96,6.34,42,0.935,51.07,Rejected
CAND_0131EA,20,0,Product Manager,Bachelor's,Google Meet,39.65,0.729,6,100.0,80.24,Confident,10.65,4.32,43,0.388,57.19,Rejected
CAND_BEE3F3,20,0,Marketing Analyst,PhD,Google Meet,56.79,0.528,10,100.0,95.24,Confident,27.19,4.5,28,0.396,80.58,Rejected
CAND_E6FD7E,22,0,Data Scientist,Bachelor's,Zoom,63.11,0.518,12,100.0,100.0,Confident,16.37,4.32,48,0.503,75.17,Hired
CAND_8FD138,20,0,HR Manager,PhD,Google Meet,60.39,0.757,7,83.65,65.72,Neutral,19.05,4.7,42,0.366,67.43,Rejected
CAND_411814,21,0,Marketing Analyst,PhD,HireVue,34.98,0.693,9,70.04,,Slouched,28.84,5.87,52,0.567,42.17,Rejected
CAND_D6A417,36,16,Product Manager,PhD,Teams,55.97,0.858,7,100.0,85.53,Confident,9.12,3.8,49,0.481,73.1,Hired
CAND_1845CA,39,21,Software Engineer,PhD,HireVue,44.57,0.6,6,100.0,100.0,Confident,2.97,3.61,46,0.497,62.62,Rejected
CAND_7EAE16,20,1,HR Manager,Bachelor's,HireVue,56.15,0.89,5,100.0,81.18,Confident,14.31,4.26,47,0.684,76.42,Hired
CAND_98E1BD,22,4,HR Manager,Bachelor's,HireVue,75.9,0.478,10,100.0,100.0,Confident,20.57,4.1,55,0.533,69.06,Second Round
CAND_C8B33A,35,14,Product Manager,Associate,HireVue,99.07,0.549,4,81.69,83.04,Neutral,25.22,4.76,57,0.491,67.84,Rejected
CAND_C9543A,50,26,Data Scientist,PhD,Google Meet,183.68,0.762,0,97.09,84.46,Confident,18.2,3.85,63,0.511,100.0,Hired
CAND_B50AB6,20,0,Software Engineer,Bachelor's,HireVue,165.64,0.388,0,99.12,,Confident,11.94,4.16,33,0.484,100.0,Hired
CAND_E4021A,31,5,Data Scientist,Associate,HireVue,74.4,0.33,7,100.0,100.0,Confident,12.85,3.9,55,0.365,76.42,Rejected
CAND_1C60CB,31,11,Software Engineer,PhD,HireVue,59.71,0.482,13,67.12,80.35,Neutral,56.55,6.44,40,0.401,52.76,Rejected
CAND_57F50F,20,0,Product Manager,Master's,Google Meet,59.58,0.618,8,85.66,77.81,Confident,15.35,,63,0.702,65.12,Second Round
CAND_3814DF,20,0,UX Designer,PhD,Google Meet,52.58,0.561,7,100.0,100.0,Confident,19.11,5.76,43,0.777,68.09,Hired
CAND_C80AC1,27,4,HR Manager,PhD,Google Meet,48.93,0.709,10,100.0,60.82,Confident,12.81,4.37,64,0.604,59.96,Rejected
CAND_3DDE9E,35,8,Business Analyst,Associate,Zoom,56.15,0.486,5,92.64,73.16,Confident,11.22,4.29,57,0.776,66.04,Rejected
CAND_08B2F6,30,9,Data Scientist,Bachelor's,HireVue,51.12,0.862,8,100.0,90.9,Confident,4.38,5.38,47,0.326,66.66,Second Round
CAND_92D673,33,4,Marketing Analyst,Associate,Teams,65.13,0.658,11,99.39,,Neutral,15.1,3.94,45,0.438,80.2,Rejected
CAND_B0B5C5,25,0,Data Scientist,Master's,Teams,87.23,0.565,12,100.0,,Confident,,3.94,28,0.311,93.27,Hired
CAND_65098A,20,0,Sales Executive,PhD,HireVue,52.2,0.508,10,100.0,100.0,Confident,10.37,3.95,45,0.188,71.64,Rejected
CAND_E85755,45,19,Business Analyst,Associate,Zoom,24.82,,12,100.0,89.62,Neutral,8.27,4.94,39,0.467,48.01,Rejected
CAND_7DF422,20,0,Sales Executive,Associate,Zoom,63.6,0.67,10,100.0,82.81,Confident,12.04,3.59,46,0.326,84.55,Hired
CAND_42A258,25,6,Software Engineer,Bachelor's,Teams,57.57,0.578,11,88.68,55.18,Neutral,24.45,4.23,56,0.539,69.13,Hired
CAND_C5AE15,37,19,Business Analyst,Associate,HireVue,61.0,0.411,7,99.78,94.38,Neutral,19.76,4.65,35,0.16,74.5,Rejected
CAND_680680,29,10,Product Manager,Associate,Teams,41.79,0.687,8,100.0,66.0,Confident,12.19,3.78,35,0.237,53.44,Rejected
CAND_9A9D25,24,2,UX Designer,Associate,Google Meet,56.79,0.383,8,100.0,100.0,Confident,9.17,3.57,28,0.83,75.7,Hired
CAND_A53462,37,14,Product Manager,PhD,Teams,45.66,0.541,8,100.0,64.75,Neutral,12.8,5.29,39,0.0,56.4,Rejected
CAND_23F4FA,30,6,Sales Executive,Associate,Teams,28.77,0.463,14,86.46,44.51,Neutral,22.99,6.32,41,0.411,43.79,Rejected
CAND_019438,35,12,Sales Executive,Master's,Teams,54.6,0.524,7,100.0,67.45,Confident,22.27,4.16,41,0.419,69.96,Second Round
CAND_44B6D1,39,15,Business Analyst,Master's,Zoom,45.76,0.506,14,100.0,77.98,Confident,9.97,3.83,54,0.599,56.41,Rejected
CAND_1D882F,31,3,Software Engineer,Bachelor's,Google Meet,45.23,0.429,9,100.0,62.15,Confident,6.92,3.93,47,0.432,57.75,Rejected
CAND_39C2D0,24,1,HR Manager,Master's,Teams,57.37,0.626,9,65.76,75.78,Slouched,54.22,,46,0.166,64.07,On Hold
CAND_FB4B13,31,10,Marketing Analyst,PhD,Teams,,0.868,6,95.45,77.44,Confident,15.92,4.52,34,0.726,85.22,Hired
CAND_63B669,21,0,Sales Executive,Bachelor's,Teams,54.74,0.485,17,91.94,89.01,Confident,23.6,4.22,38,0.372,71.24,Second Round
CAND_E49A24,20,0,Sales Executive,PhD,Google Meet,28.78,0.721,12,89.31,77.94,Confident,31.27,6.99,36,0.328,40.97,On Hold
CAND_B8B1E9,41,14,Marketing Analyst,PhD,Teams,69.0,0.379,8,100.0,63.44,Confident,19.23,4.06,53,0.646,91.97,Hired
CAND_166043,36,14,Sales Executive,PhD,HireVue,64.39,0.504,5,91.0,73.26,Confident,13.14,5.34,53,0.429,72.18,Hired
CAND_E4C87C,20,0,Data Scientist,Master's,Teams,78.35,0.612,4,73.1,57.55,Neutral,54.14,6.71,50,0.462,70.98,Rejected
CAND_C9AC62,35,14,HR Manager,PhD,Teams,59.77,0.478,10,82.52,75.26,Neutral,43.08,5.3,48,0.85,68.35,Hired
CAND_743AC3,25,5,HR Manager,Master's,Teams,70.36,0.453,5,97.74,97.15,Confident,19.19,4.54,34,0.629,88.96,Hired
CAND_051096,23,2,UX Designer,Master's,Zoom,39.82,0.882,11,100.0,67.46,Confident,7.4,,48,0.849,55.99,Rejected
CAND_F1C40B,32,11,Software Engineer,Associate,HireVue,69.37,0.608,8,100.0,76.31,Confident,16.45,4.32,29,0.543,77.78,Rejected
CAND_12B746,20,0,Sales Executive,Bachelor's,HireVue,66.15,0.835,12,87.2,75.78,Confident,17.65,4.99,35,1.0,81.25,Rejected
CAND_E53FC5,31,13,HR Manager,Bachelor's,Google Meet,23.26,0.701,17,86.21,63.88,Neutral,,4.71,42,0.546,55.03,On Hold
CAND_23AAE8,37,16,Marketing Analyst,Master's,Google Meet,61.57,0.659,9,90.46,100.0,Confident,22.33,4.0,43,0.721,77.98,Hired
CAND_9039D9,29,9,Sales Executive,PhD,Zoom,62.67,0.702,15,100.0,89.08,Neutral,21.19,4.37,46,0.745,75.52,Hired
CAND_4ABF9A,33,13,Software Engineer,Associate,HireVue,63.66,0.524,14,100.0,48.11,Confident,6.92,4.01,43,0.539,85.86,Hired
CAND_895874,39,15,Product Manager,Associate,HireVue,51.4,0.827,13,87.95,91.31,Confident,9.08,3.73,30,0.562,63.03,Rejected
CAND_64813A,28,4,Software Engineer,Associate,Teams,42.88,0.63,15,100.0,100.0,Confident,10.85,5.93,40,0.488,63.27,Rejected
CAND_9C4B1A,29,3,UX Designer,PhD,HireVue,,0.541,0,100.0,100.0,Confident,7.95,3.8,53,0.342,100.0,Hired
CAND_19B5B0,29,5,HR Manager,Bachelor's,Google Meet,81.74,0.515,10,82.59,76.07,Confident,26.46,4.49,23,0.38,68.56,Second Round
CAND_7E2471,21,2,Business Analyst,Associate,Teams,68.87,0.762,15,91.95,,Neutral,15.25,4.63,50,0.604,79.93,Second Round
CAND_13DDB8,28,3,Sales Executive,PhD,Zoom,65.82,0.76,8,100.0,,Confident,19.84,4.83,55,0.816,65.88,Hired
CAND_8F1B99,34,10,HR Manager,Bachelor's,Google Meet,70.94,0.732,4,100.0,74.5,Neutral,16.25,3.87,48,0.368,71.32,Rejected
CAND_EB2643,39,17,Marketing Analyst,Master's,Teams,55.05,0.895,7,84.69,85.97,Confident,25.43,4.33,59,0.381,68.0,Hired
CAND_613D87,20,0,HR Manager,PhD,Teams,38.82,0.568,11,86.77,89.74,Neutral,18.09,5.33,35,0.272,57.74,Rejected
CAND_9BFB93,23,0,UX Designer,PhD,HireVue,53.26,0.834,12,100.0,61.61,Confident,10.94,4.69,53,0.662,77.88,Rejected
CAND_DA33BC,20,0,Data Scientist,Bachelor's,Google Meet,,0.385,7,100.0,100.0,Confident,16.86,5.0,29,0.493,60.32,Rejected
CAND_52ABEC,20,0,Business Analyst,Master's,Google Meet,51.53,0.674,12,100.0,,Neutral,8.62,3.9,67,0.731,68.77,Rejected
CAND_A7C0AE,37,17,Sales Executive,Associate,Teams,24.01,0.618,15,84.87,86.78,Neutral,28.36,7.59,53,0.628,54.14,Rejected
CAND_1594E1,25,1,Marketing Analyst,Associate,Google Meet,68.99,0.284,13,89.66,73.16,Neutral,21.21,3.97,45,0.815,84.25,Hired
CAND_59B045,43,20,Product Manager,PhD,HireVue,70.81,0.686,9,89.16,84.57,Neutral,24.88,4.97,50,0.409,72.14,Rejected
CAND_4A2282,21,1,Sales Executive,Bachelor's,Teams,60.06,0.495,6,95.49,100.0,Confident,23.9,,43,0.665,72.73,Rejected
CAND_770076,29,6,Sales Executive,Associate,Zoom,26.82,0.385,10,97.28,81.07,Confident,12.69,5.39,58,0.343,45.88,Rejected
CAND_F7AC57,29,4,Marketing Analyst,Bachelor's,HireVue,59.25,0.59,15,100.0,92.2,Confident,6.51,4.98,26,0.436,63.68,Rejected
CAND_493DDC,45,23,Data Scientist,Master's,Google Meet,47.35,0.457,10,72.73,64.83,Neutral,40.02,5.52,61,0.528,46.33,Rejected
CAND_2D254D,32,6,Marketing Analyst,Associate,Google Meet,41.47,0.632,8,98.15,72.03,Confident,30.11,4.96,46,0.4,63.33,Rejected
CAND_AF50F3,23,3,Business Analyst,Associate,HireVue,61.75,,6,100.0,74.49,Confident,,4.7,55,0.3,71.9,Rejected
CAND_B6126F,25,0,HR Manager,Master's,Teams,46.14,0.691,9,88.93,75.07,Neutral,13.54,3.68,41,0.57,66.26,Rejected
CAND_193A83,28,2,Sales Executive,Master's,Teams,90.16,0.333,4,94.23,99.92,Confident,22.98,5.12,49,0.587,87.64,Hired
CAND_D1AA79,40,17,Software Engineer,Bachelor's,Teams,71.6,0.465,9,100.0,84.46,Confident,18.02,4.64,47,0.391,83.51,Hired
CAND_C40D4B,25,5,HR Manager,Master's,Zoom,73.39,0.549,5,82.0,63.75,Neutral,21.53,4.05,20,0.571,71.44,Second Round
CAND_C26936,31,2,Business Analyst,PhD,HireVue,65.68,0.503,8,100.0,,Confident,20.82,4.66,40,0.572,67.23,Second Round
CAND_FBFE3D,35,8,Marketing Analyst,PhD,HireVue,60.39,0.571,7,80.41,60.24,Confident,40.07,5.31,45,0.543,68.46,Second Round
CAND_523E6A,35,13,HR Manager,PhD,Google Meet,45.71,0.422,5,64.88,,Neutral,32.66,4.76,37,0.865,59.28,Rejected
CAND_724290,41,26,Sales Executive,PhD,Zoom,80.7,0.677,11,100.0,100.0,Neutral,11.78,3.62,53,0.356,90.79,Hired
CAND_509580,24,6,Marketing Analyst,Associate,HireVue,75.31,,6,84.63,82.57,Confident,23.53,5.85,39,0.647,78.71,Hired
CAND_D8411F,29,5,HR Manager,Associate,Google Meet,43.46,0.585,11,94.41,75.51,Confident,27.2,5.85,39,0.464,58.28,On Hold
CAND_035691,40,18,Product Manager,PhD,Zoom,76.45,0.569,5,100.0,100.0,Confident,3.29,3.58,44,0.619,78.47,Second Round
CAND_8FBA22,22,1,Business Analyst,PhD,Google Meet,36.19,0.469,8,100.0,,Confident,20.76,4.88,28,0.436,53.01,Rejected
CAND_2F3E67,35,16,Marketing Analyst,PhD,Google Meet,51.61,0.494,13,96.39,65.44,Confident,23.82,4.88,52,0.543,65.7,Hired
CAND_18514E,27,5,Sales Executive,PhD,Zoom,45.16,0.678,16,79.79,72.31,Confident,10.0,3.73,48,0.64,50.88,Rejected
CAND_A85711,45,25,UX Designer,Associate,HireVue,55.24,0.666,8,100.0,49.55,Confident,15.54,4.07,47,0.481,66.33,Hired
CAND_5AA6F7,33,7,Sales Executive,Bachelor's,Zoom,16.11,0.789,14,87.98,100.0,Neutral,22.21,4.72,21,0.5,43.65,Rejected
CAND_CDAF89,32,6,HR Manager,Master's,Zoom,86.13,,9,99.83,90.78,Confident,23.35,5.44,27,0.797,84.02,Hired
CAND_5B202F,35,10,Marketing Analyst,Master's,Teams,67.83,0.373,10,97.45,100.0,Confident,42.54,5.8,53,0.426,68.94,Second Round
CAND_3A5B6A,28,14,Product Manager,Bachelor's,Google Meet,21.73,0.573,12,57.11,59.78,Slouched,36.43,4.52,53,0.469,31.1,Rejected
CAND_A819F9,28,7,UX Designer,Bachelor's,Google Meet,67.01,0.83,5,100.0,88.75,Confident,7.03,3.62,61,0.371,83.81,Rejected
CAND_2D0C19,21,7,Software Engineer,Associate,Zoom,59.32,0.842,10,79.86,89.47,Confident,47.58,5.88,40,0.668,60.81,Rejected
CAND_B545F7,24,0,Sales Executive,Associate,Teams,65.74,0.655,5,89.91,94.92,Confident,26.15,5.6,33,0.624,72.89,Second Round
CAND_BD7D17,25,4,Product Manager,PhD,Zoom,55.33,0.43,7,100.0,100.0,Confident,25.65,4.25,46,0.527,69.26,Second Round
CAND_24A1E2,40,17,Marketing Analyst,Bachelor's,Google Meet,51.56,0.534,10,77.18,65.07,Neutral,38.44,5.09,55,0.35,58.5,Rejected
CAND_6F9D05,24,3,Sales Executive,Master's,Google Meet,67.54,0.66,4,90.76,88.02,Confident,16.52,4.24,48,0.431,71.95,Hired
CAND_DD40DF,28,6,Sales Executive,PhD,Zoom,49.35,0.744,6,71.03,65.47,Neutral,38.45,5.45,28,0.663,54.79,Rejected
CAND_B512A3,34,12,UX Designer,PhD,Zoom,67.49,0.5,4,100.0,100.0,Confident,4.87,4.11,47,0.521,85.23,Hired
CAND_B4C085,40,19,Software Engineer,Master's,HireVue,56.48,0.532,9,79.92,94.15,Neutral,28.16,4.78,32,0.565,54.83,Rejected
CAND_26475D,32,14,Product Manager,Bachelor's,Teams,29.84,0.439,17,69.39,74.74,Neutral,59.23,6.09,39,0.596,56.21,Rejected
CAND_AA2957,39,14,Product Manager,PhD,Google Meet,60.48,0.907,10,100.0,56.65,Confident,12.04,4.65,43,0.386,80.64,Second Round
CAND_80C8AC,24,1,Sales Executive,Master's,Google Meet,,0.766,4,100.0,100.0,Confident,19.68,4.48,38,0.552,85.06,Hired
CAND_6733B0,33,14,Sales Executive,Associate,HireVue,74.86,0.368,6,94.27,97.94,Confident,28.94,4.65,30,0.839,91.61,Hired
CAND_39FCFF,39,11,Business Analyst,PhD,Zoom,44.13,0.907,13,87.76,85.86,Confident,,4.18,48,0.119,55.93,Rejected
CAND_A78AF0,32,11,HR Manager,PhD,Teams,71.59,0.748,7,100.0,100.0,Confident,9.78,4.01,46,0.677,81.26,Hired
CAND_B33333,41,19,Product Manager,PhD,HireVue,,0.88,7,82.13,81.39,Confident,32.08,,42,0.476,82.25,Rejected
CAND_A259C4,20,0,Data Scientist,Associate,Teams,62.16,0.516,11,100.0,93.12,Confident,11.37,3.89,22,0.585,65.95,Second Round
CAND_151BFF,36,19,Product Manager,Associate,Zoom,55.94,0.699,11,89.53,100.0,Confident,11.53,4.52,42,0.679,78.11,Hired
CAND_CE7951,20,1,HR Manager,PhD,Teams,55.64,0.626,10,89.31,62.97,Confident,15.93,4.03,56,0.312,60.01,Rejected
CAND_C0C0CE,29,8,Marketing Analyst,Master's,Zoom,42.88,0.638,14,100.0,100.0,Confident,4.36,3.49,40,0.76,63.63,Rejected
CAND_2C17AC,27,4,UX Designer,Bachelor's,HireVue,57.49,0.539,8,92.32,77.17,Confident,11.74,4.55,60,0.408,74.97,Second Round
CAND_48F356,20,0,UX Designer,Bachelor's,Google Meet,43.6,0.857,7,70.21,86.61,Confident,43.46,6.01,43,0.372,39.38,Rejected
CAND_07370A,31,6,Data Scientist,Associate,Teams,87.03,0.781,5,84.85,100.0,Confident,8.21,3.79,35,0.501,76.3,Rejected
CAND_8DEAF7,34,18,HR Manager,PhD,Google Meet,62.22,0.555,10,65.07,,Neutral,51.98,6.4,53,0.291,60.35,Rejected
CAND_B0CE55,25,4,Software Engineer,Associate,Teams,,0.64,15,100.0,95.52,Confident,15.68,4.1,42,0.749,64.03,Rejected
CAND_ABD4D9,20,3,Product Manager,Master's,HireVue,69.2,0.358,13,69.7,62.37,Neutral,43.46,5.82,31,0.41,73.61,Second Round
CAND_C98B44,20,0,Software Engineer,Master's,Teams,65.29,0.499,9,100.0,76.1,Confident,20.05,3.85,40,0.645,74.13,Rejected
CAND_86070F,27,3,Software Engineer,Bachelor's,HireVue,74.97,0.48,9,95.39,90.49,Confident,26.97,4.6,58,0.37,82.13,Rejected
CAND_1372AF,30,6,Sales Executive,Bachelor's,Google Meet,64.76,0.837,5,100.0,76.01,Confident,10.18,3.96,49,0.456,84.45,Second Round
CAND_C9B4CB,36,18,Business Analyst,PhD,Zoom,67.44,0.597,9,94.35,90.86,Neutral,23.59,4.91,47,0.558,69.42,Second Round
CAND_A71F3C,27,5,HR Manager,Associate,Google Meet,64.07,0.672,7,94.42,81.2,Confident,13.28,3.59,28,0.522,76.98,Second Round
CAND_B06023,37,14,Data Scientist,Bachelor's,HireVue,42.82,0.816,11,100.0,100.0,Confident,5.48,3.96,42,0.263,52.6,Rejected
CAND_40A983,30,7,Data Scientist,PhD,Zoom,78.57,0.615,8,100.0,100.0,Confident,25.12,4.41,40,0.391,88.53,Hired
CAND_DE5132,26,5,Marketing Analyst,PhD,HireVue,69.73,0.49,9,60.2,49.64,Neutral,36.56,,51,0.274,59.65,Rejected
CAND_7656CC,34,9,UX Designer,PhD,HireVue,72.46,0.519,1,93.24,82.94,Confident,24.9,5.11,31,0.294,72.78,Rejected
CAND_623C8F,29,11,Software Engineer,Master's,Zoom,65.71,0.624,3,100.0,75.66,Confident,28.77,4.75,44,0.478,74.55,Rejected
CAND_EB805F,30,4,Data Scientist,Master's,Teams,57.07,0.403,9,100.0,,Confident,14.87,,61,0.354,82.75,Second Round
CAND_D06C0C,26,6,Product Manager,Bachelor's,Zoom,84.34,0.647,10,100.0,55.55,Neutral,13.22,4.1,50,0.459,89.9,Hired
CAND_78CE83,38,15,Data Scientist,Bachelor's,Teams,41.67,0.658,4,95.82,64.71,Confident,20.93,4.53,58,0.584,57.51,Rejected
CAND_D358D1,20,1,HR Manager,Bachelor's,Teams,44.97,0.508,10,68.86,61.68,Neutral,36.0,4.83,46,0.523,48.07,Rejected
CAND_76E315,20,3,Sales Executive,Bachelor's,HireVue,86.82,0.853,10,100.0,100.0,Confident,14.78,4.39,43,0.067,85.02,Second Round
CAND_D8216A,34,8,Software Engineer,Bachelor's,Zoom,48.94,0.554,14,100.0,92.27,Confident,1.72,5.49,41,0.14,69.6,Rejected
CAND_8203C1,24,2,Sales Executive,Master's,Teams,45.99,0.377,5,82.41,90.19,Confident,34.0,4.98,28,0.363,58.46,Rejected
CAND_6DB171,27,1,UX Designer,Master's,Google Meet,62.06,0.68,17,71.1,73.96,Confident,40.91,5.15,32,0.517,65.49,Rejected
CAND_303296,36,12,HR Manager,PhD,HireVue,78.49,0.487,7,100.0,96.37,Confident,8.14,5.77,52,0.352,78.9,Rejected
CAND_BE37CA,28,7,Business Analyst,Bachelor's,HireVue,79.26,0.95,12,99.41,94.52,Confident,12.94,4.18,41,0.333,72.66,Hired
CAND_A7524C,31,11,HR Manager,Master's,Teams,73.35,0.807,10,89.5,73.9,Confident,27.62,4.9,45,0.368,70.3,Second Round
CAND_CC4383,20,0,Sales Executive,Bachelor's,HireVue,59.82,0.559,15,99.21,94.91,Confident,27.68,5.14,42,0.274,70.26,Rejected
CAND_8C0C4E,27,3,Data Scientist,Master's,Teams,51.51,0.332,13,98.61,61.38,Confident,12.14,4.52,63,0.654,67.2,Rejected
CAND_F6B9EB,27,5,Software Engineer,PhD,HireVue,54.14,0.82,14,100.0,65.52,Confident,13.86,4.16,29,0.749,63.72,Rejected
CAND_EA773F,33,12,Business Analyst,Master's,Zoom,55.73,0.734,8,99.94,57.61,Confident,20.01,,44,0.552,73.56,Hired
CAND_384CE7,38,13,UX Designer,PhD,Google Meet,62.05,0.76,11,100.0,92.34,Confident,15.23,3.75,48,0.829,73.13,Rejected
CAND_05A6A0,20,0,Business Analyst,Master's,Zoom,83.55,0.49,10,99.77,88.62,Confident,36.82,4.92,44,0.655,71.14,Second Round
CAND_BEE446,32,11,Marketing Analyst,Associate,Zoom,47.35,0.466,16,80.1,70.47,Confident,,4.88,39,0.495,60.58,Rejected
CAND_C3BD3B,33,10,Data Scientist,Master's,Teams,75.35,0.769,5,100.0,86.71,Confident,9.49,3.76,51,0.633,79.54,Rejected
CAND_514121,29,5,Software Engineer,Master's,HireVue,53.31,0.8,8,98.2,100.0,Confident,26.29,4.94,45,0.68,63.7,Rejected
CAND_881784,35,14,Business Analyst,Associate,Zoom,37.47,0.42,11,100.0,73.14,Confident,10.27,3.9,35,0.735,44.18,Rejected
CAND_2AD404,38,16,Sales Executive,Associate,HireVue,54.18,0.722,10,100.0,64.18,Confident,18.77,3.92,38,0.485,69.24,Rejected
CAND_D9541F,24,1,Product Manager,Master's,Google Meet,38.45,0.624,13,87.09,67.21,Neutral,18.96,4.16,54,0.586,46.77,Rejected
CAND_E94185,29,10,Business Analyst,Associate,Google Meet,80.31,0.481,5,100.0,98.37,Confident,6.11,4.22,36,0.698,89.9,Hired
CAND_FD3D5F,25,0,Marketing Analyst,Bachelor's,Teams,78.04,0.763,9,95.06,74.17,Confident,20.61,4.34,47,0.246,82.9,Second Round
CAND_A3E5F9,23,3,HR Manager,PhD,Zoom,63.47,0.759,4,83.63,85.59,Confident,33.98,5.6,52,0.443,68.28,Second Round
CAND_83616D,31,5,Product Manager,PhD,HireVue,51.44,0.527,14,100.0,76.22,Confident,10.43,3.74,37,0.555,67.82,Hired
CAND_D9AECE,26,4,UX Designer,Bachelor's,Google Meet,56.46,0.893,7,100.0,93.11,Neutral,6.5,4.27,65,0.525,68.2,Second Round
CAND_4E3D5E,29,8,Sales Executive,Master's,Teams,,0.632,14,69.66,82.41,Confident,31.84,5.54,60,0.182,89.07,Hired
CAND_88C437,23,2,Data Scientist,Associate,Teams,75.11,0.614,10,97.31,100.0,Confident,8.99,4.71,40,0.378,73.33,Hired
CAND_25AF75,28,5,Data Scientist,PhD,Google Meet,68.17,0.563,10,100.0,100.0,Confident,18.84,4.59,31,0.638,72.88,Hired
CAND_1F9FF0,47,29,Product Manager,Master's,Teams,38.21,0.876,8,100.0,71.74,Confident,11.04,4.49,41,0.221,46.88,Rejected
CAND_D741DD,24,1,Business Analyst,Bachelor's,Google Meet,45.34,0.726,13,72.36,88.49,Neutral,17.33,4.12,28,0.466,57.72,On Hold
CAND_8D8545,44,17,UX Designer,Associate,HireVue,59.51,0.79,14,99.94,93.5,Neutral,13.33,4.21,43,0.692,63.7,Rejected
CAND_377160,22,0,Marketing Analyst,Associate,HireVue,82.0,,4,70.24,69.43,Neutral,47.56,5.35,26,0.41,57.16,Rejected
CAND_48CD6C,26,2,Data Scientist,PhD,Google Meet,,0.609,10,97.48,69.32,Confident,16.31,4.14,48,0.688,62.96,Rejected
CAND_171E6B,25,6,Data Scientist,Associate,Google Meet,64.62,0.651,4,100.0,75.16,Confident,5.55,2.99,55,0.207,81.73,Rejected
CAND_8205A1,20,0,Data Scientist,Associate,Zoom,55.49,0.517,19,100.0,100.0,Confident,13.87,4.66,40,0.645,74.08,Rejected
CAND_9662BB,45,15,Product Manager,Master's,Zoom,46.2,0.422,9,92.55,99.32,Confident,12.56,7.37,56,0.609,57.58,Rejected
CAND_0412B0,52,28,Data Scientist,PhD,Zoom,73.04,0.469,8,100.0,82.09,Confident,13.94,5.67,47,0.82,88.14,Second Round
CAND_BA6A5B,31,6,Marketing Analyst,Associate,HireVue,44.65,0.512,3,86.42,68.67,Confident,20.94,4.53,43,0.755,54.09,Rejected
CAND_A5A262,29,10,Marketing Analyst,Master's,HireVue,65.53,0.598,10,100.0,99.68,Confident,17.28,5.54,55,0.337,75.76,Hired
CAND_BD04BF,22,4,Product Manager,Master's,HireVue,48.85,0.582,11,81.68,74.52,Neutral,,4.92,29,0.525,61.32,Rejected
CAND_D3B34D,27,5,UX Designer,Master's,Zoom,81.19,0.503,8,100.0,78.09,Confident,6.7,4.52,66,0.605,85.39,Hired
CAND_FA8943,29,0,Business Analyst,Bachelor's,HireVue,,0.542,6,68.92,68.79,Neutral,47.71,5.98,49,0.647,56.78,Rejected
CAND_2E43A0,32,12,UX Designer,Associate,HireVue,63.32,0.756,5,76.59,57.71,Neutral,32.7,6.63,54,0.585,62.81,Rejected
CAND_6C1B6B,23,2,HR Manager,Associate,HireVue,48.43,0.543,6,94.87,59.05,Confident,17.26,3.82,57,0.626,58.44,Rejected
CAND_C1DF0F,31,3,Product Manager,PhD,HireVue,58.52,0.475,10,100.0,69.38,Confident,15.81,4.51,31,0.432,64.03,On Hold
CAND_3AD43A,42,17,Product Manager,Bachelor's,Teams,64.79,0.609,9,95.81,68.39,Confident,27.94,4.41,50,0.363,75.63,Second Round
CAND_8FBD2B,41,19,Product Manager,Master's,Google Meet,49.94,0.95,12,68.77,51.29,Neutral,34.12,5.56,36,0.663,55.78,Rejected
CAND_5F367C,21,0,Software Engineer,Bachelor's,Teams,51.92,0.597,9,81.94,86.65,Neutral,24.47,5.86,40,0.462,68.12,Rejected
CAND_689906,29,11,UX Designer,Associate,HireVue,72.56,0.832,6,100.0,71.87,Confident,5.9,3.55,43,0.731,90.78,Hired
CAND_1B7532,20,0,Software Engineer,Bachelor's,HireVue,60.26,0.623,8,79.48,56.26,Slouched,49.94,5.88,34,0.528,69.81,Rejected
CAND_BDDFCA,28,9,Business Analyst,Master's,Google Meet,50.42,0.2,13,99.9,68.99,Confident,21.84,4.34,43,0.573,51.78,Rejected
CAND_FCE985,26,4,Marketing Analyst,PhD,Zoom,42.64,0.546,13,95.38,86.01,Confident,7.8,5.49,36,0.403,61.88,Rejected
CAND_21E915,34,9,Business Analyst,Bachelor's,HireVue,49.53,0.592,8,77.72,100.0,Confident,32.84,5.28,24,0.303,64.51,Rejected
CAND_A8D662,31,12,Business Analyst,Associate,Google Meet,80.86,0.63,7,57.27,57.38,Slouched,40.99,7.01,39,0.019,67.56,Second Round
CAND_34F746,40,13,Software Engineer,Bachelor's,HireVue,51.22,0.626,10,98.17,,Neutral,24.54,,32,0.522,60.36,Rejected
CAND_E996F7,25,1,HR Manager,Master's,Zoom,79.49,0.813,11,100.0,79.72,Confident,16.91,3.87,42,0.951,86.87,Hired
CAND_A02F82,22,1,HR Manager,PhD,Google Meet,62.06,0.605,5,92.93,82.88,Confident,9.69,3.67,44,0.467,83.06,Second Round
CAND_BA49D5,23,1,Product Manager,Associate,HireVue,56.11,0.906,9,88.55,71.39,Confident,18.65,4.9,51,0.621,58.58,Rejected
CAND_CF8A96,28,4,Data Scientist,PhD,Zoom,74.01,0.512,4,95.38,57.07,Confident,15.19,3.93,51,0.517,99.65,Hired
CAND_D8EAEC,26,1,Business Analyst,Bachelor's,Teams,23.04,0.811,8,73.31,53.6,Confident,34.11,5.33,74,0.637,66.88,Rejected
CAND_E902F5,28,3,Data Scientist,Master's,Google Meet,66.64,0.443,12,67.87,61.39,Neutral,48.7,6.09,45,0.395,58.62,Rejected
CAND_697258,26,1,Marketing Analyst,Associate,HireVue,72.11,0.573,7,100.0,79.2,Confident,14.13,4.34,48,0.563,81.28,Rejected
CAND_DDCB03,20,1,UX Designer,Bachelor's,Google Meet,49.66,0.43,5,100.0,87.74,Confident,8.4,4.83,42,0.356,66.26,Rejected
CAND_BA8C61,20,0,UX Designer,Bachelor's,Google Meet,71.38,0.654,5,100.0,83.42,Neutral,23.83,5.11,55,0.684,97.75,Hired
CAND_636318,20,0,Data Scientist,PhD,HireVue,38.94,0.439,16,82.05,57.84,Confident,22.23,4.33,36,0.786,53.27,Rejected
CAND_DA50DC,25,4,Product Manager,PhD,Zoom,65.63,0.728,7,100.0,58.62,Confident,11.28,3.94,41,0.566,75.55,Hired
CAND_0ABEFD,52,29,Sales Executive,Associate,Google Meet,60.95,0.673,16,100.0,91.43,Confident,12.54,4.56,37,0.494,75.17,Rejected
CAND_CE5630,24,0,Software Engineer,PhD,Zoom,57.03,0.684,8,100.0,100.0,Confident,12.81,3.81,32,0.513,65.28,Hired
CAND_D2B945,34,16,Sales Executive,Associate,HireVue,70.75,0.689,7,81.46,99.91,Neutral,50.1,5.88,39,0.541,86.31,Hired
CAND_79B667,25,3,Software Engineer,PhD,Zoom,56.6,0.828,8,96.59,89.53,Confident,28.45,4.85,70,0.56,64.32,Rejected
CAND_F348C4,32,10,Sales Executive,Master's,Zoom,85.79,0.659,5,100.0,90.34,Confident,8.1,3.66,32,0.592,88.45,Hired
CAND_BC4F82,42,15,Data Scientist,PhD,Zoom,69.83,0.468,6,100.0,94.53,Confident,6.19,,44,0.658,74.15,Rejected
CAND_02FD21,33,14,HR Manager,Associate,HireVue,,0.64,10,100.0,100.0,Confident,8.95,5.79,35,0.506,62.99,Rejected
CAND_CA3B6D,32,8,Software Engineer,Associate,Zoom,64.51,0.512,3,100.0,74.87,Confident,13.6,4.1,41,0.249,76.98,Hired
CAND_8301F6,32,0,Software Engineer,Associate,Google Meet,58.48,0.459,8,97.36,97.33,Confident,12.93,4.04,32,0.982,67.82,Hired
CAND_5EB0BE,37,16,Business Analyst,Associate,Zoom,79.21,0.95,9,100.0,100.0,Confident,4.73,3.87,41,0.262,74.24,Hired
CAND_81289C,22,1,Software Engineer,Master's,HireVue,,0.782,10,100.0,74.88,Confident,21.64,4.95,58,0.319,57.13,Rejected
CAND_27B78F,22,3,UX Designer,Bachelor's,Google Meet,74.13,0.328,8,100.0,85.44,Confident,6.91,3.4,58,0.43,89.32,Hired
CAND_1EBBD0,33,11,UX Designer,Bachelor's,HireVue,56.56,0.504,7,83.71,54.25,Confident,23.43,4.42,31,0.708,63.61,Rejected
CAND_B3784B,21,2,Software Engineer,Master's,HireVue,44.85,0.423,12,100.0,84.84,Confident,15.08,4.48,55,0.5,59.97,Rejected
CAND_686F19,27,2,Business Analyst,Bachelor's,Google Meet,73.07,0.471,10,94.69,91.08,Neutral,,4.82,51,0.325,87.04,Hired
CAND_89A59F,45,24,Marketing Analyst,Bachelor's,Zoom,35.43,0.718,8,59.13,49.33,Slouched,30.83,5.05,46,0.602,39.97,Rejected
CAND_3368CD,38,17,Software Engineer,Associate,HireVue,66.28,0.94,5,79.15,40.64,Neutral,,4.95,33,0.631,75.39,Hired
CAND_FCA423,28,7,Business Analyst,Bachelor's,Google Meet,67.33,0.743,7,100.0,100.0,Neutral,4.09,3.35,27,0.445,66.46,Hired
CAND_B5590B,29,10,Product Manager,Bachelor's,Zoom,80.2,0.613,7,88.74,93.47,Confident,,4.76,57,0.686,91.66,Hired
CAND_B5503F,29,11,HR Manager,Master's,Teams,62.43,0.527,13,64.74,51.6,Neutral,58.11,7.48,45,0.229,65.1,Second Round
CAND_DFE472,47,25,Product Manager,Master's,Teams,56.93,,12,95.05,100.0,Confident,32.7,4.88,36,0.683,58.1,Rejected
CAND_008F04,30,7,Business Analyst,Master's,Teams,64.0,0.684,11,94.38,100.0,Neutral,22.49,4.31,37,0.501,70.07,Hired
CAND_9F7ECF,33,12,Business Analyst,Associate,Teams,76.92,0.667,7,100.0,100.0,Confident,13.24,3.8,61,0.31,90.74,Hired
CAND_B48BF8,40,24,Software Engineer,Bachelor's,Zoom,35.94,0.657,5,100.0,92.39,Confident,16.09,4.29,52,0.535,54.48,On Hold
CAND_541486,33,10,Marketing Analyst,Master's,Teams,66.1,0.579,9,84.55,62.53,Confident,29.26,4.74,20,0.619,72.84,Second Round
CAND_E37938,34,7,Product Manager,PhD,Teams,50.98,0.312,5,98.78,,Confident,5.88,4.01,39,0.34,60.56,Rejected
CAND_3CD559,20,1,Data Scientist,Master's,Teams,39.68,0.534,14,63.36,,Neutral,60.48,6.58,45,0.565,44.58,Rejected
CAND_7993E8,20,1,Marketing Analyst,PhD,HireVue,61.86,0.715,9,100.0,,Confident,7.0,3.73,43,0.693,78.21,Rejected
CAND_F61CDE,20,0,Product Manager,Master's,Google Meet,71.55,0.71,6,90.16,69.46,Confident,40.57,5.81,58,0.68,82.71,Second Round
CAND_A6DCF6,23,1,Marketing Analyst,Associate,HireVue,60.11,0.635,6,82.74,71.44,Confident,14.13,4.07,40,0.341,54.15,Rejected
CAND_42E044,31,14,Marketing Analyst,Associate,HireVue,52.86,0.661,10,100.0,100.0,Confident,13.82,3.76,36,0.777,73.0,Hired
CAND_BBDFF4,23,1,Software Engineer,PhD,Teams,42.98,0.227,7,100.0,83.55,Neutral,13.45,4.05,36,0.445,50.75,Rejected
CAND_918CDB,40,17,Sales Executive,Master's,Google Meet,64.88,0.666,7,82.9,71.98,Confident,45.15,5.92,52,0.655,69.24,Second Round
CAND_8DF450,29,6,Business Analyst,Master's,HireVue,49.46,0.537,14,100.0,93.74,Confident,,3.83,36,0.621,61.55,Rejected
CAND_9B5661,40,20,HR Manager,Bachelor's,Google Meet,68.1,0.577,8,65.89,51.6,Slouched,30.08,4.57,40,0.419,75.51,Second Round
CAND_5ADBB3,27,3,HR Manager,PhD,Google Meet,41.72,0.688,12,100.0,,Confident,6.68,3.67,34,0.255,50.53,Rejected
CAND_6A0C78,45,23,Sales Executive,Associate,Teams,63.5,0.521,7,100.0,100.0,Confident,3.43,4.39,48,0.439,90.74,Second Round
CAND_92AB6B,40,14,Software Engineer,Associate,HireVue,60.83,0.514,9,100.0,87.26,Confident,18.47,3.87,56,0.494,71.75,Hired
CAND_3FDD1D,29,8,Sales Executive,PhD,Teams,56.44,0.467,10,100.0,77.97,Confident,,3.91,63,0.277,80.06,Second Round
CAND_6021B3,26,4,Business Analyst,Master's,Google Meet,85.11,0.502,5,100.0,100.0,Confident,10.44,3.75,33,0.663,97.98,Hired
CAND_60D9B2,27,1,HR Manager,Associate,Google Meet,57.46,0.635,16,100.0,100.0,Confident,21.14,5.04,46,0.412,68.87,Second Round
CAND_D5DB93,43,22,HR Manager,Master's,Google Meet,,0.289,6,97.71,100.0,Confident,10.24,4.22,58,0.396,88.31,Hired
CAND_F20DAF,26,2,Marketing Analyst,Master's,HireVue,69.02,0.686,9,100.0,85.13,Confident,8.4,3.59,49,0.631,82.31,Hired
CAND_02B722,31,11,Product Manager,PhD,Zoom,68.82,0.749,9,89.25,69.32,Confident,,4.63,47,0.132,78.76,Rejected
CAND_A7C80B,36,15,Product Manager,Associate,HireVue,76.94,0.436,6,100.0,85.94,Confident,15.16,4.58,46,0.44,82.45,Hired
CAND_6C9560,29,3,UX Designer,PhD,Google Meet,58.76,0.587,6,100.0,100.0,Confident,4.28,4.25,38,0.737,70.46,Rejected
CAND_2445F6,38,17,HR Manager,PhD,HireVue,50.61,0.38,11,98.51,100.0,Confident,11.29,4.26,65,0.512,58.8,Rejected
CAND_42A573,43,22,Software Engineer,Associate,Zoom,56.31,0.622,10,91.13,62.05,Confident,33.89,6.09,39,0.469,73.92,Rejected
CAND_45124D,48,29,Marketing Analyst,Associate,Teams,86.42,0.388,4,81.25,100.0,Confident,17.45,5.03,22,0.668,85.3,Hired
CAND_4AF1DD,35,12,Data Scientist,Associate,Zoom,32.71,0.732,7,70.35,55.55,Confident,48.29,5.63,35,0.47,37.32,Rejected
CAND_E61547,44,24,Data Scientist,Bachelor's,HireVue,83.25,0.725,10,71.32,56.62,Neutral,31.95,4.88,53,0.215,92.9,Hired
CAND_0BDF41,32,11,UX Designer,Associate,Zoom,73.7,0.634,6,100.0,89.97,Confident,7.34,5.33,50,0.397,80.2,Rejected
CAND_62BDF4,26,10,Sales Executive,Master's,HireVue,184.9,0.581,1,100.0,,Neutral,9.86,3.83,47,0.573,100.0,Hired
CAND_BF2D0F,25,6,Software Engineer,Bachelor's,Google Meet,37.34,0.375,6,92.22,80.21,Confident,13.51,4.45,37,0.59,48.98,Rejected
CAND_A9A49C,23,0,Sales Executive,Bachelor's,Teams,60.88,0.787,7,91.54,,Neutral,28.73,5.5,26,0.527,70.32,Second Round
CAND_5C813E,22,0,UX Designer,Bachelor's,Teams,73.46,0.746,9,80.42,89.02,Confident,37.6,,36,0.142,79.05,Second Round
CAND_4D4A6E,29,2,HR Manager,Master's,Google Meet,31.18,0.571,15,88.21,53.82,Confident,27.15,5.3,57,0.959,37.01,Rejected
CAND_0F1E0A,20,0,HR Manager,Master's,Google Meet,60.54,0.594,6,91.92,57.71,Neutral,20.28,4.39,41,0.185,75.34,Second Round
CAND_008236,27,0,Product Manager,Associate,Google Meet,46.49,0.555,9,75.31,70.51,Confident,21.62,4.92,56,0.212,68.86,Hired
CAND_FDBD6A,38,11,UX Designer,Master's,Zoom,66.08,0.671,12,62.14,42.32,Neutral,31.76,4.47,71,0.322,68.19,Second Round
CAND_6419D1,24,0,Marketing Analyst,Bachelor's,Teams,69.59,0.57,11,99.61,91.96,Confident,18.93,4.24,62,0.687,86.5,Hired
CAND_C674EA,20,0,Marketing Analyst,Bachelor's,Zoom,78.36,0.453,9,68.0,57.38,Neutral,55.78,5.8,47,0.077,74.66,Rejected
CAND_488DFF,29,8,HR Manager,PhD,HireVue,62.68,0.585,13,98.71,100.0,Confident,22.98,4.86,40,0.487,63.54,Rejected
CAND_ECACCF,22,0,Software Engineer,Associate,Teams,45.78,0.573,11,96.45,84.54,Confident,22.52,4.16,67,0.607,54.46,Rejected
CAND_B5AFB8,39,17,Data Scientist,Bachelor's,Zoom,44.37,0.706,8,97.41,92.14,Neutral,12.23,3.69,64,0.116,62.52,Rejected
CAND_32807C,20,0,Product Manager,PhD,Zoom,69.71,0.669,13,100.0,100.0,Confident,7.4,4.24,29,0.388,69.33,Hired
CAND_ACD3DB,29,10,UX Designer,PhD,Zoom,50.71,0.345,4,75.37,92.51,Confident,15.44,4.23,44,0.0,55.57,Rejected
CAND_036302,32,11,UX Designer,Master's,Teams,59.05,0.666,5,83.5,93.01,Confident,18.58,5.0,44,0.725,70.26,Hired
CAND_9B0AA9,25,1,Sales Executive,Associate,HireVue,41.29,0.723,8,85.41,74.16,Confident,16.35,3.57,21,0.579,54.17,Rejected
CAND_98CA1E,30,8,Marketing Analyst,Bachelor's,Google Meet,69.04,0.382,10,90.25,93.68,Confident,38.39,5.26,55,0.474,61.5,Rejected
CAND_AE30FB,29,2,Marketing Analyst,Bachelor's,Zoom,64.74,0.771,9,90.03,75.35,Confident,20.2,7.1,39,0.417,68.52,Rejected
CAND_1EF329,52,34,Sales Executive,Master's,Zoom,,0.798,8,100.0,84.31,Confident,9.25,4.34,48,0.374,67.35,Second Round
CAND_9D5CA0,20,0,Data Scientist,Bachelor's,HireVue,57.36,0.513,17,64.65,70.39,Neutral,28.13,,40,0.656,63.94,Rejected
CAND_E4FA72,31,10,Data Scientist,Bachelor's,Zoom,145.6,0.335,0,78.08,60.04,Neutral,16.25,4.72,38,0.399,95.56,Hired
CAND_6C96C3,38,14,Product Manager,Bachelor's,Teams,34.36,0.51,14,100.0,100.0,Confident,7.58,3.99,39,0.745,59.71,Rejected
CAND_85CC25,21,4,HR Manager,Bachelor's,HireVue,72.87,0.592,7,100.0,84.81,Confident,11.56,4.48,22,0.484,80.6,Second Round
CAND_800E46,37,18,Data Scientist,Bachelor's,Teams,,0.651,11,67.51,55.04,Confident,41.49,6.35,28,0.776,56.45,Rejected
CAND_9BA1CE,20,0,UX Designer,PhD,Google Meet,63.09,0.643,8,99.77,59.05,Confident,16.64,3.84,42,0.477,67.29,Hired
CAND_6685F7,33,13,Product Manager,Bachelor's,Teams,76.47,0.794,7,100.0,83.11,Confident,20.57,4.66,49,0.408,83.64,Second Round
CAND_415C47,36,14,Software Engineer,Associate,Zoom,36.19,0.63,9,87.41,76.73,Confident,15.37,4.4,51,0.653,54.09,On Hold
CAND_BC858D,38,14,Data Scientist,Master's,HireVue,55.19,0.655,6,93.79,87.95,Confident,9.58,5.2,36,0.428,74.22,Rejected
CAND_730A2C,31,8,Sales Executive,Bachelor's,Zoom,79.44,0.627,5,93.69,100.0,Neutral,18.34,4.07,24,0.584,88.12,Hired
CAND_8665E2,25,0,UX Designer,Master's,Zoom,66.86,0.474,7,100.0,,Confident,,4.37,68,0.729,78.86,Hired
CAND_1A587D,20,0,Software Engineer,Master's,Google Meet,33.3,0.503,8,78.55,88.46,Confident,34.67,5.22,28,0.411,45.17,Rejected
CAND_33DC72,47,24,Software Engineer,Master's,Zoom,48.66,0.391,13,84.13,57.34,Confident,34.77,6.08,65,0.344,62.14,Rejected
CAND_970CAB,31,7,Product Manager,Associate,Google Meet,,0.455,8,100.0,97.02,Neutral,13.36,4.87,40,0.324,65.99,Hired
CAND_0AD82D,29,2,Data Scientist,Master's,HireVue,67.66,0.426,6,80.34,46.42,Neutral,19.43,5.13,55,0.845,75.06,Second Round
CAND_9D54D3,21,3,Sales Executive,Associate,Google Meet,51.1,0.742,13,100.0,100.0,Confident,16.96,4.42,37,0.7,62.53,Rejected
CAND_5A70E8,34,14,Data Scientist,Master's,Zoom,79.19,,8,70.97,61.29,Neutral,49.49,8.55,62,0.48,68.07,Hired
CAND_DA2A61,36,12,Sales Executive,PhD,Zoom,70.77,0.697,7,100.0,65.5,Confident,13.63,4.44,35,0.676,68.45,Rejected
CAND_C88DC2,20,1,Marketing Analyst,Master's,Teams,31.28,0.618,17,100.0,91.82,Confident,21.26,4.41,34,0.86,37.62,Rejected
CAND_A4B3CF,33,18,Business Analyst,PhD,Zoom,72.64,0.776,6,100.0,60.12,Confident,29.56,,50,0.0,81.23,Hired
CAND_9563F0,31,7,Data Scientist,PhD,Teams,54.75,0.666,12,91.14,100.0,Confident,32.18,4.61,35,0.741,67.49,Hired
CAND_2C522A,24,0,HR Manager,Master's,HireVue,58.01,0.714,9,100.0,93.07,Confident,6.52,3.47,37,0.54,60.79,Rejected
CAND_E521D0,20,0,Marketing Analyst,PhD,Google Meet,67.42,0.804,12,87.47,70.4,Confident,34.13,5.1,49,0.743,73.58,Rejected
CAND_90AB1F,28,0,Product Manager,Associate,Google Meet,50.64,0.216,8,100.0,58.66,Confident,18.5,3.81,38,0.635,70.53,Second Round
CAND_5D131D,35,9,Product Manager,PhD,Google Meet,66.93,0.77,8,95.65,73.81,Confident,,4.58,60,0.795,75.93,Hired
CAND_2A3F54,31,6,Sales Executive,PhD,Google Meet,35.5,0.513,10,88.31,66.52,Confident,23.88,5.58,54,0.327,42.8,Rejected
CAND_8004F4,34,15,Marketing Analyst,Master's,Zoom,54.98,0.784,9,100.0,87.97,Confident,25.51,4.32,49,0.177,73.28,Rejected
CAND_E38ED1,33,8,Business Analyst,Associate,HireVue,38.58,0.342,9,89.11,63.74,Confident,29.81,4.75,52,0.457,50.32,Rejected
CAND_ECA4AD,24,5,HR Manager,Master's,Google Meet,45.27,0.481,13,97.99,,Confident,15.94,3.93,49,0.505,71.72,Rejected
CAND_3261FE,30,8,Product Manager,Master's,HireVue,55.31,0.554,12,98.7,,Confident,18.08,4.95,51,0.208,64.72,Rejected
CAND_623B5C,24,5,Sales Executive,Master's,HireVue,60.01,0.57,14,93.47,100.0,Confident,14.58,4.05,50,0.543,77.39,Hired
CAND_BD2F32,37,13,Business Analyst,Associate,Google Meet,64.34,0.55,8,100.0,87.12,Confident,7.04,3.72,38,0.46,68.8,Rejected
CAND_3E5039,38,14,Software Engineer,Bachelor's,Zoom,124.66,0.673,2,100.0,100.0,Confident,19.13,5.7,61,0.488,92.04,Second Round
CAND_6D47BB,29,10,Marketing Analyst,Bachelor's,Teams,74.56,0.74,7,100.0,63.37,Confident,10.86,3.52,22,0.603,88.41,Hired
CAND_4491A6,20,0,HR Manager,Master's,Google Meet,19.66,0.844,13,100.0,100.0,Neutral,24.67,5.39,35,0.61,55.15,Rejected
CAND_7B282B,40,16,Sales Executive,Bachelor's,Zoom,57.71,0.554,13,76.89,85.26,Confident,27.13,4.83,35,0.464,67.33,Rejected
CAND_C30CFD,37,10,HR Manager,Bachelor's,Google Meet,28.01,0.602,12,100.0,100.0,Confident,16.03,4.28,56,0.283,66.83,Second Round
CAND_473697,25,4,Data Scientist,Associate,Teams,43.74,0.773,13,60.1,58.95,Neutral,49.52,5.74,66,0.522,52.58,Rejected
CAND_100E36,25,4,HR Manager,Master's,Teams,34.13,0.385,13,100.0,100.0,Confident,7.48,3.95,47,0.333,58.86,On Hold
CAND_F83606,27,1,Business Analyst,Master's,Teams,32.01,,11,89.32,77.92,Confident,34.84,4.72,39,0.653,47.63,Rejected
CAND_E76A1C,23,0,Product Manager,Master's,Teams,51.46,0.692,7,100.0,75.81,Neutral,1.32,4.23,42,0.186,67.97,Rejected
CAND_74E275,24,2,Software Engineer,PhD,HireVue,53.48,0.694,13,83.93,91.16,Neutral,15.92,3.8,52,0.642,66.79,Second Round
CAND_9607B8,33,9,UX Designer,PhD,Google Meet,69.23,0.533,8,99.5,100.0,Confident,24.99,4.46,38,0.557,72.49,Hired
CAND_BCA3C9,45,20,Software Engineer,PhD,HireVue,93.63,0.622,9,90.75,80.28,Confident,24.43,4.09,48,0.609,85.84,Hired
CAND_ADEA96,26,4,Business Analyst,Bachelor's,Zoom,46.27,0.586,10,89.36,70.31,Neutral,25.36,5.82,46,0.506,54.91,Rejected
CAND_A2F59A,30,8,Software Engineer,PhD,Teams,55.89,0.574,7,100.0,75.8,Confident,13.13,3.96,36,0.387,71.69,Second Round
CAND_E8A5BD,30,7,Sales Executive,Master's,Teams,49.84,0.562,12,100.0,100.0,Confident,19.97,4.38,55,0.416,61.23,Rejected
CAND_C82C01,22,0,Product Manager,Bachelor's,HireVue,73.52,0.468,7,100.0,68.63,Confident,12.32,4.09,58,0.403,84.57,Rejected
CAND_9EDB52,36,17,Business Analyst,Associate,Zoom,53.62,0.556,14,92.72,91.96,Confident,20.12,4.44,57,0.313,58.83,Rejected
CAND_5D3155,30,9,UX Designer,Bachelor's,Teams,46.88,0.731,10,74.61,69.91,Confident,58.29,6.51,48,0.473,57.33,Rejected
CAND_BF21B3,42,21,Data Scientist,Bachelor's,Google Meet,53.54,0.664,5,84.95,92.44,Confident,18.33,4.22,39,0.46,62.58,On Hold
CAND_12C265,36,14,Business Analyst,Master's,Google Meet,52.77,0.398,10,92.08,71.06,Confident,12.13,3.98,51,0.406,71.76,Second Round
CAND_F2E767,40,15,Product Manager,Bachelor's,Google Meet,63.84,0.656,3,100.0,,Confident,0.66,4.38,32,0.717,76.75,Second Round
CAND_54CD1C,29,9,Sales Executive,PhD,Teams,76.42,0.612,7,100.0,73.54,Neutral,7.37,4.12,32,0.412,85.21,Hired
CAND_4BAFDF,48,25,Data Scientist,Master's,Zoom,,0.445,10,100.0,76.86,Confident,14.86,4.14,53,0.338,71.39,Hired
CAND_3D0B9A,20,0,Sales Executive,Bachelor's,Teams,80.94,0.521,7,88.84,82.91,Confident,41.74,5.21,29,0.539,66.41,Second Round
CAND_EE110D,28,8,Data Scientist,Master's,Zoom,67.34,0.532,10,77.26,68.59,Neutral,,4.77,40,0.401,69.13,Rejected
CAND_782D40,32,9,Sales Executive,PhD,Teams,39.26,0.516,7,100.0,91.22,Confident,5.44,3.29,74,0.517,63.02,Rejected
CAND_F6662B,28,5,Software Engineer,PhD,Google Meet,56.62,0.392,8,100.0,100.0,Confident,11.72,3.49,36,0.497,64.09,Rejected
CAND_09D60E,30,8,Sales Executive,PhD,Google Meet,52.64,0.398,12,76.07,72.67,Neutral,35.97,6.44,44,0.477,58.31,Rejected
CAND_E10A48,52,31,Marketing Analyst,Master's,Zoom,91.0,0.584,2,98.64,96.82,Confident,8.23,3.76,70,0.644,83.61,Hired
CAND_2B6460,33,12,HR Manager,Bachelor's,Google Meet,39.26,0.691,12,85.23,62.27,Confident,28.96,5.18,55,1.0,62.46,Rejected
CAND_8ED1D5,33,7,HR Manager,Bachelor's,HireVue,45.56,0.528,7,100.0,100.0,Confident,10.4,3.71,29,0.15,68.69,Hired
CAND_006983,28,3,Business Analyst,Associate,HireVue,75.89,0.573,6,82.8,73.6,Neutral,41.77,5.92,36,0.405,91.76,Second Round
CAND_1503CB,27,7,Marketing Analyst,PhD,HireVue,59.96,0.497,5,100.0,96.79,Confident,3.48,4.66,47,0.584,65.4,Second Round
CAND_5E57DD,26,0,Business Analyst,Master's,HireVue,74.4,0.788,9,100.0,100.0,Confident,8.23,3.98,27,0.317,86.28,Second Round
CAND_CB2162,29,6,HR Manager,Bachelor's,Google Meet,46.35,0.654,7,94.14,89.35,Confident,9.08,4.57,48,0.565,62.4,Rejected
CAND_C963AE,20,0,Product Manager,PhD,Teams,58.5,0.633,13,79.27,51.86,Confident,25.4,4.96,28,0.575,55.62,Rejected
CAND_93A8C1,20,0,Marketing Analyst,Master's,HireVue,56.9,0.422,13,100.0,100.0,Confident,4.66,3.97,35,0.798,67.08,Rejected
CAND_326946,35,11,Product Manager,Associate,Google Meet,52.58,0.557,15,74.77,54.98,Confident,28.33,4.56,47,0.527,62.64,Rejected
CAND_BF7DE9,32,12,Sales Executive,Master's,Google Meet,42.7,0.616,9,66.4,53.14,Neutral,43.14,5.3,60,0.478,43.1,Rejected
CAND_35391E,28,5,Marketing Analyst,Master's,Teams,60.31,0.731,12,100.0,100.0,Confident,15.24,3.91,42,0.443,59.26,Rejected
CAND_7F054E,28,10,Product Manager,Master's,Google Meet,63.46,0.66,10,100.0,97.08,Confident,7.37,4.64,65,0.528,65.89,Second Round
CAND_A78652,28,3,Marketing Analyst,Bachelor's,HireVue,69.24,0.756,10,97.51,100.0,Confident,25.79,4.14,48,0.431,77.85,Hired
CAND_7629D1,20,0,Business Analyst,PhD,Teams,34.37,0.436,9,79.95,53.42,Confident,23.92,5.25,40,0.409,44.33,Rejected
CAND_A2EDA8,26,3,Data Scientist,PhD,Google Meet,73.04,0.501,7,88.72,100.0,Confident,20.12,5.15,67,0.886,84.05,Second Round
CAND_EADC79,39,14,Software Engineer,Associate,Teams,92.35,0.749,6,67.84,41.84,Slouched,40.91,5.39,39,0.661,82.08,Second Round
CAND_891DEA,37,19,HR Manager,Bachelor's,Teams,27.2,0.495,13,99.96,81.67,Neutral,8.38,4.06,39,0.327,44.54,Rejected
CAND_B37A01,35,13,Software Engineer,Master's,Teams,71.86,0.303,6,74.53,79.77,Neutral,40.66,5.99,46,0.542,62.04,Rejected
CAND_327E9D,30,10,Business Analyst,PhD,Google Meet,62.2,0.391,14,100.0,76.16,Confident,16.71,4.49,40,0.34,70.08,Hired
CAND_8A526C,20,0,Data Scientist,PhD,Teams,89.08,0.549,4,100.0,100.0,Confident,14.06,5.92,40,0.672,90.66,Hired
CAND_EA05B0,20,0,Software Engineer,PhD,Zoom,78.42,0.686,6,77.63,76.48,Neutral,39.28,6.58,54,0.573,81.99,Hired
CAND_8EB868,45,28,HR Manager,Associate,Teams,56.42,0.558,12,96.79,100.0,Confident,22.19,4.8,54,0.213,76.05,Hired
CAND_FC6746,26,2,Data Scientist,Associate,Teams,37.01,0.785,11,100.0,85.3,Confident,18.81,4.61,34,0.649,53.28,Rejected
CAND_73621B,36,14,Product Manager,Master's,Teams,44.39,0.729,11,98.93,52.24,Confident,23.24,4.44,40,0.632,59.18,Rejected
CAND_08416B,20,0,Product Manager,Bachelor's,Google Meet,164.95,0.769,0,100.0,62.26,Confident,19.21,4.06,37,0.935,100.0,Hired
CAND_B85D23,33,12,HR Manager,Associate,Teams,49.17,0.717,14,74.23,84.41,Neutral,27.9,5.95,46,0.596,57.04,Rejected
CAND_21B55A,44,22,HR Manager,Master's,Teams,58.77,0.608,5,99.42,70.82,Neutral,15.59,5.33,59,0.436,78.66,Hired
CAND_767354,35,13,UX Designer,Bachelor's,Teams,44.05,0.825,10,100.0,,Confident,14.7,3.85,64,0.51,48.02,Rejected
CAND_13DBBF,34,12,Marketing Analyst,PhD,Zoom,52.81,0.614,13,75.21,53.23,Neutral,46.88,5.34,40,0.925,52.29,Rejected
CAND_12070A,34,8,Data Scientist,Bachelor's,Zoom,41.74,0.584,9,100.0,57.17,Confident,7.71,3.77,36,0.578,60.86,On Hold
CAND_BEDF61,42,14,UX Designer,Master's,Google Meet,51.31,0.645,12,100.0,81.39,Confident,27.55,4.52,31,0.358,65.66,Rejected
CAND_11FD51,20,0,Sales Executive,Bachelor's,Zoom,,0.2,10,99.98,97.23,Confident,17.54,4.77,58,0.71,73.01,Second Round
CAND_FEE44F,23,3,Business Analyst,Associate,Zoom,17.53,0.572,11,100.0,,Confident,14.58,5.51,61,0.659,61.24,Rejected
CAND_EED69E,34,7,Business Analyst,Associate,Google Meet,47.48,0.796,6,78.19,67.84,Neutral,42.66,,58,0.091,59.59,Rejected
CAND_D6ADD4,33,12,Business Analyst,PhD,Google Meet,53.44,0.588,7,73.92,59.58,Slouched,39.01,5.29,39,0.582,55.76,On Hold
CAND_362A5A,24,3,Product Manager,Master's,Zoom,193.8,0.468,0,77.7,76.88,Neutral,19.48,4.39,49,0.689,100.0,Hired
CAND_FA7930,35,15,UX Designer,Master's,Teams,54.06,0.455,10,83.55,,Confident,35.94,7.59,35,0.328,60.62,Rejected
CAND_92B54E,23,2,Sales Executive,Associate,Zoom,50.22,0.62,9,100.0,94.35,Confident,6.16,3.47,32,0.723,63.59,Rejected
CAND_2015DA,28,13,Marketing Analyst,Associate,Google Meet,63.51,0.65,7,100.0,88.6,Confident,7.43,4.73,39,0.303,66.44,Second Round
CAND_5C5D60,28,7,Data Scientist,PhD,Google Meet,71.16,0.509,12,100.0,95.39,Neutral,8.27,4.06,43,0.932,90.08,Hired
CAND_B76D9F,34,15,Data Scientist,Bachelor's,HireVue,40.77,0.456,14,63.6,58.89,Confident,54.78,6.31,50,0.639,49.78,Rejected
CAND_45289E,29,9,HR Manager,Associate,Google Meet,56.56,0.752,8,100.0,67.37,Confident,16.99,4.57,53,0.112,61.69,Rejected
CAND_09C9EF,24,0,Sales Executive,Associate,Zoom,48.86,0.6,11,100.0,76.82,Confident,15.79,4.64,75,0.707,65.89,Hired
CAND_B32B42,32,11,Product Manager,Bachelor's,Google Meet,76.71,0.647,8,100.0,,Confident,14.28,4.17,56,0.365,79.06,Rejected
CAND_160446,32,9,HR Manager,Bachelor's,Zoom,74.47,0.788,5,93.15,90.37,Neutral,17.36,4.38,34,0.444,81.77,Hired
CAND_2B9672,30,10,Data Scientist,Bachelor's,HireVue,64.03,0.798,7,100.0,55.38,Confident,9.04,3.98,48,0.328,68.57,Hired
CAND_82DF02,23,2,Sales Executive,Bachelor's,HireVue,49.1,0.771,11,100.0,94.26,Confident,16.21,3.65,39,0.286,59.2,Rejected
CAND_1661E1,47,25,HR Manager,Master's,Google Meet,,0.631,6,100.0,,Confident,4.96,4.54,47,0.346,74.55,Second Round
CAND_BCA7B4,20,0,UX Designer,Associate,Zoom,62.45,0.71,4,100.0,100.0,Confident,15.93,3.91,45,0.525,75.83,Hired
CAND_5ECFB0,20,0,Product Manager,Bachelor's,Teams,63.03,0.849,8,100.0,91.44,Neutral,10.83,5.0,38,0.745,74.63,Rejected
CAND_5590D7,33,7,Marketing Analyst,PhD,HireVue,20.83,0.774,16,75.56,71.77,Confident,27.38,4.65,34,0.506,32.79,Rejected
CAND_9F9454,36,21,Data Scientist,Bachelor's,Google Meet,70.18,0.671,8,100.0,74.9,Confident,2.86,3.18,39,0.407,72.6,Second Round
CAND_44DDC4,23,0,Marketing Analyst,Master's,Zoom,57.33,0.718,10,94.09,,Neutral,23.45,5.95,50,0.336,69.85,Rejected
CAND_7C8F60,27,0,UX Designer,Associate,Google Meet,57.97,0.776,10,100.0,95.1,Confident,25.51,4.56,37,0.439,65.92,Rejected
CAND_5727DE,35,10,Product Manager,Master's,Zoom,80.98,0.715,10,100.0,100.0,Confident,16.08,6.27,61,0.369,95.93,Hired
CAND_C8F29E,32,10,Business Analyst,Associate,HireVue,39.11,0.288,8,79.15,,Confident,13.13,4.35,32,0.55,48.08,Rejected
CAND_38A78D,32,11,Sales Executive,PhD,Zoom,80.17,,2,87.94,69.92,Confident,23.62,5.4,43,0.416,86.9,Hired
CAND_265A9D,25,7,Sales Executive,Associate,Google Meet,62.61,0.556,9,99.18,100.0,Confident,16.27,4.89,48,0.524,87.27,Hired
CAND_E89316,20,0,UX Designer,Master's,Zoom,61.53,0.598,14,92.33,99.61,Confident,25.92,5.09,35,0.69,70.05,Second Round
CAND_EFA5DA,20,1,Software Engineer,Associate,Google Meet,59.61,0.355,5,100.0,65.44,Confident,10.05,4.3,25,0.778,76.51,Second Round
CAND_742284,32,12,HR Manager,PhD,Teams,59.59,0.799,5,81.12,72.16,Confident,24.39,5.34,49,0.543,77.75,Second Round
CAND_7EE8BE,35,13,UX Designer,PhD,Zoom,38.91,0.69,9,100.0,72.38,Confident,11.09,,39,0.596,60.62,Rejected
CAND_7CE0D4,23,5,Product Manager,PhD,Google Meet,52.22,0.754,10,100.0,89.4,Confident,2.08,3.65,30,0.922,69.07,Second Round
CAND_131657,25,5,UX Designer,Associate,Google Meet,,0.447,11,100.0,71.73,Confident,2.18,,42,0.159,57.06,Rejected
CAND_0DBB9D,45,20,HR Manager,Associate,HireVue,47.74,0.518,13,95.37,72.11,Confident,12.53,3.62,45,0.556,70.4,Second Round
CAND_BE0BD9,25,4,Marketing Analyst,Associate,Teams,52.25,0.803,7,100.0,76.08,Confident,8.3,4.19,49,0.825,62.36,Rejected
CAND_818606,34,13,Marketing Analyst,PhD,Zoom,48.65,0.8,16,72.5,40.02,Confident,35.52,5.32,44,0.256,57.35,Rejected
CAND_69BF1A,30,6,Software Engineer,Associate,Teams,134.53,0.44,1,89.96,90.47,Confident,14.14,4.62,24,0.51,100.0,Hired
CAND_CC1B7C,28,4,Business Analyst,Associate,Google Meet,58.86,0.515,11,100.0,,Neutral,11.61,4.11,44,0.544,67.97,Second Round
CAND_64B644,40,13,Software Engineer,Associate,Teams,68.18,0.611,10,100.0,92.37,Confident,4.85,3.09,56,0.707,86.7,Hired
CAND_42CF2B,39,19,Sales Executive,Master's,Teams,70.65,0.652,6,100.0,78.61,Confident,12.03,,51,0.337,70.48,Second Round
CAND_16D4CB,31,14,Software Engineer,Associate,Teams,53.95,0.689,12,100.0,72.61,Confident,5.88,5.44,42,0.317,72.09,Rejected
CAND_22FCBE,33,9,Product Manager,Bachelor's,Teams,,0.552,6,100.0,80.9,Confident,15.63,4.31,51,0.357,73.45,Second Round
CAND_CC1968,38,16,Business Analyst,Bachelor's,Teams,83.85,0.614,7,100.0,54.44,Confident,5.29,3.11,56,0.431,92.76,Hired
CAND_DE379E,32,5,Marketing Analyst,Associate,HireVue,67.46,0.566,6,88.23,86.28,Confident,25.43,4.59,55,0.174,81.48,Hired
CAND_4F1E22,31,9,Software Engineer,PhD,Google Meet,80.89,0.288,14,100.0,76.61,Confident,1.28,3.37,46,0.413,90.36,Hired
CAND_887EBA,22,0,Sales Executive,Master's,Google Meet,61.17,0.913,10,87.9,69.88,Confident,23.07,4.93,52,0.158,77.7,Rejected
CAND_F5DE4A,34,9,Software Engineer,Associate,Zoom,19.48,0.74,14,100.0,98.44,Confident,3.58,3.39,40,0.416,43.74,Rejected
CAND_FF2834,32,8,Product Manager,Bachelor's,Google Meet,63.59,0.826,6,56.41,79.13,Neutral,23.26,4.36,40,0.25,60.1,Rejected
CAND_23C1FC,26,3,Product Manager,Master's,Teams,52.43,0.48,11,91.34,100.0,Neutral,26.74,4.62,22,0.327,56.63,Rejected
CAND_EF3EE6,20,0,Product Manager,Bachelor's,Google Meet,92.23,0.577,5,100.0,89.78,Confident,9.4,3.42,58,0.425,96.77,Hired
CAND_E36DD4,24,1,HR Manager,Associate,HireVue,60.64,0.733,6,75.28,74.15,Confident,19.79,4.42,51,0.482,68.72,Rejected
CAND_E67CB9,36,15,HR Manager,Master's,HireVue,56.98,0.747,11,91.78,77.32,Neutral,16.88,4.42,39,0.452,61.21,Rejected
CAND_37E07E,33,17,HR Manager,Master's,Zoom,49.0,0.768,12,77.67,58.76,Confident,37.62,5.44,37,0.683,60.37,Rejected
CAND_B8039D,32,7,Product Manager,Bachelor's,Zoom,78.01,0.397,10,100.0,100.0,Confident,19.68,4.84,52,0.578,79.28,Hired
CAND_852643,31,6,Marketing Analyst,PhD,Teams,77.25,0.763,9,86.63,68.3,Confident,14.63,,59,0.609,81.44,Rejected
CAND_0753CF,33,13,UX Designer,Master's,Teams,49.79,0.681,9,100.0,,Confident,25.91,4.86,39,0.53,49.57,Rejected
CAND_BF08F6,25,1,HR Manager,Bachelor's,Teams,53.13,0.706,10,98.48,90.01,Confident,21.29,4.57,47,0.529,56.41,Rejected
CAND_54FE21,37,15,HR Manager,Associate,Zoom,41.03,0.561,15,76.42,60.65,Neutral,49.71,6.76,30,0.654,49.96,Rejected
CAND_CFD2CA,32,6,Business Analyst,PhD,Google Meet,,0.787,9,88.33,85.06,Confident,16.11,4.37,47,0.697,64.82,Rejected
CAND_6DD7C0,26,4,Product Manager,Bachelor's,Google Meet,73.01,0.632,7,100.0,93.93,Confident,14.59,4.2,40,0.863,73.46,Rejected
CAND_4EC3C8,27,4,Software Engineer,Bachelor's,Teams,38.73,0.733,12,100.0,72.08,Confident,3.13,3.19,54,0.157,60.66,Rejected
CAND_843DAC,33,13,Business Analyst,Bachelor's,Teams,70.09,0.764,6,98.73,71.55,Confident,15.78,4.39,37,0.437,83.6,Rejected
CAND_7D1D28,24,1,Software Engineer,Bachelor's,Zoom,51.2,0.554,5,100.0,,Confident,3.14,3.52,49,0.539,71.34,Rejected
CAND_BC8FA9,23,9,HR Manager,Bachelor's,HireVue,75.72,0.595,2,87.53,54.45,Confident,19.48,4.74,47,0.834,70.7,Second Round
CAND_CA7F5B,20,0,Software Engineer,Bachelor's,Teams,60.25,0.486,10,73.18,63.63,Confident,36.41,5.01,58,0.734,59.01,Rejected
CAND_A882BA,35,14,Software Engineer,PhD,Google Meet,75.95,0.691,8,90.76,100.0,Neutral,27.3,5.3,53,0.131,80.68,Rejected
CAND_2DEA13,22,0,Marketing Analyst,Bachelor's,Google Meet,71.66,0.612,10,96.99,91.05,Confident,12.22,4.11,33,0.194,80.54,Hired
CAND_DFA8E6,28,5,HR Manager,PhD,Zoom,79.89,0.425,7,69.02,,Confident,42.29,5.19,43,0.371,86.34,Hired
CAND_A9D9F5,35,21,UX Designer,Bachelor's,Google Meet,72.03,0.2,4,100.0,100.0,Confident,3.46,3.84,49,0.724,81.68,Second Round
CAND_768C74,45,24,Marketing Analyst,Associate,Google Meet,26.29,0.507,14,57.65,50.13,Neutral,48.11,5.7,43,0.522,33.43,Rejected
CAND_A44892,34,12,Software Engineer,Bachelor's,Zoom,,0.514,7,100.0,87.73,Confident,10.07,3.6,63,0.429,86.97,Second Round
CAND_B42FBB,20,0,Business Analyst,Associate,Google Meet,64.96,0.658,14,70.89,63.35,Neutral,17.74,5.2,55,0.813,73.33,Rejected
CAND_14F4A4,26,6,Sales Executive,PhD,Zoom,67.71,0.576,13,100.0,98.58,Confident,27.75,5.09,52,0.126,63.55,Rejected
CAND_6888DF,38,14,Software Engineer,Master's,HireVue,88.61,0.417,9,100.0,79.96,Confident,11.76,4.53,49,0.427,92.68,Hired
CAND_101910,20,0,HR Manager,Master's,HireVue,45.61,0.557,7,61.08,44.45,Slouched,34.74,7.74,35,0.302,43.75,Rejected
CAND_5233AD,29,9,Data Scientist,PhD,HireVue,33.01,0.544,16,91.75,87.73,Confident,14.41,3.83,62,0.496,46.79,Rejected
CAND_46BB1D,20,0,HR Manager,Bachelor's,Zoom,63.41,0.748,7,88.64,69.19,Confident,,4.56,35,0.356,73.45,Rejected
CAND_60AD53,31,8,HR Manager,Associate,Google Meet,51.11,0.366,7,83.08,,Confident,36.0,5.24,35,0.257,66.53,Second Round
CAND_AA216F,34,9,UX Designer,Master's,Teams,74.09,0.475,6,100.0,93.9,Confident,29.41,5.05,41,0.868,73.18,Rejected
CAND_4472F1,43,20,Software Engineer,PhD,Zoom,69.17,0.778,11,93.83,100.0,Confident,26.37,5.42,50,0.546,76.41,Second Round
CAND_D79AAB,38,16,UX Designer,PhD,Teams,46.04,0.57,13,91.43,83.84,Neutral,19.78,,48,0.275,56.65,Rejected
CAND_E9F2F4,41,14,Data Scientist,PhD,HireVue,67.27,0.784,6,98.34,64.29,Confident,8.12,,53,0.849,84.35,Rejected
CAND_5F8DE5,22,2,Business Analyst,Master's,Google Meet,23.69,0.716,10,100.0,100.0,Confident,3.47,3.54,36,0.475,50.35,Rejected
CAND_DDFF1F,31,9,Product Manager,PhD,Teams,63.28,0.436,7,63.7,55.6,Neutral,49.17,6.36,50,0.272,61.42,Rejected
CAND_FA807D,29,4,Product Manager,Bachelor's,HireVue,72.24,0.569,3,82.79,71.03,Confident,40.64,5.13,63,0.486,76.1,Rejected
CAND_78AC42,28,0,Business Analyst,Bachelor's,Zoom,50.41,0.722,11,100.0,,Confident,,4.67,52,0.63,62.91,Rejected
CAND_A4D4BF,28,7,Marketing Analyst,Associate,HireVue,43.27,0.736,13,88.16,73.78,Confident,25.96,5.04,36,0.543,57.13,Rejected
CAND_7DC50A,20,0,UX Designer,Bachelor's,Teams,54.17,0.691,10,79.12,50.4,Confident,37.99,,53,0.827,54.22,Rejected
CAND_E9FAB9,44,25,Product Manager,Associate,Teams,20.61,0.276,17,81.72,,Neutral,34.35,6.03,43,0.789,45.62,Rejected
CAND_3C25D8,35,14,UX Designer,PhD,Google Meet,48.52,0.601,9,91.53,,Confident,18.59,3.68,20,0.422,61.7,Rejected
CAND_198E1C,20,0,Software Engineer,Master's,Google Meet,68.76,0.358,7,100.0,70.25,Confident,18.96,6.53,56,0.778,90.59,Hired
CAND_3EC7A2,29,6,Marketing Analyst,Associate,Zoom,80.55,0.369,2,100.0,89.26,Confident,7.51,3.53,50,0.743,89.17,Hired
CAND_1480F8,36,13,Sales Executive,Master's,Zoom,66.98,0.41,8,79.78,59.5,Confident,36.73,4.83,32,0.683,69.4,Hired
CAND_BF7D74,43,24,Sales Executive,Master's,Zoom,62.57,0.215,10,73.39,63.58,Neutral,20.86,4.62,52,0.601,65.67,Rejected
CAND_2DA6FF,40,17,UX Designer,Master's,HireVue,43.23,0.623,12,78.93,73.93,Neutral,30.2,5.17,50,0.532,54.16,Rejected
CAND_93685E,30,7,Sales Executive,Bachelor's,Zoom,61.33,0.552,10,100.0,88.86,Confident,4.62,3.55,66,0.893,77.8,Second Round
CAND_6889D6,44,21,Product Manager,PhD,Teams,38.43,0.461,14,74.22,75.23,Confident,34.75,5.62,63,0.451,49.73,Rejected
CAND_0BC8FA,28,2,HR Manager,Master's,Zoom,45.28,0.508,8,99.8,94.36,Confident,8.72,3.74,45,0.665,65.45,Second Round
CAND_1E9718,30,7,Sales Executive,Bachelor's,Teams,,0.492,15,79.7,72.77,Confident,27.73,7.52,62,0.229,56.74,On Hold
CAND_4EC6A8,20,0,Marketing Analyst,Master's,Teams,65.93,0.46,8,73.26,82.61,Neutral,22.85,4.87,37,0.59,61.89,Rejected
CAND_34C9CC,20,0,Sales Executive,Master's,Zoom,84.89,0.665,6,100.0,,Neutral,14.47,8.65,26,0.335,82.59,Second Round
CAND_758EC7,28,3,Sales Executive,Associate,Zoom,30.78,0.477,7,75.15,63.96,Neutral,20.35,4.24,30,0.337,44.39,Rejected
CAND_1BC3C0,32,13,HR Manager,Bachelor's,HireVue,67.73,0.664,7,100.0,,Confident,7.66,4.27,46,0.298,73.98,Rejected
CAND_B9C6A2,31,10,HR Manager,PhD,HireVue,71.4,0.531,11,73.38,74.26,Confident,24.79,5.52,34,0.689,69.45,Second Round
CAND_5B1F76,28,6,HR Manager,PhD,Zoom,52.01,0.509,6,85.64,72.38,Confident,26.86,4.46,50,0.034,65.27,Second Round
CAND_9B60D2,33,11,HR Manager,Master's,Teams,,0.613,13,78.48,85.93,Neutral,35.46,5.78,54,0.431,50.05,Rejected
CAND_97E2F3,31,17,Software Engineer,PhD,Teams,69.74,0.596,7,100.0,100.0,Confident,3.14,4.02,55,0.415,85.57,Hired
CAND_4E8ABC,39,18,Product Manager,Associate,Google Meet,,0.609,10,100.0,89.5,Confident,11.5,4.49,27,0.4,75.34,Second Round
CAND_CF9C91,30,8,UX Designer,Master's,Teams,73.0,0.342,6,100.0,81.21,Confident,8.46,4.11,53,0.495,91.3,Hired
CAND_763178,27,0,Data Scientist,PhD,Teams,,0.764,13,92.55,91.02,Confident,16.31,4.03,41,0.225,65.93,Rejected
CAND_F4D472,31,5,Software Engineer,Associate,Zoom,58.56,0.678,5,100.0,96.95,Neutral,32.17,4.68,41,0.583,77.9,Rejected
CAND_63096C,20,0,Sales Executive,Master's,HireVue,68.39,0.677,9,99.24,100.0,Confident,3.86,2.87,46,0.799,84.82,Second Round
CAND_7424DF,23,0,Business Analyst,Associate,Zoom,69.4,0.563,11,100.0,88.63,Neutral,3.99,3.24,60,0.667,71.19,Hired
CAND_681F8F,32,6,Software Engineer,Bachelor's,Zoom,92.1,0.521,10,95.16,100.0,Neutral,27.41,4.54,30,0.5,91.52,Hired
CAND_F0C626,37,15,Product Manager,Associate,Zoom,56.17,0.839,8,60.37,39.42,Confident,49.94,6.5,41,0.363,50.58,Rejected
CAND_E6B9A1,23,0,Product Manager,Associate,Google Meet,75.7,0.608,14,96.96,64.67,Confident,19.5,5.86,45,0.486,76.5,Hired
CAND_6B6D3B,22,0,UX Designer,PhD,HireVue,72.35,0.56,9,100.0,100.0,Confident,2.8,,41,0.445,71.51,Rejected
CAND_E32EF6,49,26,Sales Executive,Master's,Teams,68.98,0.511,4,100.0,100.0,Confident,6.72,4.39,39,0.626,84.4,Rejected
CAND_184286,27,4,UX Designer,PhD,HireVue,82.07,0.607,10,100.0,,Confident,19.23,4.21,38,0.368,88.84,Hired
CAND_EEF47F,39,19,Data Scientist,PhD,HireVue,50.55,0.599,4,76.41,76.22,Confident,,5.05,39,0.161,55.8,Rejected
CAND_CCBA0D,28,5,Marketing Analyst,Associate,Teams,86.48,0.773,9,83.55,,Confident,42.44,5.51,31,0.632,92.7,Second Round
CAND_F6F228,28,4,HR Manager,Associate,Google Meet,54.77,0.525,10,78.96,87.18,Neutral,21.34,4.51,40,0.385,60.93,Rejected
CAND_8EC065,30,7,Product Manager,Bachelor's,Teams,57.05,0.666,11,95.2,100.0,Confident,25.13,5.51,20,0.501,66.26,Hired
CAND_BA49FD,22,3,Product Manager,Associate,HireVue,76.39,0.617,11,100.0,85.75,Confident,14.63,6.39,42,0.665,83.07,Second Round
CAND_E86C2C,27,5,Product Manager,PhD,HireVue,43.98,0.267,9,77.56,66.89,Neutral,17.25,4.22,54,0.665,51.79,Rejected
CAND_FD8E94,37,12,Product Manager,Associate,Teams,62.35,0.911,13,100.0,60.06,Confident,18.2,3.71,30,0.217,69.34,Second Round
CAND_5B1F3E,27,6,Software Engineer,Master's,Zoom,60.14,0.213,13,80.64,75.42,Neutral,41.37,5.6,36,0.447,65.15,Hired
CAND_97F348,26,5,Data Scientist,PhD,HireVue,49.49,0.908,15,100.0,100.0,Confident,12.98,3.92,57,0.477,61.49,Rejected
CAND_E2FD4A,27,5,Software Engineer,PhD,Google Meet,55.76,0.28,9,69.19,51.58,Confident,52.18,6.66,42,0.169,59.44,Rejected
CAND_FF15CD,30,12,Sales Executive,Bachelor's,HireVue,61.41,0.515,6,76.95,99.36,Confident,17.74,3.82,47,0.531,69.86,Hired
CAND_CFE9E3,22,3,Software Engineer,Master's,Teams,48.05,0.707,14,100.0,95.91,Confident,3.89,3.92,53,0.416,62.42,Rejected
CAND_8FEC67,25,0,UX Designer,Associate,Teams,53.01,0.626,6,100.0,99.63,Neutral,5.73,3.43,59,0.415,66.77,Second Round
CAND_F0785F,25,0,Software Engineer,Bachelor's,Zoom,46.65,0.909,11,100.0,100.0,Confident,8.29,4.08,31,0.506,59.0,On Hold
CAND_2627BF,31,7,UX Designer,Bachelor's,HireVue,98.07,0.407,4,99.69,37.87,Confident,13.96,,49,0.661,100.0,Hired
CAND_A4BD73,36,17,Marketing Analyst,Bachelor's,Teams,47.09,0.435,11,97.26,100.0,Confident,9.7,3.91,48,0.256,55.47,Rejected
CAND_28FFA4,23,1,UX Designer,PhD,Google Meet,48.59,0.737,12,73.46,66.13,Neutral,40.74,5.65,47,0.613,56.09,Rejected
CAND_B55EB0,22,0,Product Manager,Bachelor's,Teams,,0.598,14,100.0,87.22,Confident,10.2,3.98,42,0.336,78.75,Rejected
CAND_A6A5DE,28,9,UX Designer,Associate,HireVue,55.28,0.583,5,91.82,90.98,Neutral,24.79,4.53,53,0.333,68.23,Second Round
CAND_359726,20,0,HR Manager,Associate,Teams,78.73,0.899,10,100.0,94.72,Confident,8.63,4.96,46,0.541,86.91,Hired
CAND_417B5B,35,14,Software Engineer,Bachelor's,Teams,63.5,0.775,10,91.32,60.61,Slouched,24.48,4.85,50,0.348,74.78,Rejected
CAND_9E651B,31,8,HR Manager,Bachelor's,Google Meet,64.78,0.469,7,99.7,60.8,Confident,,5.47,34,0.613,74.63,Rejected
CAND_AE3292,27,0,Marketing Analyst,Associate,Google Meet,57.17,0.607,9,100.0,89.64,Confident,10.27,5.49,57,0.595,74.24,Rejected
CAND_6B24E8,30,10,Business Analyst,Master's,Zoom,55.3,0.609,13,65.02,59.09,Neutral,41.88,6.15,48,0.206,57.09,Rejected
CAND_77B152,33,18,Data Scientist,Bachelor's,Google Meet,50.01,0.586,7,100.0,74.33,Confident,12.9,3.9,41,0.396,63.66,Rejected
CAND_FEFFEA,21,0,UX Designer,Bachelor's,HireVue,49.38,0.51,9,100.0,100.0,Confident,,4.3,45,0.49,61.15,Rejected
CAND_CB508E,32,10,Sales Executive,PhD,Teams,35.79,0.442,14,68.64,65.04,Neutral,51.69,,42,0.713,43.24,Rejected
CAND_13E596,33,14,Data Scientist,PhD,Teams,41.61,0.641,6,86.71,89.85,Confident,31.91,4.73,39,0.227,50.8,Rejected
CAND_CF4FCC,20,0,UX Designer,Associate,HireVue,67.38,0.525,10,100.0,96.66,Confident,4.82,3.16,55,0.402,81.95,Rejected
CAND_171FCF,25,0,Software Engineer,Bachelor's,HireVue,45.68,,5,100.0,100.0,Confident,1.97,3.09,49,0.476,67.17,Second Round
CAND_5D82AE,28,0,Data Scientist,Associate,HireVue,51.84,0.551,9,100.0,84.46,Confident,15.41,3.72,49,0.17,63.54,Rejected
CAND_05FB39,27,8,UX Designer,Associate,Teams,62.84,0.825,12,100.0,84.59,Confident,11.38,4.02,30,0.231,66.86,Hired
CAND_71E89B,20,0,Business Analyst,Bachelor's,Zoom,51.54,0.527,9,98.37,84.21,Confident,21.37,4.23,66,0.518,62.89,Rejected
CAND_0C517E,48,27,Product Manager,Associate,HireVue,67.31,0.619,8,100.0,100.0,Confident,4.05,3.38,40,0.576,78.11,Second Round
CAND_696078,24,6,HR Manager,Associate,HireVue,66.42,,13,100.0,90.15,Confident,12.14,4.16,47,0.772,90.36,Hired
CAND_A400AA,28,4,Software Engineer,Master's,HireVue,,0.62,10,100.0,54.19,Confident,20.11,4.58,47,0.507,82.3,Rejected
CAND_C7B380,26,2,HR Manager,PhD,Teams,49.69,0.47,5,80.72,70.48,Confident,52.33,5.53,50,0.363,54.33,On Hold
CAND_8F41DC,27,8,Software Engineer,Associate,Google Meet,50.07,0.582,6,97.3,95.75,Confident,21.84,4.8,43,0.441,58.83,Rejected
CAND_FD8B0B,20,0,Business Analyst,Bachelor's,Teams,83.27,0.43,4,84.25,69.87,Neutral,37.4,4.8,45,0.73,82.92,Hired
CAND_334E3B,27,5,Sales Executive,Associate,HireVue,55.59,0.485,12,83.99,71.35,Confident,32.39,,32,0.59,69.27,Rejected
CAND_B5DF06,22,0,Sales Executive,Associate,Google Meet,57.74,0.562,6,98.68,90.56,Neutral,21.71,4.77,55,0.427,62.72,Rejected
CAND_BE0AB7,37,14,Business Analyst,Bachelor's,Google Meet,24.66,0.445,15,100.0,87.08,Confident,15.21,,42,0.575,54.21,Rejected
CAND_4FB01A,27,4,Marketing Analyst,Bachelor's,HireVue,139.31,,0,100.0,92.63,Neutral,11.84,4.25,34,0.799,97.01,Hired
CAND_732C01,42,17,Business Analyst,Associate,Teams,72.66,0.574,6,90.49,80.84,Confident,19.05,4.57,41,0.384,73.89,Second Round
CAND_E182A6,29,3,Product Manager,PhD,HireVue,70.26,0.719,5,100.0,100.0,Confident,13.09,4.32,44,0.439,92.03,Hired
CAND_AD99C5,30,7,Sales Executive,Bachelor's,Zoom,28.65,0.493,11,64.28,50.97,Neutral,,7.21,55,0.486,36.92,On Hold
CAND_8A244A,41,12,HR Manager,Bachelor's,Zoom,44.52,0.742,10,81.6,63.96,Slouched,24.72,5.55,20,0.644,48.29,Rejected
CAND_6DDEA8,20,0,Software Engineer,Bachelor's,Teams,57.19,0.54,11,100.0,87.18,Confident,19.5,3.82,52,0.809,68.63,Second Round
CAND_57338D,24,0,Product Manager,Associate,HireVue,53.3,0.47,4,84.64,57.64,Neutral,19.26,4.36,46,0.732,61.96,Rejected
CAND_E98073,33,5,Software Engineer,Master's,Zoom,83.78,0.777,8,100.0,96.61,Confident,22.87,5.09,63,0.703,92.64,Hired
CAND_0FEC13,26,0,UX Designer,Bachelor's,Zoom,66.11,0.934,12,100.0,67.92,Confident,11.05,3.72,44,0.297,65.37,Rejected
CAND_D61FE4,26,4,Business Analyst,Bachelor's,Zoom,64.01,0.543,9,100.0,100.0,Confident,11.48,3.94,68,0.359,73.45,Hired
CAND_A7DD66,31,12,Software Engineer,Associate,Google Meet,64.88,0.888,7,100.0,74.57,Confident,14.54,4.75,43,0.73,71.8,Second Round
CAND_C29B58,20,0,Software Engineer,Associate,Google Meet,,0.765,6,97.8,98.29,Confident,29.0,5.29,33,0.746,54.93,Rejected
CAND_D479E7,23,0,UX Designer,Master's,HireVue,39.44,0.335,15,91.99,68.45,Confident,21.95,5.03,57,0.587,57.82,Rejected
CAND_263CD3,25,2,Software Engineer,Associate,Teams,71.43,0.792,10,93.63,96.28,Confident,13.25,4.52,45,0.395,63.88,Rejected
CAND_492CE1,20,0,Sales Executive,Master's,Zoom,67.69,0.612,17,97.63,53.85,Confident,3.95,3.1,61,0.675,85.44,Second Round
CAND_BD548B,27,7,Product Manager,Associate,HireVue,62.02,0.646,10,88.85,100.0,Confident,14.62,3.55,48,0.341,65.13,Second Round
CAND_D5FC3C,23,4,Sales Executive,PhD,Teams,77.67,0.783,5,70.76,60.51,Neutral,37.49,5.52,39,0.375,79.29,Rejected
CAND_7E61B4,20,0,Marketing Analyst,Bachelor's,Google Meet,54.14,0.793,9,60.32,60.2,Confident,27.6,4.32,34,0.429,57.31,Rejected
CAND_53473D,31,11,Data Scientist,PhD,Google Meet,43.52,0.659,11,83.1,52.46,Confident,32.5,6.08,37,0.814,51.4,Rejected
CAND_4E6B6B,20,2,Business Analyst,Associate,HireVue,59.88,0.606,17,100.0,100.0,Confident,14.83,3.96,68,0.57,75.8,Rejected
CAND_DE828C,33,10,Sales Executive,Master's,Google Meet,53.96,0.678,5,77.1,75.68,Confident,44.61,5.53,44,0.356,61.45,Rejected
CAND_BF50E5,42,16,Business Analyst,Master's,Google Meet,60.2,0.51,10,100.0,90.59,Confident,11.61,3.76,42,0.71,59.77,Rejected
CAND_7CDC1D,25,2,Marketing Analyst,Associate,HireVue,47.76,0.786,14,100.0,,Confident,0.85,3.34,43,0.556,67.29,Hired
CAND_C72FB4,32,6,HR Manager,PhD,Teams,60.56,0.655,9,92.71,100.0,Neutral,41.47,6.02,49,0.59,63.5,Rejected
CAND_2D89B7,42,18,UX Designer,PhD,Teams,57.25,0.77,7,100.0,84.52,Neutral,19.78,3.95,55,0.261,67.38,Second Round
CAND_EFA275,20,0,HR Manager,Master's,HireVue,,0.353,12,100.0,100.0,Neutral,12.21,,49,0.612,74.8,Second Round
CAND_0714CF,26,8,HR Manager,Associate,Google Meet,56.81,0.672,8,100.0,100.0,Confident,12.07,4.06,41,0.34,65.49,Hired
CAND_82570D,38,18,Software Engineer,Associate,HireVue,54.29,,10,90.24,69.33,Confident,21.12,4.04,30,0.301,63.03,Rejected
CAND_3312A0,27,4,Marketing Analyst,Master's,Teams,54.24,0.379,7,72.53,65.56,Neutral,41.71,,42,0.683,59.8,Rejected
CAND_25ACEE,29,8,UX Designer,PhD,Google Meet,22.71,0.716,13,79.51,78.19,Neutral,33.85,5.64,58,0.511,37.23,Rejected
CAND_DA89B1,25,9,HR Manager,PhD,Zoom,57.36,0.722,15,99.17,75.11,Confident,15.78,4.94,45,0.825,71.12,Rejected
CAND_BF3EC2,40,18,Marketing Analyst,PhD,Zoom,40.06,0.722,9,100.0,,Confident,7.49,3.71,42,0.557,53.01,Rejected
CAND_AE333C,29,6,Product Manager,PhD,HireVue,50.34,0.533,9,92.34,39.93,Confident,30.69,4.95,46,0.317,53.98,Rejected
CAND_B063C7,23,1,Software Engineer,Bachelor's,HireVue,82.4,0.681,10,84.81,84.2,Neutral,37.59,6.01,43,0.228,79.47,Rejected
CAND_943E0F,20,0,UX Designer,Bachelor's,HireVue,66.03,0.475,9,87.72,63.99,Confident,28.0,4.71,24,0.525,66.24,Hired
CAND_D2601D,25,0,Sales Executive,Master's,Google Meet,77.31,0.604,7,100.0,93.62,Confident,15.15,4.2,24,0.495,75.66,Rejected
CAND_075E7E,28,3,Business Analyst,Bachelor's,Teams,59.47,0.606,5,74.81,73.08,Neutral,31.55,5.68,57,0.053,59.35,Rejected
CAND_A54191,43,20,Data Scientist,Associate,Teams,60.87,0.665,17,100.0,100.0,Confident,7.3,3.9,55,0.689,70.49,Hired
CAND_6A8CD8,20,0,Data Scientist,PhD,Zoom,72.28,0.576,6,100.0,100.0,Confident,,4.61,38,0.63,71.04,Second Round
CAND_D7C642,20,0,Software Engineer,PhD,Google Meet,82.81,0.55,13,65.44,73.81,Neutral,43.11,5.04,51,0.411,76.71,Rejected
CAND_804C1B,34,14,Marketing Analyst,Master's,Google Meet,133.91,0.606,2,100.0,62.4,Confident,10.45,4.67,44,0.127,91.41,Hired
CAND_40959E,29,5,Product Manager,Associate,Google Meet,,0.244,8,100.0,90.27,Confident,6.93,4.04,29,0.638,75.69,Hired
CAND_E4DE5D,20,0,UX Designer,Master's,HireVue,44.7,0.779,13,99.52,100.0,Confident,16.87,4.13,55,0.229,63.56,Rejected
CAND_9673C7,37,13,UX Designer,Bachelor's,Zoom,51.56,0.837,6,85.41,51.3,Neutral,35.72,4.89,35,0.536,65.48,Second Round
CAND_36C015,20,0,Business Analyst,Bachelor's,Google Meet,76.0,0.858,9,100.0,100.0,Confident,16.45,4.42,30,0.585,75.27,Hired
CAND_DFD497,32,15,Business Analyst,Master's,HireVue,63.74,0.647,6,75.6,67.9,Confident,33.87,5.29,39,0.515,64.8,Rejected
CAND_4FB939,27,5,HR Manager,Associate,Teams,,0.571,12,96.88,63.86,Confident,7.37,3.77,53,0.621,75.62,Hired
CAND_4C7E47,31,9,Software Engineer,PhD,HireVue,58.11,0.76,9,100.0,82.0,Confident,10.28,3.74,43,0.403,86.99,Hired
CAND_C137FF,20,0,Business Analyst,PhD,Google Meet,55.99,0.623,10,99.14,73.06,Confident,10.07,3.76,39,0.499,61.47,Rejected
CAND_E60126,32,5,Marketing Analyst,Associate,Zoom,73.83,0.473,9,95.76,,Confident,10.21,4.35,48,0.512,80.52,Hired
CAND_AEDE6C,43,20,Data Scientist,Master's,Google Meet,53.46,0.535,6,70.1,78.54,Neutral,42.58,5.18,54,0.323,60.36,Rejected
CAND_A0D794,28,4,Marketing Analyst,PhD,Google Meet,63.77,0.769,4,65.38,76.43,Neutral,49.2,6.55,50,0.494,63.44,Rejected
CAND_CF3A3D,35,5,Sales Executive,Bachelor's,HireVue,61.79,0.723,5,100.0,100.0,Confident,20.57,5.46,35,0.569,62.3,Rejected
CAND_069E78,22,0,Data Scientist,Associate,HireVue,68.46,,6,100.0,75.02,Confident,25.85,4.21,60,0.303,69.37,Hired
CAND_53A089,27,4,Marketing Analyst,Associate,Zoom,55.79,0.369,7,100.0,100.0,Neutral,6.23,4.22,60,0.49,76.26,Second Round
CAND_20C416,35,14,Data Scientist,PhD,HireVue,33.28,0.516,11,53.54,47.65,Slouched,52.05,6.03,46,0.372,34.55,Rejected
CAND_9FBDD6,33,18,Product Manager,Associate,Google Meet,68.49,0.581,7,64.13,56.15,Neutral,51.74,5.72,42,0.768,65.54,Second Round
CAND_E4964A,35,15,HR Manager,Bachelor's,Google Meet,31.71,0.816,14,89.14,80.78,Neutral,28.61,4.4,57,0.63,44.97,Rejected
CAND_4E4B0B,30,6,Sales Executive,Associate,Teams,66.44,0.95,9,62.93,65.73,Neutral,35.01,6.16,41,0.545,62.35,Rejected
CAND_FC7048,33,7,HR Manager,Master's,Zoom,32.11,0.698,11,100.0,78.93,Confident,18.86,6.6,52,0.263,66.21,Hired
CAND_3B4396,25,6,UX Designer,Bachelor's,Teams,79.27,0.763,10,100.0,97.66,Confident,7.79,4.51,39,0.471,81.43,Second Round
CAND_8F70F9,23,0,Business Analyst,Bachelor's,HireVue,58.82,0.522,6,81.77,97.05,Neutral,41.15,5.74,57,0.578,65.15,Rejected
CAND_A0657F,20,0,Marketing Analyst,PhD,Zoom,45.15,0.433,15,94.71,81.22,Confident,16.07,4.43,47,0.622,59.12,Rejected
CAND_2105C0,20,0,Product Manager,Master's,HireVue,52.37,0.692,9,100.0,100.0,Confident,7.44,4.38,52,0.683,67.9,Rejected
CAND_20A572,32,7,Data Scientist,Master's,Teams,73.86,0.374,5,100.0,95.43,Confident,1.3,3.56,55,0.462,89.68,Hired
CAND_5E7020,44,20,Software Engineer,PhD,Google Meet,44.81,0.589,10,59.11,57.57,Neutral,43.6,5.89,57,0.5,48.78,Rejected
CAND_DB889A,24,1,Marketing Analyst,Master's,Zoom,46.04,0.687,10,100.0,88.02,Confident,9.28,4.34,44,0.45,51.49,On Hold
CAND_CD61EB,36,12,UX Designer,Associate,Google Meet,66.76,0.588,6,94.25,50.11,Neutral,15.34,5.11,44,0.714,85.58,Hired
CAND_DC932C,33,13,Product Manager,Master's,Teams,48.67,0.442,11,77.53,72.35,Confident,31.3,5.19,52,0.663,56.91,Rejected
CAND_E6A38B,22,0,Sales Executive,PhD,Google Meet,85.42,0.679,9,100.0,,Confident,5.44,4.15,45,0.398,100.0,Hired
CAND_FCDE74,39,17,Product Manager,Bachelor's,Zoom,76.01,0.543,7,100.0,97.3,Confident,20.28,,59,0.718,79.64,Second Round
CAND_A3F18F,23,3,Software Engineer,PhD,Google Meet,62.63,0.683,11,80.38,57.48,Neutral,48.31,6.03,46,0.495,52.14,Rejected
CAND_B9BBB9,31,4,UX Designer,PhD,Teams,,0.58,5,100.0,67.51,Confident,6.22,,56,0.802,80.8,Hired
CAND_6BA22E,38,16,UX Designer,Bachelor's,Zoom,73.43,0.696,12,100.0,66.07,Confident,8.94,3.71,51,0.335,91.1,Hired
CAND_A435A0,40,25,Sales Executive,Associate,Zoom,61.94,0.598,11,87.26,77.08,Confident,24.0,5.45,42,0.569,62.72,Rejected
CAND_FDCEB2,21,0,Business Analyst,Bachelor's,HireVue,72.32,0.412,7,59.58,62.45,Confident,42.86,5.47,53,0.507,69.72,Hired
CAND_16B701,26,0,Data Scientist,Associate,Teams,59.31,0.729,4,88.05,75.67,Confident,27.56,4.23,27,0.387,66.15,Rejected
CAND_14D189,20,0,Data Scientist,Associate,Teams,60.29,0.36,10,95.59,68.73,Confident,16.93,3.7,35,0.282,75.57,Second Round
CAND_34FEC9,20,0,Data Scientist,Associate,Teams,53.96,0.661,8,81.86,54.22,Confident,36.02,5.31,64,0.733,71.79,Rejected
CAND_5B293C,20,0,Software Engineer,Associate,Teams,60.67,0.725,8,100.0,87.54,Confident,16.08,4.09,27,0.174,75.66,Hired
CAND_4A8D4C,22,1,Product Manager,Bachelor's,Teams,47.11,0.705,10,92.15,68.14,Confident,19.29,4.24,46,0.685,65.97,Hired
CAND_E15D41,37,16,Business Analyst,Associate,Teams,63.31,0.703,11,100.0,100.0,Confident,15.47,5.1,49,0.479,81.13,Hired
CAND_C561A9,30,7,Sales Executive,Bachelor's,Zoom,57.89,,7,67.25,57.57,Neutral,37.74,5.52,44,0.47,60.78,Rejected
CAND_70CC00,40,18,Sales Executive,Associate,Zoom,75.4,0.598,14,71.14,56.26,Confident,25.05,4.7,50,0.197,75.95,Rejected
CAND_F4A458,21,1,Business Analyst,Bachelor's,Google Meet,42.11,0.64,9,100.0,70.0,Confident,4.71,,56,0.687,68.82,Second Round
CAND_27495A,37,15,Marketing Analyst,PhD,Google Meet,64.28,0.703,9,100.0,94.16,Confident,16.15,3.95,60,0.698,77.65,Hired
CAND_CB3878,31,10,Software Engineer,Master's,HireVue,64.78,0.443,7,100.0,100.0,Confident,20.23,4.45,32,0.386,71.29,Hired
CAND_4FF0E4,47,24,UX Designer,Associate,Zoom,64.94,0.43,10,100.0,89.29,Confident,15.68,4.89,41,0.265,71.67,Rejected
CAND_49169C,44,24,Marketing Analyst,PhD,Zoom,73.81,0.649,9,94.3,79.27,Confident,15.85,6.96,32,0.353,81.53,Rejected
CAND_FD6661,41,15,HR Manager,Associate,HireVue,53.2,0.745,12,100.0,84.36,Confident,5.11,4.38,46,0.481,69.48,Second Round
CAND_54292C,32,7,Software Engineer,PhD,Zoom,76.34,0.522,6,100.0,72.01,Confident,19.31,4.63,39,0.798,84.85,Rejected
CAND_9BAFF5,26,3,UX Designer,PhD,HireVue,33.07,0.637,9,91.11,97.55,Confident,20.85,,39,0.413,61.58,Rejected
CAND_249FD5,31,11,Business Analyst,PhD,Zoom,43.82,0.466,8,93.87,,Confident,18.87,4.08,35,0.866,60.61,Rejected
CAND_78A5C1,33,8,UX Designer,Associate,Zoom,33.25,0.669,10,74.98,,Neutral,28.72,4.5,45,0.271,47.09,Rejected
CAND_37B650,39,18,Product Manager,Associate,Teams,69.85,0.395,6,100.0,57.23,Confident,18.09,3.68,34,0.464,86.41,Hired
CAND_D28DA2,33,13,Data Scientist,Master's,Teams,59.02,0.743,9,85.03,88.85,Confident,16.89,4.05,36,0.36,72.36,Second Round
CAND_668601,20,0,Data Scientist,PhD,Teams,65.81,0.819,9,100.0,100.0,Confident,11.27,3.98,44,0.492,73.83,Hired
CAND_BB857D,23,0,UX Designer,Master's,Google Meet,69.61,0.63,3,100.0,100.0,Confident,4.04,4.6,45,0.598,68.56,Hired
CAND_7DD82E,21,0,UX Designer,Bachelor's,HireVue,60.3,0.469,7,100.0,88.8,Confident,11.3,3.82,44,0.744,86.7,Hired
CAND_F96719,34,6,HR Manager,Master's,HireVue,36.38,,13,78.8,85.08,Neutral,21.37,5.45,30,0.649,49.78,Rejected
CAND_BF1C34,20,0,Data Scientist,Associate,Teams,,0.58,10,88.33,66.87,Confident,22.45,4.74,44,0.536,73.34,Hired
CAND_074998,49,35,Sales Executive,PhD,HireVue,43.74,0.397,17,100.0,100.0,Confident,23.16,4.62,28,0.623,63.65,Rejected
CAND_5B8AFD,20,0,Software Engineer,Bachelor's,Google Meet,45.26,0.675,12,70.17,53.95,Neutral,21.49,5.34,50,0.454,56.96,Rejected
CAND_E6907A,20,0,Data Scientist,Bachelor's,HireVue,68.49,0.425,8,100.0,59.0,Confident,12.53,3.77,63,0.579,64.94,Rejected
CAND_648D54,32,11,Data Scientist,Associate,Teams,61.08,0.718,11,85.67,74.62,Confident,27.37,4.64,47,0.171,68.97,Second Round
CAND_54D400,33,10,Software Engineer,PhD,Zoom,70.86,0.641,14,85.94,77.82,Neutral,35.26,5.05,51,0.743,66.45,Second Round
CAND_925FD4,32,10,Software Engineer,PhD,Zoom,76.43,0.672,3,100.0,68.18,Confident,16.86,4.03,37,0.776,84.69,Second Round
CAND_205133,47,26,Data Scientist,PhD,Google Meet,57.48,0.681,12,100.0,81.64,Neutral,14.34,4.25,44,0.332,59.47,Rejected
CAND_996E39,34,13,HR Manager,Associate,Teams,66.16,0.787,9,80.46,74.48,Confident,28.2,4.81,39,0.442,72.61,Second Round
CAND_807408,21,0,Business Analyst,Associate,Zoom,73.72,0.625,4,100.0,82.75,Confident,4.93,3.67,47,0.421,79.0,Second Round
CAND_B7562B,33,9,Sales Executive,Bachelor's,Teams,44.23,0.836,10,88.65,96.86,Confident,24.09,4.32,54,0.24,55.09,Rejected
CAND_720546,31,13,Data Scientist,Associate,Teams,68.22,0.483,7,100.0,86.04,Confident,11.18,,71,0.675,81.3,Rejected
CAND_BA8692,30,14,Business Analyst,Associate,Zoom,57.92,0.4,11,78.53,67.22,Neutral,53.86,6.08,45,0.623,64.46,Rejected
CAND_B0D5E8,31,9,HR Manager,Associate,Teams,75.88,0.67,6,85.52,65.65,Confident,14.02,4.18,45,0.232,71.28,Second Round
CAND_574A28,27,1,Business Analyst,Associate,Teams,70.52,0.286,4,95.99,73.06,Confident,6.4,3.65,47,0.64,81.87,Second Round
CAND_A77A48,26,8,Sales Executive,PhD,Zoom,64.14,0.592,11,86.03,79.92,Confident,34.09,,43,0.888,76.3,Hired
CAND_F010C7,20,0,Marketing Analyst,Associate,Zoom,88.73,0.669,7,100.0,75.54,Confident,7.99,4.06,60,0.584,92.2,Hired
CAND_4E02FE,29,8,HR Manager,Master's,HireVue,54.06,0.698,4,100.0,100.0,Confident,17.96,3.74,59,0.8,61.47,Rejected
CAND_91CDFE,20,0,UX Designer,Bachelor's,Google Meet,,0.574,5,100.0,100.0,Confident,22.85,4.46,37,0.541,78.15,Rejected
CAND_75A3FC,36,17,Data Scientist,Associate,HireVue,71.95,0.387,5,67.54,56.33,Neutral,43.46,5.39,35,0.704,79.09,Hired
CAND_36E878,29,5,Marketing Analyst,Master's,Zoom,65.78,0.794,10,100.0,84.39,Confident,13.93,4.86,45,0.781,82.72,Rejected
CAND_CD3C59,30,10,UX Designer,Bachelor's,HireVue,82.54,0.491,5,94.25,100.0,Confident,25.5,4.97,45,0.484,82.39,Second Round
CAND_807CF0,44,22,UX Designer,Associate,Google Meet,27.45,0.584,12,92.64,100.0,Confident,12.19,3.67,54,0.437,43.8,Rejected
CAND_4B2A20,43,21,HR Manager,PhD,HireVue,66.99,0.415,4,91.21,91.67,Confident,16.14,3.82,49,0.863,71.18,Second Round
CAND_DBF662,29,2,Sales Executive,Bachelor's,Teams,54.49,0.329,4,93.04,86.62,Confident,34.19,5.69,60,0.677,60.48,Rejected
CAND_8734A3,48,26,UX Designer,Bachelor's,Zoom,56.11,0.596,7,100.0,100.0,Confident,3.25,3.91,48,0.583,65.18,Rejected
CAND_38CC80,28,0,UX Designer,Associate,Teams,61.2,0.575,11,64.54,42.82,Slouched,43.93,5.33,32,0.926,53.77,Rejected
CAND_A68014,20,0,Business Analyst,Master's,Teams,70.7,0.517,4,90.91,89.87,Confident,29.91,5.49,33,0.457,73.97,Hired
CAND_FFFB63,39,16,Data Scientist,Master's,HireVue,56.45,0.695,4,97.7,90.28,Neutral,20.47,4.18,46,0.825,64.38,Rejected
CAND_F905C6,20,0,UX Designer,PhD,Zoom,43.51,0.381,8,100.0,77.14,Confident,20.69,4.28,44,0.776,61.34,Rejected
CAND_A9EC97,27,6,HR Manager,Master's,Zoom,87.55,0.277,5,96.83,100.0,Confident,29.87,4.91,27,0.767,92.84,Hired
CAND_420A69,30,8,Product Manager,Master's,Teams,58.69,0.492,14,100.0,,Confident,15.67,3.86,49,0.781,70.89,Second Round
CAND_E948F7,26,8,UX Designer,Bachelor's,Zoom,49.13,0.762,10,100.0,,Confident,12.06,4.85,49,0.487,67.5,Hired
CAND_597A40,42,20,HR Manager,Bachelor's,HireVue,78.88,0.373,12,100.0,100.0,Confident,3.47,5.2,55,0.634,94.48,Hired
CAND_ABC556,25,4,Marketing Analyst,Associate,Google Meet,40.84,0.504,10,81.65,69.51,Confident,,4.9,38,0.174,55.02,Rejected
CAND_33D990,24,0,Software Engineer,PhD,Teams,85.36,0.744,6,100.0,99.84,Confident,31.52,4.48,38,0.586,84.3,Second Round
CAND_A894A2,33,7,Sales Executive,Bachelor's,Zoom,54.2,0.521,12,92.71,100.0,Confident,31.04,5.43,40,0.518,55.78,Rejected
CAND_ED6E6D,31,9,Business Analyst,Associate,Google Meet,49.06,0.37,13,100.0,95.53,Confident,19.14,5.2,55,0.437,62.14,Rejected
CAND_FCE024,35,13,Data Scientist,Bachelor's,HireVue,67.64,0.784,5,100.0,82.21,Confident,13.9,4.72,35,0.572,84.83,Hired
CAND_D5133D,33,10,Business Analyst,Associate,Teams,88.39,0.296,3,100.0,57.42,Confident,2.99,3.35,43,0.597,85.03,Hired
CAND_0A5541,24,0,Data Scientist,Master's,HireVue,56.51,0.51,8,100.0,92.45,Confident,,,46,0.459,60.43,Rejected
CAND_ACFF5F,28,2,Business Analyst,Associate,Teams,,0.691,6,87.4,56.31,Confident,28.57,4.96,58,0.598,44.11,Rejected
CAND_50D3C0,29,8,Data Scientist,Associate,Google Meet,48.15,0.523,7,93.42,77.95,Confident,21.73,4.29,29,0.282,57.84,Rejected
CAND_2E4578,38,18,Data Scientist,Bachelor's,Teams,,0.705,6,83.1,72.2,Neutral,13.37,3.67,43,0.734,91.8,Hired
CAND_8A50ED,34,8,Software Engineer,Associate,Teams,70.29,0.437,12,77.37,78.17,Confident,,5.7,37,0.371,67.64,Rejected
CAND_7F9D79,28,0,UX Designer,Bachelor's,HireVue,35.37,0.606,15,86.63,76.71,Neutral,30.24,4.78,50,0.65,53.01,Rejected
CAND_D52CD7,45,27,Business Analyst,Master's,Teams,55.89,0.446,14,67.77,64.39,Neutral,28.8,4.81,47,0.504,60.72,Rejected
CAND_57F41B,42,23,UX Designer,Associate,Zoom,79.94,0.782,5,100.0,38.97,Confident,5.34,3.47,28,0.403,92.44,Hired
CAND_0D28A9,20,0,Sales Executive,PhD,Google Meet,85.59,0.448,7,100.0,95.36,Neutral,3.37,3.68,59,0.48,96.13,Hired
CAND_AF6E13,20,0,Software Engineer,PhD,Zoom,54.23,0.571,10,100.0,84.27,Confident,12.15,4.07,50,0.916,60.33,Rejected
CAND_31BD6F,20,0,Business Analyst,PhD,Google Meet,29.8,0.459,9,89.66,92.54,Confident,19.06,4.41,60,0.575,44.26,Rejected
CAND_AED75D,23,0,UX Designer,PhD,HireVue,29.04,0.368,18,82.99,100.0,Confident,20.89,4.98,46,0.555,45.66,Rejected
CAND_A39231,25,0,Data Scientist,Master's,HireVue,69.26,0.78,6,96.52,86.33,Confident,5.47,4.2,29,0.39,78.23,Hired
CAND_8817A7,26,12,UX Designer,Master's,Teams,44.01,0.392,18,100.0,92.77,Confident,7.97,,64,0.44,60.58,Rejected
CAND_90B3D7,40,15,Business Analyst,Bachelor's,HireVue,70.64,0.531,6,100.0,88.72,Neutral,19.71,4.34,36,0.254,88.57,Hired
CAND_8A2F8B,44,20,Product Manager,PhD,Zoom,73.25,0.457,5,82.35,92.59,Confident,35.78,4.88,40,0.407,53.37,On Hold
CAND_263746,26,3,Sales Executive,Associate,Teams,57.77,0.243,9,87.37,74.97,Confident,23.88,4.18,34,0.701,79.39,Second Round
CAND_CE6D9E,20,0,Product Manager,Master's,HireVue,76.12,0.55,9,99.02,57.32,Confident,15.02,4.41,67,0.28,72.97,Hired
CAND_CF2B27,30,9,HR Manager,Master's,Google Meet,58.75,0.711,8,100.0,80.46,Confident,,4.1,48,0.323,67.73,Hired
CAND_64D742,25,5,UX Designer,PhD,Google Meet,35.32,0.545,15,75.86,54.01,Neutral,27.31,4.48,51,0.59,56.66,On Hold
CAND_A47558,43,17,HR Manager,Master's,Zoom,46.38,0.49,8,100.0,80.08,Confident,13.5,3.75,31,0.497,74.11,Second Round
CAND_AFE024,22,0,Sales Executive,Associate,Google Meet,66.98,0.573,7,93.79,80.81,Confident,43.41,5.63,45,0.823,72.42,Hired
CAND_BCE469,37,15,HR Manager,PhD,Google Meet,43.64,0.337,6,79.04,72.63,Neutral,28.51,4.86,70,0.083,59.46,Rejected
CAND_CE6F9E,28,3,Sales Executive,Master's,Google Meet,80.8,0.377,10,100.0,100.0,Neutral,14.26,5.29,37,0.628,91.73,Hired
CAND_61E56D,29,5,Product Manager,Bachelor's,HireVue,76.8,0.38,4,100.0,95.93,Confident,14.69,4.64,40,0.425,82.15,Hired
CAND_8E4E8D,30,8,UX Designer,PhD,Zoom,53.27,0.485,12,70.31,60.03,Confident,28.86,4.93,41,0.465,51.17,Rejected
CAND_3D4E47,29,3,Data Scientist,Bachelor's,Teams,69.69,0.577,11,87.12,79.66,Confident,28.52,5.3,46,0.708,81.03,Rejected
CAND_84EE31,39,16,Sales Executive,Master's,HireVue,49.81,0.447,4,100.0,93.02,Confident,7.31,4.31,55,0.222,66.77,Rejected
CAND_2E59BC,31,7,Product Manager,Bachelor's,HireVue,57.05,0.576,5,100.0,96.23,Confident,19.18,4.23,39,0.716,58.68,Rejected
CAND_E6AD55,32,11,Marketing Analyst,Bachelor's,Teams,,0.902,10,100.0,,Confident,19.57,4.02,43,0.543,69.22,Rejected
CAND_FE0978,31,10,Product Manager,Master's,Google Meet,77.66,0.766,4,100.0,88.93,Neutral,,5.37,27,0.12,83.91,Rejected
CAND_1B9F85,22,1,UX Designer,Bachelor's,HireVue,30.4,0.369,7,89.69,56.55,Confident,24.39,4.59,60,0.305,42.56,Rejected
CAND_DD6ACA,28,7,Product Manager,Master's,HireVue,62.47,0.33,7,100.0,75.82,Confident,5.92,3.53,37,0.659,74.72,Hired
CAND_C722E9,32,4,Data Scientist,Bachelor's,Google Meet,68.39,0.556,11,100.0,86.15,Confident,15.68,4.13,57,0.788,68.58,Hired
CAND_ABFB7D,40,16,Marketing Analyst,PhD,Teams,72.68,0.66,11,100.0,100.0,Confident,10.32,3.73,44,0.093,80.02,Hired
CAND_2040F0,21,2,Product Manager,PhD,Teams,56.17,,11,85.87,69.06,Confident,18.79,4.48,49,0.49,56.84,Rejected
CAND_4A2AF9,26,7,Software Engineer,PhD,HireVue,56.59,0.756,9,100.0,93.65,Confident,5.74,4.15,40,0.165,68.21,Second Round
CAND_7BB58E,20,0,Data Scientist,Bachelor's,HireVue,70.24,0.672,5,100.0,73.36,Confident,14.9,,41,0.692,75.01,Rejected
CAND_7A39F7,20,0,HR Manager,PhD,Zoom,56.21,0.795,8,92.3,95.83,Confident,24.39,5.72,43,0.526,66.78,Second Round
CAND_2B50AB,36,12,Data Scientist,PhD,HireVue,29.73,0.817,7,87.76,100.0,Neutral,21.43,4.19,44,0.369,46.68,Rejected
CAND_7B1FC1,31,12,Data Scientist,Master's,HireVue,48.2,0.797,8,100.0,94.52,Confident,19.27,4.15,36,0.601,61.08,Rejected
CAND_199143,39,19,Product Manager,PhD,Google Meet,45.99,0.459,3,100.0,100.0,Confident,13.24,4.68,33,0.41,59.86,Rejected
CAND_CD7B64,34,12,Software Engineer,Master's,HireVue,62.7,0.94,7,100.0,95.14,Confident,15.9,4.21,37,0.68,66.09,Rejected
CAND_7DE931,20,0,Data Scientist,Bachelor's,Teams,51.21,0.57,10,100.0,97.69,Confident,7.64,5.41,44,0.273,72.16,Rejected
CAND_CC32A1,32,14,Marketing Analyst,Master's,Teams,86.59,0.735,7,89.22,80.86,Confident,36.03,5.03,53,0.438,81.07,Second Round
CAND_EDA947,20,0,UX Designer,Associate,HireVue,68.35,0.388,5,100.0,90.79,Confident,6.19,3.17,43,0.589,82.8,Hired
CAND_889CE3,20,0,HR Manager,Master's,Teams,49.46,0.74,9,92.87,72.14,Confident,9.1,3.96,53,0.238,65.04,Second Round
CAND_10C916,33,11,UX Designer,Associate,Zoom,50.98,0.431,16,97.0,53.0,Confident,17.93,4.44,56,0.688,78.29,Hired
CAND_6B3EFF,28,0,Data Scientist,Master's,Zoom,48.73,0.576,11,79.77,77.51,Neutral,36.6,,42,0.387,53.31,On Hold
CAND_7A271F,20,0,Marketing Analyst,Master's,Google Meet,49.11,0.591,6,84.79,92.14,Confident,40.8,5.6,35,0.601,63.37,Rejected
CAND_2CF2C0,39,19,Marketing Analyst,Bachelor's,HireVue,50.11,0.628,8,97.75,100.0,Confident,13.48,4.13,23,0.11,67.13,Hired
CAND_8856CC,35,17,UX Designer,PhD,HireVue,74.47,0.639,5,100.0,88.65,Confident,3.17,3.63,32,0.837,93.52,Hired
CAND_5F6BD6,27,4,UX Designer,Master's,Google Meet,50.82,0.876,7,91.59,94.82,Confident,28.39,4.97,36,0.527,58.09,Rejected
CAND_492A58,33,12,HR Manager,Associate,Google Meet,51.09,0.653,10,95.44,100.0,Neutral,24.99,5.03,44,0.443,58.87,Rejected
CAND_1D0C02,23,3,Business Analyst,PhD,Teams,50.89,0.671,13,100.0,98.11,Confident,10.16,3.6,29,0.48,63.72,Rejected
CAND_6A6071,40,16,Product Manager,Associate,Teams,54.95,0.269,9,100.0,100.0,Confident,3.09,4.05,63,0.701,63.73,Rejected
CAND_ED0B19,20,0,Software Engineer,Associate,Google Meet,66.47,0.75,9,100.0,85.84,Confident,9.31,5.42,53,0.508,67.28,Second Round
CAND_9333E5,21,0,Software Engineer,PhD,Teams,49.79,0.479,7,100.0,69.23,Neutral,6.7,3.66,41,0.368,61.45,Rejected
CAND_2B594F,29,6,Business Analyst,PhD,HireVue,52.1,0.52,12,86.14,85.08,Confident,23.32,4.73,45,0.721,49.8,Rejected
CAND_949102,40,16,UX Designer,Associate,HireVue,62.25,0.815,11,90.63,59.01,Confident,31.01,5.2,52,0.521,64.73,Rejected
CAND_58CAFD,30,10,Data Scientist,Associate,HireVue,51.55,0.593,17,100.0,92.71,Confident,27.86,5.24,56,0.568,63.87,Rejected
CAND_84ADC4,24,6,Data Scientist,Master's,Zoom,92.84,0.642,10,97.17,73.34,Confident,28.17,4.67,53,0.29,92.17,Hired
CAND_BCB6A7,20,0,Business Analyst,PhD,Teams,72.57,0.647,4,100.0,67.78,Neutral,16.63,5.48,56,0.851,69.57,Rejected
CAND_FB7E30,20,0,UX Designer,PhD,Google Meet,44.21,0.586,5,81.67,77.31,Confident,32.67,6.37,51,0.283,61.96,Rejected
CAND_52F8DD,20,0,HR Manager,Associate,HireVue,65.29,0.554,7,100.0,83.47,Confident,22.12,5.61,35,0.529,82.48,Rejected
CAND_149567,36,8,Marketing Analyst,Associate,Zoom,85.89,0.798,10,100.0,,Confident,8.28,5.53,53,0.398,88.99,Hired
CAND_D95FC0,31,12,Sales Executive,Bachelor's,HireVue,67.47,0.781,4,85.36,82.83,Neutral,34.16,4.86,32,0.284,80.53,Hired
CAND_35C555,23,3,Marketing Analyst,Associate,Zoom,56.88,0.552,12,71.1,92.98,Neutral,19.01,4.02,31,0.522,63.15,On Hold
CAND_ADAD84,33,17,Marketing Analyst,Associate,Zoom,54.01,0.626,7,100.0,100.0,Confident,7.88,4.06,38,0.471,65.01,Hired
CAND_7D68F2,44,24,Business Analyst,Associate,HireVue,80.15,0.877,13,100.0,69.68,Confident,3.33,2.92,53,0.476,87.33,Hired
CAND_F18885,39,14,Business Analyst,Bachelor's,HireVue,54.72,0.631,9,77.21,72.97,Confident,34.8,4.67,37,0.467,54.63,On Hold
CAND_E9020A,23,3,Data Scientist,Associate,HireVue,65.13,0.685,4,93.97,83.19,Confident,19.34,4.54,50,0.282,79.55,Rejected
CAND_7338D9,21,0,Product Manager,Master's,Google Meet,81.42,0.95,8,87.83,76.86,Neutral,12.07,4.67,50,0.268,97.79,Hired
CAND_7F4344,20,0,HR Manager,PhD,Zoom,65.63,0.569,7,86.28,100.0,Neutral,38.52,5.07,38,0.384,69.82,Second Round
CAND_576B0F,26,0,Business Analyst,Bachelor's,Google Meet,78.56,0.632,12,100.0,96.37,Confident,10.5,,36,0.815,82.13,Second Round
CAND_9F422F,33,7,UX Designer,Associate,Google Meet,64.19,0.44,9,100.0,,Confident,15.8,4.48,44,0.324,76.73,Second Round
CAND_97E0B9,39,16,Marketing Analyst,Master's,HireVue,67.74,0.607,15,92.11,55.97,Confident,13.51,5.4,43,0.828,64.61,Rejected
CAND_B3795E,30,5,Product Manager,PhD,HireVue,60.27,0.577,7,100.0,96.34,Confident,10.19,3.86,60,0.149,71.54,Rejected
CAND_0FA939,27,13,Product Manager,PhD,Zoom,,,14,100.0,76.43,Confident,15.74,3.76,38,0.247,45.4,Rejected
CAND_3E0C14,43,21,UX Designer,PhD,HireVue,61.75,0.673,13,78.7,74.74,Confident,53.07,6.25,50,0.34,60.86,Rejected
CAND_F61696,24,5,HR Manager,PhD,Zoom,41.7,0.521,11,100.0,100.0,Confident,13.4,3.8,38,0.255,59.25,Rejected
CAND_5B3ADC,40,19,Marketing Analyst,Master's,HireVue,,,5,100.0,80.7,Confident,4.15,3.38,36,0.765,81.05,Hired
CAND_85359A,29,4,HR Manager,Master's,Google Meet,64.53,0.608,8,100.0,86.8,Confident,18.87,4.72,37,0.762,80.99,Hired
CAND_03DDC3,41,20,Data Scientist,Bachelor's,Zoom,42.88,0.706,11,100.0,95.86,Confident,22.36,4.36,32,0.578,56.25,Rejected
CAND_B33881,31,9,Sales Executive,Associate,Google Meet,,0.476,9,100.0,76.21,Confident,18.61,4.24,34,0.597,82.32,Hired
CAND_0747F0,34,14,UX Designer,Bachelor's,Google Meet,69.26,0.586,6,93.2,86.4,Confident,45.32,5.18,36,0.75,81.78,Rejected
CAND_B6EA10,41,23,Business Analyst,Master's,HireVue,39.2,0.657,13,84.34,83.4,Neutral,32.05,5.62,30,0.667,52.0,Rejected
CAND_4B6C75,34,9,HR Manager,Associate,Zoom,64.23,0.595,8,100.0,93.64,Confident,4.16,3.13,47,0.526,74.82,Rejected
CAND_C20F58,31,7,Business Analyst,Associate,Teams,66.89,0.315,11,80.75,93.33,Confident,36.95,5.55,20,0.605,80.95,Second Round
CAND_BCD35C,23,6,HR Manager,Master's,Google Meet,62.58,0.474,6,100.0,100.0,Confident,15.0,5.83,22,0.495,75.32,Hired
CAND_6ECE1D,37,15,UX Designer,PhD,HireVue,70.88,0.553,11,86.87,81.71,Confident,39.97,5.83,39,0.485,78.04,Second Round
CAND_256E6A,31,7,UX Designer,Master's,Zoom,47.95,0.44,12,96.14,72.93,Confident,14.23,4.61,53,0.316,46.05,Rejected
CAND_CEDC59,32,8,Product Manager,Master's,Teams,83.17,,5,100.0,57.29,Confident,19.37,5.78,29,0.53,83.93,Rejected
CAND_9696EF,34,15,HR Manager,Bachelor's,HireVue,72.4,,9,100.0,87.91,Confident,31.43,5.56,47,0.609,82.13,Rejected
CAND_3BE54A,30,12,Software Engineer,Associate,Teams,70.44,0.754,13,100.0,84.53,Confident,5.09,3.36,42,0.277,87.27,Hired
CAND_B743F9,32,5,Marketing Analyst,PhD,Google Meet,71.26,0.503,8,100.0,81.2,Confident,14.02,4.68,54,0.518,68.17,Second Round
CAND_5A4CE0,35,17,Product Manager,Associate,Teams,60.68,0.446,9,100.0,71.65,Confident,15.54,5.1,29,0.554,84.19,Second Round
CAND_941C56,32,12,Sales Executive,PhD,Zoom,60.48,0.234,9,78.32,74.86,Confident,19.01,6.41,51,0.382,67.22,Second Round
CAND_EFB6E2,38,19,Sales Executive,Associate,Google Meet,60.29,0.576,10,87.91,79.56,Confident,35.05,4.94,50,0.296,64.69,Rejected
CAND_4CE484,27,5,Marketing Analyst,PhD,Teams,80.98,0.901,10,94.5,67.5,Confident,20.97,4.5,54,0.877,83.78,Second Round
CAND_B9CF50,25,2,Business Analyst,Master's,Google Meet,48.4,0.598,12,97.54,100.0,Confident,20.96,4.61,47,0.444,64.55,Rejected
CAND_2B220D,20,3,Sales Executive,PhD,Zoom,81.54,0.429,6,82.22,68.94,Confident,8.34,4.03,58,0.259,87.16,Hired
CAND_18AED5,30,6,Sales Executive,Associate,HireVue,32.78,0.703,16,89.42,100.0,Confident,12.9,4.04,47,0.086,50.98,Rejected
CAND_C940A1,29,8,Marketing Analyst,Bachelor's,Google Meet,57.16,0.576,10,89.44,100.0,Confident,19.39,5.43,32,0.0,68.44,Second Round
CAND_BCBE94,20,0,Sales Executive,Associate,HireVue,43.98,0.454,13,100.0,97.7,Confident,6.41,3.72,34,0.477,64.97,On Hold
CAND_4B7354,29,4,Sales Executive,PhD,Teams,36.02,0.601,11,100.0,81.39,Neutral,4.42,3.29,57,0.167,46.14,Rejected
CAND_64E264,28,3,Business Analyst,Associate,Teams,64.06,0.762,11,100.0,66.72,Confident,15.78,5.46,24,0.642,67.31,Hired
CAND_AA6359,30,7,Software Engineer,Bachelor's,Zoom,56.3,0.766,5,81.5,72.52,Neutral,35.09,4.84,36,0.506,62.09,Rejected
CAND_799A52,26,7,Software Engineer,Associate,Google Meet,58.28,0.481,7,91.86,76.01,Neutral,16.02,4.53,44,0.816,57.25,Rejected
CAND_C51AA1,35,12,Product Manager,Master's,Google Meet,34.66,0.833,11,77.26,,Neutral,27.23,4.69,49,0.609,44.03,Rejected
CAND_2D595F,28,3,UX Designer,PhD,HireVue,61.79,0.521,15,100.0,100.0,Confident,11.59,3.89,46,1.0,74.69,Second Round
CAND_63C673,36,15,Product Manager,Master's,Teams,56.36,0.95,6,86.07,58.76,Neutral,22.21,4.78,60,0.113,62.34,Rejected
CAND_C62277,20,0,Software Engineer,Bachelor's,Zoom,43.91,0.796,7,100.0,82.78,Confident,6.91,,70,0.756,61.81,Rejected
CAND_B76F12,20,0,Data Scientist,Bachelor's,Zoom,54.13,0.556,14,100.0,100.0,Confident,11.48,4.39,40,0.354,69.41,Hired
CAND_2125E8,24,6,Business Analyst,Associate,Zoom,89.5,0.698,11,100.0,100.0,Confident,13.71,4.4,50,0.42,79.08,Second Round
CAND_44307A,34,11,HR Manager,PhD,Zoom,67.28,0.51,8,92.76,57.42,Confident,12.15,3.4,39,0.582,99.17,Hired
CAND_C38CB1,36,16,Business Analyst,Master's,HireVue,61.57,0.537,9,83.13,71.43,Confident,21.93,4.23,27,0.152,77.62,Hired
CAND_CE4A87,31,5,HR Manager,Associate,Zoom,67.16,0.528,11,100.0,73.17,Confident,5.83,4.52,53,0.825,83.38,Second Round
CAND_115DC4,20,0,Sales Executive,Associate,Zoom,42.73,0.599,8,70.39,62.68,Neutral,37.3,5.21,52,0.508,50.11,Rejected
CAND_3BAB62,30,6,HR Manager,Associate,Zoom,54.84,0.622,10,100.0,76.64,Confident,,3.67,64,0.357,67.76,Rejected
CAND_067D24,31,16,HR Manager,Associate,HireVue,68.24,0.648,11,86.69,57.59,Neutral,33.37,5.09,51,0.629,78.89,Second Round
CAND_FAD74F,35,15,Software Engineer,PhD,Teams,73.73,0.283,10,100.0,87.16,Neutral,26.88,5.16,41,0.367,76.42,Hired
CAND_126E21,20,0,Business Analyst,Bachelor's,Zoom,59.16,0.727,2,100.0,89.93,Confident,13.68,5.13,38,0.31,64.24,Rejected
CAND_210018,22,0,UX Designer,Master's,Zoom,68.52,0.563,7,94.86,85.33,Neutral,24.93,,54,0.346,72.69,Hired
CAND_A0ACCC,31,8,Product Manager,Associate,HireVue,,0.523,6,100.0,77.1,Confident,3.06,4.07,39,0.435,78.79,Rejected
CAND_C316D9,50,22,Business Analyst,PhD,HireVue,81.02,0.699,7,74.74,71.75,Neutral,37.05,5.69,48,0.662,82.55,Hired
CAND_FA16C0,20,1,HR Manager,Master's,Teams,64.44,0.647,5,91.59,85.46,Confident,33.21,6.42,39,0.202,70.77,Rejected
CAND_AE0F39,29,5,Business Analyst,Bachelor's,Teams,60.91,0.703,8,100.0,100.0,Confident,5.07,4.43,54,0.58,78.61,Hired
CAND_96ADCC,28,7,HR Manager,Associate,Zoom,72.88,0.439,6,100.0,82.6,Confident,7.39,3.73,61,0.461,84.15,Rejected
CAND_363F63,26,2,Sales Executive,Master's,Teams,68.17,0.481,11,99.72,88.59,Confident,9.97,3.91,36,0.838,78.4,Second Round
CAND_1D3E33,34,13,Marketing Analyst,Associate,Google Meet,39.96,0.45,6,100.0,83.47,Confident,32.27,4.85,35,0.535,52.93,Rejected
CAND_C96647,36,11,Marketing Analyst,PhD,Teams,66.01,0.552,7,100.0,65.41,Confident,5.1,3.7,49,0.285,79.07,Second Round
CAND_CDDF7E,31,15,Data Scientist,Bachelor's,Teams,150.27,0.661,2,85.91,69.89,Confident,16.98,,46,0.248,100.0,Hired
CAND_3AA9BF,20,0,Sales Executive,Master's,Google Meet,34.91,0.514,13,66.2,,Neutral,36.68,5.05,38,0.501,40.66,Rejected
CAND_E13946,33,9,HR Manager,Associate,Google Meet,66.7,0.483,8,100.0,77.51,Neutral,14.17,5.18,72,0.27,88.09,Hired
CAND_66D0CD,33,13,Sales Executive,PhD,Zoom,48.35,0.549,10,100.0,,Confident,3.77,4.02,44,0.298,72.62,Second Round
CAND_6569D5,31,12,Business Analyst,Bachelor's,Teams,40.03,0.637,13,100.0,100.0,Confident,8.02,6.26,59,0.306,56.73,Rejected
CAND_1AB2C6,47,24,Marketing Analyst,Associate,Google Meet,133.09,0.564,1,81.79,61.46,Neutral,27.94,4.93,54,0.635,87.89,Hired
CAND_6DF2AB,22,2,Business Analyst,Master's,Google Meet,65.6,0.771,7,76.91,60.68,Confident,20.57,5.49,44,0.354,68.75,Hired
CAND_C1BC5D,34,13,Data Scientist,Associate,Google Meet,58.73,0.839,11,100.0,60.35,Confident,28.42,5.18,45,0.522,75.34,Rejected
CAND_7F0217,24,0,Software Engineer,PhD,Zoom,80.0,0.617,3,100.0,86.52,Confident,5.45,3.31,45,0.41,75.66,Rejected
CAND_911906,31,6,HR Manager,PhD,Google Meet,65.04,0.728,9,100.0,100.0,Confident,5.78,3.8,61,0.654,73.54,Rejected
CAND_38D27E,24,3,Data Scientist,Associate,HireVue,56.23,0.467,8,74.26,90.6,Neutral,29.94,6.8,36,0.278,55.92,Rejected
CAND_3F37D0,23,0,Product Manager,Master's,Teams,86.76,0.458,14,98.04,100.0,Confident,25.08,4.8,53,0.397,81.38,Rejected
CAND_93FBF8,27,6,UX Designer,PhD,Zoom,59.51,0.614,8,78.7,76.69,Confident,31.1,4.55,37,0.731,65.39,Hired
CAND_A3FBC6,20,0,Software Engineer,Bachelor's,Teams,38.61,0.66,14,83.75,100.0,Confident,15.15,4.31,46,0.558,58.94,Rejected
CAND_DDA876,40,17,Marketing Analyst,Associate,Teams,29.65,0.453,12,89.01,68.56,Neutral,20.38,4.1,41,0.617,44.73,On Hold
CAND_C5D366,36,17,Product Manager,PhD,Teams,73.48,0.636,6,93.72,92.06,Confident,25.58,5.05,40,0.566,79.22,Rejected
CAND_FA0514,28,5,Business Analyst,Associate,Teams,55.65,0.563,6,56.69,45.61,Confident,59.4,6.67,59,0.322,48.31,Rejected
CAND_AC70F1,34,16,Data Scientist,Master's,Zoom,85.39,0.344,6,100.0,32.52,Confident,9.22,,36,0.364,89.89,Hired
CAND_4AEB11,28,7,UX Designer,PhD,Zoom,47.63,,12,69.09,73.98,Confident,40.25,5.38,33,0.279,48.79,Rejected
CAND_18FD00,30,7,HR Manager,Bachelor's,Teams,55.41,0.592,11,100.0,100.0,Confident,6.6,3.72,29,0.707,73.09,Second Round
CAND_AEDA2B,24,9,Business Analyst,PhD,Teams,86.1,,7,100.0,51.82,Neutral,13.86,4.07,21,0.0,75.01,Second Round
CAND_295792,27,4,Business Analyst,Master's,Zoom,54.85,0.627,8,69.79,73.71,Confident,40.75,5.84,46,0.69,56.17,Rejected
CAND_A846D5,36,15,Marketing Analyst,Bachelor's,HireVue,56.09,0.596,14,100.0,92.49,Confident,3.9,3.67,50,0.187,69.73,Second Round
CAND_8E28B3,25,0,Data Scientist,Bachelor's,HireVue,,0.682,9,100.0,,Confident,,4.75,44,0.538,63.4,On Hold
CAND_F8F44B,23,5,Marketing Analyst,PhD,Google Meet,64.26,0.474,10,99.7,100.0,Confident,16.94,4.07,60,0.748,67.76,Rejected
CAND_BC8806,31,7,HR Manager,Master's,Google Meet,64.47,0.778,11,100.0,77.57,Confident,11.38,3.89,35,0.382,84.43,Rejected
CAND_373876,40,13,Data Scientist,Master's,Zoom,68.11,0.635,10,100.0,,Confident,3.69,4.72,40,0.419,67.6,Second Round
CAND_98D3C5,37,14,Marketing Analyst,PhD,Teams,52.79,0.361,7,100.0,81.56,Confident,,3.64,31,0.748,73.27,Rejected
CAND_F448E9,29,0,Data Scientist,Bachelor's,Zoom,35.52,0.546,17,100.0,86.01,Confident,8.81,,41,0.698,53.09,Rejected
CAND_45F964,20,1,HR Manager,Associate,Zoom,,,12,98.26,82.05,Neutral,7.88,3.87,45,0.74,61.82,Rejected
CAND_44404F,35,12,Product Manager,Master's,Google Meet,29.17,,9,75.75,73.34,Neutral,38.21,,55,1.0,54.81,Rejected
CAND_29F39F,34,11,Data Scientist,Associate,Teams,68.47,0.672,16,93.77,100.0,Confident,17.61,4.0,50,0.561,70.81,Rejected
CAND_C25579,37,15,Product Manager,Master's,Zoom,74.72,0.436,9,84.21,62.61,Confident,28.93,4.45,40,0.423,74.98,Rejected
CAND_6DB284,23,4,Business Analyst,Associate,Teams,,0.625,13,100.0,,Confident,10.75,3.54,41,0.57,73.14,Second Round
CAND_1585E7,20,0,HR Manager,Master's,Zoom,83.27,0.605,6,100.0,83.54,Confident,7.3,4.36,47,0.313,85.7,Hired
CAND_455570,28,5,Sales Executive,Bachelor's,Zoom,65.56,0.751,17,59.53,67.28,Neutral,46.48,5.81,45,0.512,63.53,Rejected
CAND_DBA1E9,41,17,Business Analyst,Associate,Teams,20.05,0.763,14,75.04,71.43,Slouched,48.14,5.48,41,0.269,45.13,Rejected
CAND_BF9892,26,1,Sales Executive,Bachelor's,Teams,40.53,0.579,7,94.01,89.65,Confident,14.74,4.51,55,0.644,63.1,Rejected
CAND_86DDD4,24,0,Software Engineer,Associate,Google Meet,77.95,0.573,8,78.96,86.35,Neutral,39.0,5.36,54,0.658,68.76,Hired
CAND_7F09C6,21,2,Sales Executive,Master's,Google Meet,63.65,0.712,13,100.0,100.0,Confident,,4.45,38,0.267,69.48,Rejected
CAND_E25A37,32,12,Sales Executive,Bachelor's,Teams,51.22,0.288,13,100.0,76.13,Confident,6.12,3.79,49,0.572,67.63,Rejected
CAND_F3D45C,20,0,Business Analyst,Master's,Zoom,63.42,0.424,15,100.0,78.72,Confident,14.22,4.04,54,0.717,62.47,On Hold
CAND_9661A0,32,11,Software Engineer,Master's,HireVue,57.51,0.548,6,100.0,68.26,Confident,10.86,4.69,40,0.675,64.59,Rejected
CAND_8BA216,20,0,Software Engineer,Master's,Teams,191.75,0.807,0,100.0,83.46,Confident,31.46,5.65,42,0.674,100.0,Hired
CAND_C122FB,20,0,Business Analyst,PhD,HireVue,56.88,0.349,11,100.0,90.44,Confident,18.13,4.36,39,0.664,72.51,Second Round
CAND_A99DF3,23,0,Business Analyst,Bachelor's,Zoom,69.05,0.2,12,88.8,72.96,Neutral,22.81,4.12,40,0.895,70.81,Second Round
CAND_62198A,20,0,Business Analyst,Associate,HireVue,51.13,0.651,9,73.62,65.31,Neutral,22.33,5.68,46,0.14,55.83,On Hold
CAND_B92F22,30,3,Software Engineer,Bachelor's,HireVue,63.05,0.474,7,78.42,86.42,Confident,42.6,5.32,42,0.525,64.41,Rejected
CAND_C452A7,26,5,HR Manager,Master's,Teams,48.11,0.694,9,100.0,98.32,Confident,11.61,5.56,44,0.548,63.25,Rejected
CAND_90E75B,34,11,Sales Executive,Associate,Google Meet,,0.502,4,100.0,100.0,Confident,5.01,3.34,29,0.47,78.3,Second Round
CAND_4E6E2F,20,5,UX Designer,Bachelor's,Teams,62.23,0.651,9,97.71,88.38,Confident,26.21,4.66,35,0.623,83.06,Rejected
CAND_7CC894,33,12,HR Manager,Master's,Teams,53.34,0.516,10,88.57,60.3,Confident,30.44,4.62,47,0.598,78.16,Hired
CAND_4CDB88,20,0,Data Scientist,Bachelor's,Teams,77.25,0.586,6,100.0,100.0,Neutral,19.18,4.11,46,0.425,87.2,Second Round
CAND_85DBDE,26,9,Marketing Analyst,Associate,Google Meet,70.87,0.347,7,100.0,100.0,Confident,8.67,3.49,45,0.403,80.42,Hired
CAND_CAF75B,20,0,Data Scientist,Bachelor's,Teams,47.9,0.545,11,95.27,100.0,Confident,28.7,4.38,64,0.407,59.4,Rejected
CAND_AC283A,26,5,Data Scientist,PhD,Google Meet,75.62,0.84,8,94.1,100.0,Confident,15.89,4.97,61,0.578,90.78,Hired
CAND_6965E8,20,0,Marketing Analyst,PhD,Zoom,31.24,0.711,11,79.62,,Confident,19.47,5.03,59,0.165,49.38,Rejected
CAND_A00CB1,28,1,Marketing Analyst,Associate,Zoom,45.34,0.466,12,100.0,99.57,Confident,25.23,4.11,27,0.196,55.57,Rejected
CAND_84C7F9,35,11,Marketing Analyst,Associate,Teams,52.3,0.639,13,100.0,86.78,Confident,3.39,4.27,49,0.792,70.98,Hired
CAND_454DEA,34,4,Business Analyst,Bachelor's,HireVue,,0.625,11,89.2,44.84,Confident,6.17,3.45,50,0.53,74.68,Rejected
CAND_73957F,35,20,Business Analyst,Master's,Teams,42.57,0.248,12,91.11,89.27,Confident,24.23,4.7,36,0.369,57.14,Rejected
CAND_8FD946,30,9,Software Engineer,PhD,HireVue,58.6,0.636,10,99.06,99.19,Confident,15.8,4.52,50,0.122,87.93,Hired
CAND_757630,20,0,HR Manager,PhD,HireVue,59.63,,6,83.31,74.77,Neutral,31.22,5.25,46,0.462,69.5,Rejected
CAND_DA85F5,24,0,Product Manager,PhD,Teams,55.06,0.651,9,81.56,68.06,Confident,39.97,5.88,32,0.488,56.6,Rejected
CAND_07AA68,23,0,Product Manager,Bachelor's,Zoom,66.75,0.802,7,100.0,98.34,Confident,12.34,3.77,63,0.374,73.45,Hired
CAND_995F03,26,2,Business Analyst,Master's,Zoom,59.09,0.576,9,77.21,70.78,Confident,27.26,5.66,50,0.269,61.9,Rejected
CAND_486611,32,11,Business Analyst,Associate,Google Meet,53.67,0.548,14,94.49,72.22,Neutral,40.15,6.34,49,0.129,70.57,Rejected
CAND_AC1594,20,0,Sales Executive,Associate,HireVue,79.59,0.44,7,98.27,,Confident,7.7,4.48,43,0.324,88.27,Hired
CAND_C8D7E7,39,17,HR Manager,PhD,Google Meet,58.77,0.592,8,87.28,75.72,Confident,32.48,5.4,44,0.67,60.54,Rejected
CAND_47B492,44,23,Sales Executive,PhD,Google Meet,,0.648,6,81.68,87.19,Neutral,38.89,5.03,64,0.284,84.77,Hired
CAND_F1F132,28,1,Sales Executive,PhD,Teams,86.27,0.829,4,89.27,95.93,Confident,10.02,3.86,51,0.716,78.48,Rejected
CAND_A7AC7B,43,21,UX Designer,Bachelor's,HireVue,,0.59,9,95.79,100.0,Confident,26.81,6.28,55,0.659,83.42,Second Round
CAND_4E507B,29,5,Business Analyst,Master's,HireVue,32.55,0.95,11,92.55,,Confident,20.97,4.93,48,0.73,48.65,Rejected
CAND_C3D480,47,26,Sales Executive,PhD,Zoom,67.79,0.851,10,99.45,55.16,Neutral,33.21,4.78,46,0.557,79.3,Rejected
CAND_26E019,24,0,Marketing Analyst,Associate,Teams,66.32,0.641,11,100.0,99.43,Neutral,21.77,,60,0.697,63.09,On Hold
CAND_EB9D44,37,17,Data Scientist,Bachelor's,HireVue,40.09,0.59,8,92.41,78.39,Confident,15.25,4.1,44,0.282,58.35,Rejected
CAND_114592,32,10,UX Designer,PhD,HireVue,73.81,0.458,12,80.88,100.0,Slouched,33.76,5.7,59,0.805,69.45,Second Round
CAND_64764D,33,15,Business Analyst,Associate,Google Meet,75.23,0.575,6,98.76,70.68,Confident,10.62,3.75,20,0.54,89.97,Hired
CAND_B9F035,21,0,HR Manager,Associate,HireVue,62.77,0.629,5,83.56,51.08,Confident,14.06,4.1,50,0.578,75.81,Rejected
CAND_72847F,30,7,Software Engineer,Master's,Google Meet,50.52,0.56,14,100.0,100.0,Confident,3.56,3.05,39,0.499,55.53,Rejected
CAND_04812B,29,11,Software Engineer,Bachelor's,HireVue,52.44,0.265,6,88.8,61.45,Neutral,23.47,4.11,50,0.272,66.28,Hired
CAND_0D4E38,30,8,Data Scientist,PhD,HireVue,35.42,0.648,18,46.44,48.44,Slouched,39.11,5.06,55,0.557,44.15,Rejected
CAND_80FC2C,22,0,Marketing Analyst,Master's,Teams,34.05,0.435,10,88.95,66.77,Confident,10.9,4.3,64,0.883,59.99,Rejected
CAND_D94A99,35,14,UX Designer,PhD,Teams,78.83,0.487,8,100.0,88.3,Confident,2.36,3.79,53,0.393,84.41,Rejected
CAND_BE5AEA,28,1,Software Engineer,PhD,HireVue,51.44,0.369,6,100.0,69.53,Confident,3.93,3.02,54,0.643,68.74,Second Round
CAND_B7A169,20,1,Data Scientist,Bachelor's,Google Meet,48.7,0.803,9,100.0,69.42,Confident,8.9,3.51,47,0.393,70.89,Hired
CAND_D75CF1,36,17,Software Engineer,Bachelor's,Google Meet,170.36,0.612,0,76.52,49.73,Confident,26.03,4.55,58,0.26,93.08,Hired
CAND_F765D7,31,11,UX Designer,PhD,HireVue,68.35,0.805,9,100.0,76.53,Confident,12.04,4.37,39,0.505,87.23,Hired
CAND_48A5BB,29,4,Sales Executive,Bachelor's,Google Meet,75.67,0.623,9,92.52,80.14,Confident,6.08,3.65,31,0.47,81.49,Rejected
CAND_7BA24C,20,0,HR Manager,Bachelor's,Google Meet,60.36,0.649,10,95.11,97.54,Confident,28.39,4.69,41,0.472,74.11,Second Round
CAND_AACE85,21,0,HR Manager,Bachelor's,HireVue,38.52,0.556,12,87.91,100.0,Confident,45.65,5.42,54,0.379,49.12,Rejected
CAND_E5FD47,25,4,HR Manager,Master's,HireVue,83.64,0.483,4,78.62,60.95,Confident,50.86,5.7,52,0.155,84.68,Second Round
CAND_CAAF5F,26,4,Business Analyst,Master's,HireVue,46.35,0.524,8,100.0,62.62,Confident,10.77,3.97,55,0.432,69.86,Rejected
CAND_7383C0,40,17,Data Scientist,Bachelor's,Teams,90.85,0.573,6,100.0,58.03,Confident,8.92,3.65,29,0.32,80.76,Second Round
CAND_28C0CE,21,0,HR Manager,Associate,Teams,79.84,0.838,3,51.54,50.27,Neutral,50.66,6.01,23,0.477,79.08,Second Round
CAND_A2A4D9,25,3,Software Engineer,Master's,Zoom,39.47,0.224,11,100.0,100.0,Confident,17.68,4.39,55,0.749,55.12,Rejected
CAND_6D88D6,47,24,Business Analyst,Master's,Teams,43.63,,13,100.0,88.46,Confident,6.23,5.06,42,0.094,57.3,Rejected
CAND_DE5014,39,16,Sales Executive,PhD,Google Meet,43.42,0.95,10,95.99,,Confident,26.14,,39,0.535,52.91,Rejected
CAND_2E7EFC,33,7,Product Manager,Associate,Teams,47.16,0.644,13,100.0,90.16,Confident,15.6,,36,0.584,60.39,On Hold
CAND_C7F5FF,26,0,Business Analyst,Associate,HireVue,75.62,0.757,4,100.0,98.14,Confident,2.29,,36,0.368,85.23,Hired
CAND_11289C,32,12,Marketing Analyst,Associate,Zoom,78.83,0.426,2,100.0,96.46,Confident,16.74,4.19,48,0.362,80.0,Second Round
CAND_4502C0,34,12,Software Engineer,Associate,Google Meet,65.15,0.753,10,100.0,66.59,Confident,8.94,3.37,58,0.516,82.2,Rejected
CAND_4EA140,35,12,Data Scientist,Bachelor's,HireVue,42.38,0.777,9,93.95,84.95,Neutral,23.17,4.25,52,0.343,57.35,Rejected
CAND_A21EAA,20,0,Data Scientist,Master's,Google Meet,47.42,0.499,10,98.46,81.81,Confident,12.37,4.76,61,0.491,68.42,Second Round
CAND_FD47BD,26,1,Product Manager,PhD,Teams,76.93,0.713,10,100.0,82.77,Confident,17.31,4.68,51,0.279,80.4,Second Round
CAND_4D9177,36,19,Marketing Analyst,Master's,Teams,85.39,0.748,6,98.62,85.9,Neutral,16.21,5.29,60,0.497,75.02,Second Round
CAND_C2FE69,30,6,Sales Executive,PhD,HireVue,34.03,0.438,10,69.26,78.86,Confident,55.36,6.86,50,0.34,39.56,Rejected
CAND_9FCD04,25,2,Business Analyst,Bachelor's,HireVue,47.79,0.834,7,79.77,84.59,Confident,29.03,4.73,37,0.502,59.23,Rejected
CAND_45EDBC,28,0,Marketing Analyst,Master's,Google Meet,119.94,0.505,5,88.75,46.76,Confident,16.6,4.02,39,0.599,85.18,Hired
CAND_8C40DB,31,7,Sales Executive,Associate,Zoom,53.56,0.655,7,91.95,100.0,Confident,,4.4,35,0.129,51.73,Rejected
CAND_523043,35,12,Product Manager,Master's,Zoom,51.24,0.822,7,78.31,61.04,Neutral,37.15,5.46,35,0.457,65.88,Second Round
CAND_71C2BD,28,8,Software Engineer,Associate,HireVue,30.02,0.625,10,77.45,50.08,Neutral,31.05,5.03,37,0.266,41.0,Rejected
CAND_F6F659,22,1,Marketing Analyst,Bachelor's,Google Meet,36.36,0.665,8,95.61,63.87,Confident,3.34,3.6,55,0.533,56.28,Rejected
CAND_3D31A5,29,6,Sales Executive,Associate,Zoom,62.03,0.592,12,93.68,77.72,Confident,22.92,5.08,32,0.603,77.93,Rejected
CAND_B4E535,25,3,Data Scientist,Bachelor's,Google Meet,42.98,0.682,6,83.52,83.3,Neutral,31.53,4.45,49,0.296,55.28,Rejected
CAND_1C7635,40,11,UX Designer,PhD,Google Meet,37.86,0.704,13,100.0,100.0,Confident,13.6,5.38,31,0.342,58.71,Rejected
CAND_FDA647,31,9,Marketing Analyst,Associate,Teams,71.46,0.591,9,60.82,61.02,Neutral,64.49,6.17,36,0.549,63.34,On Hold
CAND_BD7B74,34,9,Sales Executive,PhD,HireVue,77.03,0.707,11,100.0,85.63,Confident,10.33,4.16,39,0.567,78.48,Second Round
CAND_2B166B,24,0,Marketing Analyst,Associate,Google Meet,50.11,0.603,7,72.95,44.35,Confident,37.49,5.85,51,0.619,52.31,Rejected
CAND_A4E094,39,19,Business Analyst,Associate,Teams,50.84,0.768,12,71.83,,Neutral,46.85,6.42,46,0.612,56.32,Rejected
CAND_D65816,30,13,Product Manager,Master's,Teams,67.36,0.506,9,100.0,,Confident,14.45,4.71,45,0.611,67.15,Second Round
CAND_D9091E,39,14,Business Analyst,Bachelor's,Google Meet,71.66,0.608,9,100.0,85.37,Confident,16.65,4.21,39,0.413,67.51,Second Round
CAND_E548E9,27,2,Marketing Analyst,Associate,Google Meet,36.51,0.833,17,100.0,78.49,Confident,8.26,3.59,41,0.55,65.04,Rejected
CAND_E0CF0D,25,0,HR Manager,Associate,Zoom,94.6,0.479,4,100.0,94.39,Confident,18.66,5.58,33,0.525,89.57,Second Round
CAND_15B09E,37,13,Marketing Analyst,Bachelor's,Teams,,0.65,10,96.08,100.0,Confident,6.99,3.87,40,0.671,65.44,Rejected
CAND_CA3529,39,12,UX Designer,PhD,HireVue,67.9,0.684,11,100.0,86.19,Confident,16.69,4.46,50,0.768,76.52,Hired
CAND_325DC1,22,0,HR Manager,Associate,Zoom,179.79,,0,100.0,65.36,Confident,6.19,3.45,34,0.307,100.0,Hired
CAND_BA52B2,41,20,Sales Executive,Master's,Google Meet,60.21,0.629,15,88.52,85.59,Confident,15.52,4.37,45,0.618,73.27,Second Round
CAND_09ED91,45,28,Business Analyst,PhD,Zoom,55.16,0.455,9,100.0,100.0,Neutral,5.62,3.53,52,0.272,68.68,Second Round
CAND_3D7FE5,26,0,Sales Executive,PhD,Google Meet,54.52,0.666,12,96.38,100.0,Confident,12.19,3.88,47,0.416,69.12,Hired
CAND_90410E,21,0,Software Engineer,Bachelor's,HireVue,54.98,0.703,8,98.3,,Confident,16.66,4.57,35,0.352,68.21,Second Round
CAND_0089EC,26,3,Software Engineer,Bachelor's,HireVue,29.69,0.512,13,100.0,96.32,Confident,6.09,5.35,43,0.372,64.11,Rejected
CAND_34B7B7,32,7,Software Engineer,Bachelor's,Zoom,53.93,0.557,10,100.0,100.0,Confident,,3.51,50,0.471,67.38,Rejected
CAND_5F718C,29,4,HR Manager,Associate,Google Meet,48.23,0.905,9,64.01,54.75,Neutral,51.56,6.18,49,0.531,51.27,On Hold
CAND_A2EC1B,42,17,HR Manager,Master's,Google Meet,55.45,0.866,4,82.98,75.61,Confident,27.23,5.05,30,0.563,62.63,Rejected
CAND_3C4EDC,28,4,Product Manager,Bachelor's,Google Meet,73.36,0.708,6,94.15,75.63,Confident,,4.84,30,0.392,93.41,Second Round
CAND_608B28,20,0,HR Manager,Associate,HireVue,77.93,0.661,6,100.0,52.7,Neutral,20.05,4.73,56,0.919,73.47,Hired
CAND_53C6E9,20,0,UX Designer,Associate,HireVue,83.49,0.723,6,90.81,88.92,Confident,30.37,4.63,52,0.543,79.23,Second Round
CAND_B7BAED,28,9,Business Analyst,Associate,Zoom,74.41,0.639,3,81.53,68.04,Confident,31.17,4.78,57,0.733,66.98,Second Round
CAND_814E14,27,8,Product Manager,Master's,Google Meet,77.87,,7,82.62,60.82,Neutral,35.67,5.33,37,0.648,90.28,Hired
CAND_6091BD,22,0,UX Designer,PhD,Zoom,69.79,0.514,8,100.0,100.0,Confident,10.55,5.25,28,0.487,68.86,Hired
CAND_667297,39,21,Software Engineer,Bachelor's,Google Meet,56.06,0.537,9,100.0,79.95,Neutral,2.81,3.85,44,0.392,81.63,Rejected
CAND_E01128,20,0,Sales Executive,PhD,Teams,61.07,0.748,8,71.14,61.44,Slouched,36.85,5.32,38,0.285,66.69,Rejected
CAND_FD7E88,31,6,UX Designer,Associate,HireVue,55.09,0.679,15,99.59,89.27,Confident,5.95,3.45,59,0.596,78.55,Second Round
CAND_E1F952,21,0,Business Analyst,Associate,HireVue,78.35,0.53,9,90.97,97.15,Confident,,5.44,41,0.531,85.89,Hired
CAND_31B55F,25,2,Marketing Analyst,Bachelor's,Teams,58.22,0.747,14,100.0,71.54,Confident,14.75,3.96,35,0.983,74.5,Hired
CAND_DEBFB4,29,10,Software Engineer,Bachelor's,HireVue,80.58,0.914,5,94.0,89.17,Confident,24.02,4.9,37,0.35,90.03,Hired
CAND_49F189,38,17,Business Analyst,Associate,Google Meet,64.98,0.71,9,100.0,100.0,Confident,7.94,4.05,36,0.676,74.26,Hired
CAND_5BCFC3,20,0,HR Manager,Bachelor's,Teams,68.06,0.562,2,100.0,84.45,Confident,12.07,7.7,49,0.634,76.49,Hired
CAND_8A5895,22,0,HR Manager,Master's,HireVue,66.53,0.367,5,88.39,65.12,Confident,31.01,4.86,44,0.189,61.5,Rejected
CAND_FA6ACB,35,15,Data Scientist,Master's,HireVue,62.42,0.543,7,86.63,52.66,Confident,17.46,4.3,49,0.859,79.7,Second Round
CAND_5915B4,21,0,Data Scientist,Master's,Teams,29.3,0.636,11,65.94,56.08,Neutral,42.67,5.31,38,0.404,38.51,Rejected
CAND_B086C1,29,13,Data Scientist,PhD,Teams,71.24,0.646,10,100.0,66.61,Confident,13.61,4.23,55,0.399,78.8,Hired
CAND_3CBD12,32,11,HR Manager,Bachelor's,Zoom,73.74,0.551,7,100.0,100.0,Confident,2.54,2.88,58,0.73,86.25,Hired
CAND_A2FAD6,29,3,Product Manager,PhD,Google Meet,85.77,0.413,9,82.41,74.15,Neutral,21.74,4.84,36,0.414,89.54,Hired
CAND_3AEEB6,20,0,Sales Executive,PhD,Google Meet,,0.655,15,100.0,59.33,Confident,16.44,3.82,60,0.383,83.06,Second Round
CAND_FF6A88,35,15,UX Designer,Master's,Google Meet,88.33,0.496,8,100.0,59.66,Confident,11.2,5.26,53,0.551,100.0,Hired
CAND_A9E769,20,0,Marketing Analyst,Bachelor's,Zoom,62.47,0.736,6,79.29,52.35,Confident,31.18,5.16,32,0.607,61.09,Rejected
CAND_0FCE15,57,35,Business Analyst,Bachelor's,Teams,62.28,0.859,10,100.0,61.22,Confident,24.54,4.28,44,0.893,87.66,Hired
CAND_0132B0,33,12,UX Designer,Bachelor's,Google Meet,50.6,0.78,7,100.0,100.0,Neutral,4.04,3.35,56,0.412,65.9,Second Round
CAND_CBD084,40,19,Data Scientist,Master's,HireVue,31.81,0.787,15,71.14,61.15,Slouched,39.43,9.16,29,0.41,30.9,Rejected
CAND_3DC0D4,20,0,HR Manager,PhD,Zoom,66.08,0.283,8,78.95,73.62,Confident,28.23,4.96,39,0.14,73.19,Rejected
CAND_CA2C59,34,11,Sales Executive,Bachelor's,Google Meet,69.59,0.683,8,100.0,96.58,Confident,10.34,3.7,44,0.854,76.77,Second Round
CAND_9BF2FC,33,18,Software Engineer,Bachelor's,Google Meet,70.29,0.662,7,76.27,60.05,Neutral,38.15,5.49,50,0.475,61.84,Rejected
CAND_541E98,34,13,UX Designer,Master's,Google Meet,66.17,0.526,7,100.0,100.0,Confident,15.04,4.54,32,0.608,77.55,Hired
CAND_05472A,31,11,Data Scientist,Bachelor's,Teams,78.8,0.529,10,77.34,32.41,Neutral,12.12,3.76,46,0.329,62.92,On Hold
CAND_1CB269,20,0,HR Manager,Bachelor's,Teams,39.85,0.92,9,80.73,74.85,Confident,30.01,5.11,53,0.814,46.34,Rejected
CAND_CCCDD4,43,17,Marketing Analyst,Associate,HireVue,85.94,0.95,7,100.0,100.0,Confident,18.87,4.46,62,0.578,64.69,Rejected
CAND_466180,29,1,HR Manager,Associate,HireVue,60.85,0.399,6,100.0,100.0,Confident,17.53,4.33,50,0.55,85.64,Hired
CAND_9F6A20,20,0,UX Designer,Associate,HireVue,,0.583,6,100.0,100.0,Neutral,,4.88,44,0.605,74.34,Rejected
CAND_35EFA6,27,6,Software Engineer,Associate,HireVue,83.28,0.892,11,92.46,100.0,Confident,,4.6,36,0.456,64.58,Rejected
CAND_483F51,20,0,Data Scientist,Associate,Teams,62.82,0.467,6,69.0,41.62,Neutral,36.5,5.5,38,0.419,65.82,Rejected
CAND_7E769B,37,17,Software Engineer,PhD,HireVue,68.25,0.543,12,100.0,87.4,Confident,10.39,4.07,48,0.758,86.11,Hired
CAND_63461B,26,3,Data Scientist,Associate,Teams,30.91,0.5,12,93.98,78.01,Confident,8.98,4.57,57,0.074,46.23,Rejected
CAND_D2692C,33,16,Product Manager,Associate,Google Meet,53.62,0.75,14,100.0,89.13,Confident,8.42,3.42,53,0.735,80.48,Rejected
CAND_53D966,36,16,Marketing Analyst,Associate,HireVue,48.72,0.903,11,70.91,63.71,Neutral,26.03,5.83,46,0.751,63.85,Rejected
CAND_3D01D1,34,9,Data Scientist,Associate,Zoom,67.15,0.634,7,100.0,100.0,Confident,7.66,,61,0.308,70.99,Rejected
CAND_2D6D65,40,15,UX Designer,Bachelor's,HireVue,59.31,0.658,10,100.0,100.0,Neutral,9.49,5.38,48,0.59,68.81,Rejected
CAND_607191,25,2,Software Engineer,Associate,Zoom,50.35,0.719,7,70.79,60.96,Neutral,47.55,5.65,53,0.562,63.94,Rejected
CAND_A4E22B,20,0,Business Analyst,Bachelor's,HireVue,65.62,0.633,8,95.82,,Confident,5.89,6.06,32,0.163,76.44,Hired
CAND_B1CC9E,33,12,Data Scientist,PhD,Zoom,49.93,0.672,8,78.81,69.3,Neutral,46.77,,43,0.63,52.83,Rejected
CAND_57AD66,32,9,Product Manager,Associate,HireVue,65.96,,11,100.0,100.0,Confident,0.61,4.11,39,0.282,81.18,Rejected
CAND_E6D5BB,25,3,Product Manager,Bachelor's,Google Meet,45.01,0.561,13,68.8,62.93,Confident,39.98,5.19,32,0.558,55.41,Rejected
CAND_C8569F,31,10,UX Designer,Associate,Teams,57.0,0.797,6,94.4,98.66,Confident,29.58,5.26,54,0.289,63.26,On Hold
CAND_1D9E16,33,11,Product Manager,Associate,Zoom,53.57,0.823,6,68.57,34.24,Neutral,43.82,6.17,56,0.424,59.08,Rejected
CAND_B8AC3C,20,1,HR Manager,Bachelor's,HireVue,53.65,0.2,10,100.0,86.27,Confident,7.28,3.91,36,0.507,66.48,Hired
CAND_6EC522,36,14,Software Engineer,Master's,Teams,46.56,0.463,10,100.0,,Confident,0.97,3.98,54,0.912,71.55,Second Round
CAND_189B7F,32,7,UX Designer,PhD,Teams,54.18,0.709,12,100.0,98.74,Confident,19.94,4.1,40,0.402,68.29,Second Round
CAND_E3CBE5,20,0,Data Scientist,Bachelor's,HireVue,50.83,0.637,7,92.1,63.48,Confident,14.78,4.2,54,0.296,59.03,Rejected
CAND_3A0252,20,0,Business Analyst,Bachelor's,HireVue,64.67,0.577,8,100.0,81.94,Confident,8.22,4.84,60,0.657,86.52,Hired
CAND_07BF61,23,4,HR Manager,Master's,Google Meet,,0.598,11,70.43,75.34,Neutral,34.68,6.26,51,0.34,31.7,Rejected
CAND_E2C5FB,22,5,Data Scientist,PhD,Zoom,52.52,0.47,13,91.46,69.38,Confident,10.46,6.63,43,0.159,59.2,Rejected
CAND_CDF61B,42,23,Product Manager,Master's,Teams,,0.806,11,75.06,62.95,Confident,28.75,4.26,54,0.269,37.55,Rejected
CAND_594070,24,2,Business Analyst,Associate,Zoom,61.19,0.807,10,100.0,72.08,Confident,26.55,7.64,29,0.61,65.37,Second Round
CAND_89CB89,31,8,Sales Executive,Bachelor's,HireVue,66.17,0.639,11,100.0,100.0,Confident,16.28,5.22,67,0.607,77.87,Second Round
CAND_BF41F0,30,10,Sales Executive,Bachelor's,Teams,51.85,,12,100.0,86.8,Confident,,3.57,59,0.456,77.06,Hired
CAND_0B80ED,30,6,Sales Executive,Bachelor's,Google Meet,42.82,0.728,4,92.0,99.02,Confident,21.58,4.26,48,0.501,59.46,Rejected
CAND_498B69,30,14,HR Manager,Bachelor's,Google Meet,61.4,0.33,7,73.31,52.8,Confident,33.54,6.24,37,0.51,60.29,Rejected
CAND_49512D,38,16,UX Designer,PhD,Teams,46.6,0.396,11,72.35,46.99,Neutral,40.0,5.05,49,0.55,50.59,Rejected
CAND_2B379F,20,0,Marketing Analyst,Bachelor's,HireVue,59.07,0.535,6,93.39,,Confident,12.96,5.39,36,0.843,78.31,Second Round
CAND_9CCB94,33,5,Sales Executive,Associate,Zoom,80.62,0.413,6,93.48,,Confident,22.61,,50,0.228,95.19,Hired
CAND_8C5BA1,39,20,Sales Executive,Master's,Zoom,197.91,0.754,0,100.0,79.7,Confident,16.35,4.2,50,0.411,100.0,Hired
CAND_24EB3D,20,1,UX Designer,Bachelor's,Teams,52.89,0.537,4,83.39,59.54,Confident,22.7,4.35,35,0.526,63.67,Rejected
CAND_EC1955,20,0,HR Manager,Associate,Google Meet,36.18,0.435,15,100.0,69.66,Confident,4.56,3.48,43,0.541,51.46,Rejected
CAND_0A4248,34,4,Marketing Analyst,PhD,Zoom,41.74,0.759,13,100.0,100.0,Neutral,11.55,,37,0.415,59.44,Rejected
CAND_BB5BDE,25,3,Marketing Analyst,Bachelor's,Google Meet,64.14,0.559,12,100.0,100.0,Confident,8.19,3.98,52,0.483,76.56,Second Round
CAND_D31208,24,5,UX Designer,Bachelor's,Zoom,65.54,0.381,1,100.0,,Confident,9.25,4.14,34,0.252,79.07,Second Round
CAND_EC73A9,22,3,Software Engineer,PhD,Google Meet,78.83,,8,100.0,77.98,Confident,5.68,3.68,38,0.751,78.34,Second Round
CAND_7D8A02,31,4,Business Analyst,PhD,HireVue,52.44,0.695,11,84.96,,Neutral,23.16,5.89,54,0.25,63.49,On Hold
CAND_61505E,31,12,Data Scientist,Bachelor's,Zoom,74.29,0.235,10,100.0,74.89,Confident,5.74,3.51,55,0.579,72.23,Hired
CAND_DA1009,43,16,Sales Executive,Associate,Google Meet,61.13,,9,96.1,100.0,Confident,12.84,4.47,36,0.719,76.02,Rejected
CAND_3F5790,31,8,Marketing Analyst,PhD,HireVue,73.83,0.578,13,85.85,52.15,Neutral,16.09,5.61,56,0.848,73.25,Second Round
CAND_F964FA,37,16,Sales Executive,Master's,Teams,66.08,0.602,6,100.0,86.69,Confident,7.91,3.66,52,0.364,79.02,Hired
CAND_47BB70,30,10,Marketing Analyst,PhD,Google Meet,52.06,0.582,11,66.27,79.48,Neutral,55.28,5.8,49,0.439,50.39,Rejected
CAND_33E852,22,0,Software Engineer,Master's,Zoom,52.87,0.524,11,80.58,58.45,Neutral,32.94,4.51,31,0.448,68.33,Rejected
CAND_CC0415,35,10,HR Manager,PhD,HireVue,46.52,0.519,15,85.49,78.24,Neutral,22.42,4.6,75,0.642,57.59,Rejected
CAND_7F9B70,23,0,Product Manager,Associate,Zoom,173.01,0.574,1,100.0,75.22,Confident,14.83,4.34,50,0.647,100.0,Hired
CAND_ABB7F3,28,8,HR Manager,Associate,Zoom,54.6,0.366,9,61.62,59.49,Slouched,40.95,,52,0.517,50.56,Rejected
CAND_50E5C1,38,15,Sales Executive,Associate,HireVue,64.44,0.603,11,88.4,76.52,Confident,8.92,4.28,37,0.375,73.88,Second Round
CAND_D9675D,46,27,UX Designer,Associate,Teams,39.36,0.553,11,80.13,90.98,Confident,36.38,5.97,56,0.456,47.02,Rejected
CAND_ADFB1E,29,3,Product Manager,Associate,Zoom,89.4,0.703,3,89.52,60.6,Confident,7.28,3.27,48,0.414,92.08,Hired
CAND_9538C4,20,0,Software Engineer,Associate,Teams,56.98,0.68,10,100.0,,Confident,24.77,5.05,38,0.15,72.2,Hired
CAND_DA5793,20,0,HR Manager,Master's,Teams,44.31,0.615,10,100.0,96.61,Confident,19.87,4.05,39,0.937,61.19,Rejected
CAND_124861,29,8,Product Manager,PhD,Teams,40.78,0.77,10,90.99,94.33,Confident,16.89,4.93,20,0.223,54.11,On Hold
CAND_8D0B6D,31,9,UX Designer,Bachelor's,Teams,48.51,0.482,8,73.55,71.42,Confident,35.23,6.27,20,0.508,50.25,Rejected
CAND_F7D09B,22,0,UX Designer,PhD,Google Meet,49.98,0.887,10,78.19,85.36,Confident,22.4,4.68,65,0.384,61.25,Rejected
CAND_8A5E7D,43,21,Software Engineer,Associate,Google Meet,62.48,0.423,11,100.0,100.0,Neutral,20.02,4.04,37,0.531,74.83,Second Round
CAND_0FD3B5,39,19,Software Engineer,Associate,Google Meet,37.94,0.656,6,78.37,81.77,Neutral,39.65,5.17,62,0.347,45.84,Rejected
CAND_D5B9AE,30,4,Sales Executive,Associate,Google Meet,31.57,0.583,15,100.0,70.13,Confident,10.08,4.52,46,0.425,52.03,Rejected
CAND_F7AF47,33,18,Marketing Analyst,Bachelor's,Teams,84.2,0.503,7,100.0,91.51,Confident,22.71,,42,0.651,81.54,Rejected
CAND_244A29,20,0,Sales Executive,Bachelor's,Zoom,43.94,0.427,18,97.32,66.88,Confident,9.98,3.65,44,0.551,65.45,Hired
CAND_67ADAB,36,15,Marketing Analyst,PhD,Google Meet,53.51,0.343,10,94.43,100.0,Confident,20.24,3.92,50,0.555,62.59,Rejected
CAND_9AB313,29,6,Business Analyst,Master's,Zoom,76.13,0.609,4,100.0,100.0,Confident,12.38,4.63,47,0.356,86.54,Hired
CAND_75019E,43,17,Software Engineer,PhD,Teams,75.42,0.365,9,100.0,80.17,Confident,3.58,,34,0.613,86.27,Hired
CAND_945CD8,20,0,Product Manager,Bachelor's,Google Meet,34.53,0.714,11,64.02,39.57,Neutral,,5.99,49,0.471,42.46,Rejected
CAND_D79829,43,17,HR Manager,PhD,Teams,84.58,0.356,11,100.0,71.2,Confident,10.09,5.61,43,0.515,83.54,Second Round
CAND_0B4B45,20,0,Sales Executive,Associate,HireVue,67.09,0.733,11,100.0,93.16,Confident,5.15,4.1,50,0.323,70.49,Hired
CAND_C19973,34,11,Product Manager,Bachelor's,Teams,54.23,0.875,10,100.0,74.38,Confident,13.8,3.84,28,0.304,71.63,Hired
CAND_012707,31,9,Product Manager,Bachelor's,Teams,56.58,0.556,16,95.35,77.61,Confident,11.75,,41,0.387,66.31,Hired
CAND_69739F,21,0,Software Engineer,Bachelor's,Google Meet,80.18,0.709,9,95.22,76.37,Neutral,20.82,4.11,54,0.551,85.24,Hired
CAND_9E5D0B,43,23,UX Designer,Master's,HireVue,64.22,0.474,9,100.0,100.0,Confident,19.92,4.92,55,0.529,78.17,Second Round
CAND_9327A3,20,2,Product Manager,Associate,Teams,60.79,0.641,5,96.94,93.46,Confident,10.75,3.56,41,0.839,77.09,Second Round
CAND_36C54D,33,11,Marketing Analyst,Master's,Google Meet,56.68,0.588,12,85.41,61.36,Confident,34.44,5.39,60,0.794,57.81,Rejected
CAND_7DD10E,34,11,Product Manager,Bachelor's,HireVue,50.68,0.56,12,100.0,53.65,Confident,4.54,,43,0.353,64.72,Rejected
CAND_740C94,38,12,Marketing Analyst,PhD,Zoom,53.8,0.564,5,95.61,77.59,Neutral,10.83,5.42,35,0.654,55.2,Rejected
CAND_A74520,27,4,Product Manager,Bachelor's,HireVue,41.8,0.552,7,70.92,69.53,Neutral,25.84,5.0,50,0.336,57.64,Rejected
CAND_29A4D4,27,7,Product Manager,Associate,Google Meet,138.58,0.518,1,82.67,67.83,Confident,37.13,5.82,59,0.534,90.41,Hired
CAND_FEC954,20,0,Software Engineer,Master's,Teams,38.78,0.625,12,100.0,94.94,Confident,6.01,3.54,23,0.393,57.65,On Hold
CAND_5DCE48,23,0,Software Engineer,Bachelor's,HireVue,84.25,0.569,7,100.0,93.49,Confident,14.02,3.98,40,0.603,78.2,Rejected
CAND_70AC5A,33,9,Marketing Analyst,Bachelor's,HireVue,43.67,0.511,10,70.73,45.36,Confident,28.93,5.47,40,0.97,52.99,Rejected
CAND_36EB2B,39,16,Product Manager,Bachelor's,Zoom,72.96,0.371,6,100.0,81.72,Confident,12.1,4.87,49,0.501,84.05,Second Round
CAND_23242E,34,12,HR Manager,Master's,HireVue,72.71,0.683,7,100.0,78.87,Confident,16.0,4.9,49,0.527,86.37,Hired
CAND_E5EC98,29,7,Data Scientist,PhD,Teams,52.43,0.706,10,93.99,67.83,Confident,14.51,3.85,49,0.542,59.62,Rejected
CAND_3EFF11,30,5,Sales Executive,PhD,Google Meet,59.6,0.264,15,94.7,62.56,Confident,26.96,4.79,53,0.599,79.07,Rejected
CAND_01A019,41,20,UX Designer,Associate,Zoom,59.78,0.626,9,81.71,75.29,Neutral,8.87,4.71,30,0.683,66.91,Hired
CAND_6CF0F5,45,20,Business Analyst,PhD,Teams,50.56,0.625,7,100.0,49.84,Confident,12.17,4.01,37,0.539,62.45,Rejected
CAND_F34C53,33,12,Business Analyst,Associate,Teams,45.08,,13,100.0,70.59,Confident,12.52,4.56,57,0.757,52.23,Rejected
CAND_3F6057,22,3,UX Designer,Associate,Zoom,25.66,0.95,17,100.0,100.0,Confident,4.1,4.2,46,0.346,42.13,Rejected
CAND_CC003B,28,6,Marketing Analyst,PhD,HireVue,83.74,0.876,12,100.0,91.28,Confident,13.03,4.23,56,0.648,78.22,Hired
CAND_D6A408,20,0,Product Manager,Associate,HireVue,57.26,0.723,9,100.0,86.53,Confident,18.21,4.34,33,0.829,59.4,Rejected
CAND_B7FEA5,20,0,Business Analyst,Bachelor's,HireVue,80.13,0.703,9,100.0,91.43,Confident,17.13,4.12,61,1.0,95.62,Hired
CAND_597581,23,3,HR Manager,Associate,HireVue,140.94,0.581,0,100.0,100.0,Confident,12.62,3.46,50,0.315,92.24,Hired
CAND_145F59,29,8,Product Manager,PhD,Zoom,49.74,0.404,17,75.23,87.7,Confident,28.76,5.21,43,0.549,47.85,On Hold
CAND_B4153B,31,16,Data Scientist,Master's,Google Meet,82.29,,5,74.94,69.7,Neutral,45.99,6.43,36,0.739,79.67,Hired
CAND_45AA65,20,0,Product Manager,Associate,Zoom,64.53,,11,83.35,84.17,Confident,29.36,5.72,32,0.714,71.51,Hired
CAND_4602EF,21,0,UX Designer,Associate,Google Meet,59.11,0.561,13,100.0,47.15,Confident,3.49,3.24,60,0.392,67.53,Rejected
CAND_FEDD1B,33,9,Data Scientist,PhD,Google Meet,62.5,0.64,8,100.0,69.82,Confident,9.81,,49,0.518,75.83,Rejected
CAND_983492,26,7,Data Scientist,Associate,Teams,54.12,0.8,15,100.0,76.22,Confident,10.29,4.11,48,0.344,65.58,Hired
CAND_1F030F,21,0,Sales Executive,Bachelor's,Google Meet,58.33,0.676,8,100.0,94.59,Confident,14.76,4.88,40,0.464,71.91,Rejected
CAND_8D32A4,28,1,Sales Executive,PhD,HireVue,,0.495,9,100.0,100.0,Neutral,19.01,4.25,43,0.223,80.21,Hired
CAND_402D2F,20,0,Marketing Analyst,Master's,Google Meet,62.08,0.492,8,94.15,,Confident,11.98,,50,0.381,65.64,Hired
CAND_D71C3D,33,15,UX Designer,Associate,Teams,34.59,0.63,8,99.58,77.5,Neutral,9.86,3.74,58,0.374,55.5,Rejected
CAND_C3B657,20,0,Data Scientist,Master's,Zoom,58.36,0.683,7,96.76,,Confident,6.72,3.23,51,0.743,69.86,Second Round
CAND_586049,33,8,Sales Executive,Associate,Teams,,0.843,5,90.29,88.9,Confident,,4.37,44,0.222,85.11,Hired
CAND_B2419F,28,8,HR Manager,Associate,HireVue,64.19,0.622,8,61.4,40.62,Neutral,40.53,7.05,34,0.261,65.99,Rejected
CAND_9F9AA9,23,0,Marketing Analyst,Master's,Google Meet,66.49,0.578,6,100.0,71.4,Confident,10.04,3.7,54,0.62,75.74,Second Round
CAND_01CCDA,32,7,Marketing Analyst,Associate,HireVue,60.53,0.802,8,100.0,73.38,Neutral,16.2,,31,0.648,75.73,Second Round
CAND_569A57,26,4,Business Analyst,Associate,Zoom,61.09,0.911,4,100.0,100.0,Neutral,8.77,4.09,46,0.551,71.05,Second Round
CAND_F11DBB,34,12,Marketing Analyst,Master's,Zoom,58.63,0.624,13,83.74,,Confident,22.47,4.03,35,0.485,67.91,Second Round
CAND_1A6297,24,0,Software Engineer,Master's,Google Meet,44.49,0.677,4,61.17,53.52,Neutral,55.87,6.95,52,0.456,46.62,Rejected
CAND_3AE284,45,17,Software Engineer,PhD,Teams,53.36,0.531,9,100.0,,Confident,9.02,4.14,47,0.558,75.54,Rejected
CAND_53A356,23,3,HR Manager,Bachelor's,Zoom,78.55,0.523,8,100.0,84.38,Confident,,4.29,37,0.542,88.43,Hired
CAND_87A73F,38,12,Software Engineer,Bachelor's,HireVue,,,8,94.61,100.0,Confident,27.7,5.05,41,0.772,89.05,Hired
CAND_720C00,32,15,Sales Executive,Associate,Teams,54.27,0.418,13,95.0,77.99,Neutral,21.53,4.9,40,0.461,63.42,Rejected
CAND_86AF37,32,12,HR Manager,Associate,Teams,49.31,0.388,10,100.0,89.23,Confident,6.18,4.43,50,0.711,68.61,Hired
CAND_CFA4E3,29,4,Product Manager,Bachelor's,Teams,55.09,0.447,8,100.0,76.06,Confident,24.37,7.22,39,0.745,56.33,Rejected
CAND_DA0F31,42,16,UX Designer,Bachelor's,Zoom,,0.48,7,100.0,85.71,Confident,4.14,3.21,43,0.682,75.8,Rejected
CAND_F9DAFB,39,15,Software Engineer,Bachelor's,Google Meet,94.24,0.792,6,100.0,63.45,Confident,22.71,6.09,44,0.556,100.0,Hired
CAND_9FD570,28,5,Data Scientist,Associate,Teams,47.12,0.889,14,82.07,77.99,Confident,20.04,5.32,48,0.579,50.38,Rejected
CAND_173A3C,25,3,Data Scientist,PhD,HireVue,49.87,0.693,13,86.51,68.79,Confident,23.93,4.25,41,0.626,63.09,Rejected
CAND_1C0FD9,35,11,Software Engineer,Bachelor's,Zoom,31.59,0.508,8,78.9,79.41,Neutral,47.87,6.64,45,0.355,37.92,Rejected
CAND_DEA50B,38,21,UX Designer,Master's,Google Meet,69.29,0.377,10,100.0,79.78,Confident,7.85,3.7,58,0.499,72.07,Hired
CAND_865CF1,26,1,Marketing Analyst,Associate,Google Meet,66.66,0.554,8,96.03,42.65,Confident,21.82,4.44,47,0.551,77.25,Rejected
CAND_5A1CD6,23,4,UX Designer,PhD,HireVue,65.9,0.573,8,92.77,91.95,Confident,19.85,5.31,50,0.703,65.48,Rejected
CAND_6B9F6A,21,0,Sales Executive,Associate,Zoom,36.32,0.634,8,92.89,100.0,Neutral,21.72,4.22,43,0.645,54.56,Rejected
CAND_CEDB45,24,1,Software Engineer,Master's,Teams,54.59,0.606,8,97.8,100.0,Confident,27.52,4.51,54,0.654,64.56,Rejected
CAND_014849,31,6,Marketing Analyst,Associate,Teams,56.87,0.508,9,100.0,100.0,Neutral,24.55,,63,0.906,66.66,Hired
CAND_DA41B6,26,1,UX Designer,Master's,Zoom,82.88,0.576,5,90.96,50.81,Confident,34.25,5.16,62,0.381,87.35,Second Round
CAND_514AEF,27,1,Software Engineer,Associate,Google Meet,27.58,0.546,14,70.75,91.51,Neutral,37.93,5.07,46,0.443,42.66,Rejected
CAND_478D6C,41,16,Data Scientist,PhD,Google Meet,59.15,0.776,12,100.0,91.14,Confident,9.92,4.48,44,0.49,70.46,Second Round
CAND_43D68C,31,9,UX Designer,PhD,Google Meet,56.15,0.716,9,78.8,94.08,Neutral,32.02,4.79,49,0.337,55.59,Rejected
CAND_124206,30,5,Marketing Analyst,Master's,Teams,77.67,0.555,9,85.96,85.9,Neutral,32.45,4.98,42,0.664,84.6,Hired
CAND_82CB4F,30,9,Product Manager,Bachelor's,HireVue,82.81,0.553,6,100.0,,Confident,4.61,4.43,47,0.528,87.94,Hired
CAND_B7057E,23,7,Marketing Analyst,Master's,Teams,74.55,0.73,7,87.62,91.02,Neutral,11.36,4.35,43,0.652,80.33,Second Round
CAND_C89336,24,3,HR Manager,Bachelor's,Google Meet,60.85,0.654,12,93.84,73.63,Confident,25.62,4.65,45,0.782,70.07,Hired
CAND_F9D3F7,21,0,Product Manager,PhD,Teams,47.68,0.541,10,88.17,84.18,Confident,22.66,4.09,31,0.779,59.31,Rejected
CAND_E95DB9,34,11,UX Designer,PhD,HireVue,52.17,0.735,6,70.03,43.91,Neutral,30.79,5.07,31,0.82,48.1,Rejected
CAND_B8DB19,39,17,Data Scientist,Master's,Teams,45.19,0.558,6,100.0,86.13,Confident,17.43,5.05,41,0.517,54.68,Rejected
CAND_B53E2D,49,26,UX Designer,Master's,Zoom,135.11,0.834,2,96.39,87.54,Confident,18.32,5.82,36,0.797,91.65,Hired
CAND_4CACEE,20,0,Marketing Analyst,Bachelor's,Teams,34.94,0.31,12,100.0,,Confident,7.23,4.08,46,0.585,57.48,Rejected
CAND_371A8C,27,7,Marketing Analyst,Bachelor's,Google Meet,37.78,0.827,9,68.18,58.49,Neutral,42.52,5.42,37,0.477,46.06,Rejected
CAND_770D33,30,12,Product Manager,Bachelor's,Teams,43.37,,8,92.98,87.77,Confident,17.57,3.8,44,0.111,61.58,Rejected
CAND_5A4411,27,2,Business Analyst,Bachelor's,HireVue,49.44,0.649,15,100.0,100.0,Confident,19.87,4.03,59,0.41,72.75,Hired
CAND_167074,35,17,Product Manager,PhD,Zoom,47.17,0.727,10,92.59,100.0,Confident,22.32,5.52,39,0.573,60.65,Rejected
CAND_0B29B5,22,0,Data Scientist,PhD,Google Meet,,0.44,6,100.0,100.0,Confident,3.03,3.58,28,0.133,71.4,Second Round
CAND_595A5D,39,14,Software Engineer,PhD,Zoom,65.99,0.589,7,100.0,73.28,Confident,7.6,4.4,36,0.309,84.17,Second Round
CAND_5506AB,30,6,Marketing Analyst,PhD,HireVue,57.0,0.617,13,100.0,100.0,Confident,16.87,4.34,36,0.137,69.68,Hired
CAND_9D815D,35,11,Product Manager,PhD,Google Meet,46.06,0.519,12,97.24,91.27,Confident,16.79,6.1,52,0.555,68.23,Hired
CAND_5331B7,39,17,Business Analyst,Master's,Zoom,78.39,0.656,7,100.0,59.06,Confident,7.74,4.41,42,0.441,79.75,Hired
CAND_A7C96E,32,14,Data Scientist,Bachelor's,Teams,57.17,0.545,15,73.26,,Slouched,43.21,5.42,33,0.464,55.54,Rejected
CAND_DE418A,38,14,Business Analyst,Bachelor's,Google Meet,69.72,0.473,11,100.0,69.76,Confident,8.79,3.88,47,0.94,91.38,Hired
CAND_F5CA04,26,9,Marketing Analyst,PhD,Zoom,61.77,0.488,9,100.0,74.79,Confident,5.97,3.39,32,0.663,73.9,Hired
CAND_7DC3AB,43,19,Data Scientist,PhD,HireVue,43.16,0.411,8,100.0,61.98,Confident,6.27,4.19,53,0.45,69.4,Second Round
CAND_F871C2,25,2,Business Analyst,Associate,Zoom,64.93,0.653,8,100.0,87.66,Confident,3.81,,34,0.422,77.09,Second Round
CAND_7A33C4,20,0,HR Manager,Master's,Teams,52.14,0.584,10,95.77,,Confident,15.9,4.36,41,0.343,69.15,Second Round
CAND_AB001A,41,19,Product Manager,PhD,HireVue,54.29,0.882,10,85.96,72.87,Neutral,13.5,3.95,46,0.458,65.2,Rejected
CAND_C1ABA2,41,15,Data Scientist,Associate,Teams,81.89,0.856,8,81.47,68.12,Neutral,34.63,4.72,63,0.512,82.69,Second Round
CAND_6F6AA3,24,0,Business Analyst,Associate,Teams,76.07,0.658,7,72.91,61.0,Neutral,29.34,6.2,46,0.202,75.99,Hired
CAND_AD7C76,21,0,Software Engineer,Associate,HireVue,,0.427,17,100.0,100.0,Confident,16.88,5.39,35,0.407,60.99,On Hold
CAND_89351F,24,0,Marketing Analyst,Master's,Zoom,,0.254,6,90.73,66.84,Confident,32.16,5.38,49,0.501,90.92,Hired
CAND_583B0D,23,0,HR Manager,PhD,HireVue,,0.625,8,100.0,82.89,Confident,28.96,5.13,28,0.493,76.76,Rejected
CAND_F82FAF,38,16,Data Scientist,PhD,Teams,57.53,0.788,7,100.0,,Confident,15.52,3.76,41,0.355,70.12,Second Round
CAND_B77B88,42,22,HR Manager,Bachelor's,Zoom,74.16,0.404,5,86.84,100.0,Confident,10.2,3.78,56,0.0,86.38,Hired
CAND_9018E9,39,15,Data Scientist,Bachelor's,Zoom,74.81,0.592,2,82.59,70.75,Confident,18.06,4.14,43,0.484,87.21,Hired
CAND_27E509,25,2,HR Manager,Bachelor's,Zoom,66.99,0.59,14,61.49,54.31,Confident,75.63,7.8,36,0.681,62.51,Rejected
CAND_02F424,31,9,Product Manager,Associate,Zoom,71.3,0.619,9,100.0,64.92,Confident,19.07,4.36,35,0.61,77.56,Rejected
CAND_3BC83F,33,6,Software Engineer,PhD,HireVue,70.56,0.725,5,81.96,52.81,Confident,25.38,4.62,63,0.44,77.89,Hired
CAND_82A184,36,11,UX Designer,Bachelor's,HireVue,42.74,0.651,7,90.66,98.79,Confident,,4.64,37,0.42,61.2,Rejected
CAND_037988,29,9,Business Analyst,Bachelor's,Google Meet,62.29,0.635,13,77.41,62.03,Neutral,24.59,4.3,35,0.244,83.72,Second Round
CAND_69E4BE,43,18,Software Engineer,PhD,Zoom,80.27,0.525,5,99.41,45.89,Confident,13.42,3.72,57,0.554,81.63,Rejected
CAND_9820ED,37,16,Business Analyst,Associate,Teams,74.49,0.449,5,100.0,98.14,Confident,10.88,5.28,35,0.236,80.9,Second Round
CAND_2B3759,34,10,Software Engineer,Bachelor's,HireVue,71.4,0.379,12,80.4,59.96,Neutral,48.25,5.32,39,0.747,71.2,Hired
CAND_D9DAD4,34,12,Product Manager,Bachelor's,Zoom,54.62,0.408,10,82.94,86.03,Confident,30.15,5.25,42,0.463,57.27,Rejected
CAND_8EAB33,31,12,Sales Executive,Master's,Teams,47.76,,6,100.0,100.0,Confident,4.76,3.57,58,0.427,66.68,Second Round
CAND_690027,41,16,HR Manager,PhD,Zoom,61.68,0.635,9,100.0,78.4,Confident,6.82,4.46,49,0.39,69.78,Second Round
CAND_282411,32,8,Software Engineer,Master's,Zoom,59.25,,9,76.83,67.78,Neutral,41.45,5.3,40,0.216,71.81,Hired
CAND_7DFC6E,30,7,Sales Executive,PhD,Zoom,46.24,0.398,7,100.0,91.7,Confident,25.87,4.86,33,0.473,65.47,Rejected
CAND_EB6BC3,21,3,Marketing Analyst,Master's,HireVue,40.92,0.852,12,100.0,69.18,Confident,10.77,,30,0.819,65.23,Second Round
CAND_85BEF8,34,7,Marketing Analyst,Associate,HireVue,68.14,0.839,1,76.29,45.83,Slouched,28.01,4.47,56,0.616,74.87,Hired
CAND_185E0E,22,0,HR Manager,Associate,HireVue,53.55,,8,100.0,90.38,Confident,10.77,4.64,47,0.262,65.15,Hired
CAND_69DC9B,30,9,Business Analyst,Associate,Zoom,,0.548,11,100.0,61.62,Confident,20.96,4.49,44,0.376,71.67,Hired
CAND_3DA031,41,24,HR Manager,Bachelor's,Google Meet,,0.643,15,45.48,24.02,Slouched,70.57,9.35,68,0.468,45.74,Rejected
CAND_B2F6B8,30,6,HR Manager,Master's,Google Meet,70.11,0.477,9,100.0,83.71,Confident,,4.49,58,0.308,83.03,Second Round
CAND_7E45FA,26,5,Software Engineer,Associate,Teams,58.05,0.95,5,72.4,74.33,Neutral,44.61,5.87,59,0.513,65.52,Hired
CAND_50115C,30,3,Software Engineer,Master's,Google Meet,52.86,0.559,10,93.46,73.74,Confident,10.16,4.66,59,0.672,57.56,Rejected
CAND_EEF6DA,42,23,HR Manager,PhD,Teams,56.56,0.334,6,73.73,86.96,Neutral,26.76,6.06,20,0.457,70.1,Second Round
CAND_FA913D,33,8,Sales Executive,Associate,Teams,67.16,,7,93.97,70.6,Confident,6.17,4.71,48,0.455,77.21,Second Round
CAND_58E991,35,14,Sales Executive,Associate,Zoom,137.43,0.563,3,100.0,95.45,Confident,11.03,,48,0.335,80.94,Second Round
CAND_0CA750,33,8,HR Manager,Bachelor's,Google Meet,93.81,0.493,6,100.0,81.73,Confident,21.8,4.36,56,0.668,85.26,Hired
CAND_3CF97A,43,15,Product Manager,Bachelor's,Zoom,66.5,0.862,5,100.0,92.34,Confident,7.2,4.07,63,0.903,74.72,Second Round
CAND_64C163,26,3,Product Manager,PhD,Google Meet,,0.693,10,80.91,66.79,Neutral,27.54,4.69,52,0.354,58.6,Rejected
CAND_554A8C,37,11,Software Engineer,PhD,Google Meet,51.83,0.645,6,68.26,57.43,Neutral,44.78,5.69,42,0.583,54.63,On Hold
CAND_B4D26E,22,4,Software Engineer,Master's,HireVue,58.52,0.631,10,100.0,91.84,Confident,14.52,4.64,40,0.242,63.56,On Hold
CAND_53EEEE,38,13,Sales Executive,Master's,Google Meet,50.94,0.727,6,72.51,60.6,Slouched,36.52,5.54,48,0.631,53.92,Rejected
CAND_910715,26,8,UX Designer,Bachelor's,Teams,76.71,0.755,5,100.0,92.14,Neutral,8.24,3.53,58,0.467,83.0,Second Round
CAND_EA627E,32,11,UX Designer,Master's,Zoom,49.73,0.441,9,100.0,,Confident,8.05,3.59,45,0.267,76.0,Second Round
CAND_D155FE,27,2,Business Analyst,Master's,Google Meet,24.71,0.567,11,60.64,52.51,Confident,45.45,5.46,33,0.134,40.96,Rejected
CAND_11C7A2,23,3,Software Engineer,Associate,Google Meet,57.42,0.512,11,100.0,65.3,Confident,10.06,3.9,58,0.69,60.91,Rejected
CAND_B7C922,29,5,HR Manager,PhD,Google Meet,34.3,0.335,7,100.0,,Neutral,4.83,5.11,45,0.494,53.06,Rejected
CAND_CE2E98,21,2,Product Manager,Associate,Teams,69.0,0.764,7,100.0,81.58,Neutral,21.21,4.57,66,0.609,75.27,Second Round
CAND_BFAF85,27,0,HR Manager,Master's,Teams,42.92,0.522,12,86.58,63.07,Neutral,,5.51,49,0.35,57.41,Rejected
CAND_DBD271,27,5,Business Analyst,Associate,Zoom,58.48,0.707,13,100.0,64.18,Confident,,3.98,34,0.171,53.42,Rejected
CAND_2E83EE,22,3,UX Designer,PhD,Zoom,156.85,0.824,0,90.78,97.06,Confident,11.43,5.2,37,0.307,91.66,Second Round
CAND_E1CE53,34,9,Sales Executive,Associate,Zoom,67.45,0.557,11,100.0,76.3,Confident,,3.6,43,1.0,75.6,Rejected
CAND_4D5F2B,21,4,Business Analyst,Bachelor's,Google Meet,65.74,0.494,6,100.0,82.23,Confident,12.92,4.05,48,0.58,70.64,Hired
CAND_0167DD,35,6,Product Manager,Bachelor's,Google Meet,78.69,0.495,6,100.0,,Confident,5.31,,55,0.471,96.71,Hired
CAND_CD59A7,29,2,Software Engineer,Bachelor's,Teams,62.47,0.577,4,79.12,72.48,Neutral,39.39,5.8,34,0.593,63.41,Rejected
CAND_35845F,20,0,Sales Executive,PhD,Google Meet,65.01,0.641,13,92.88,82.0,Confident,24.94,4.31,47,0.694,73.81,Hired
CAND_4791DF,32,7,HR Manager,Master's,HireVue,39.46,0.489,10,68.38,78.5,Neutral,43.88,6.41,21,0.525,46.29,Rejected
CAND_CD1BE7,42,23,Sales Executive,Associate,Google Meet,72.56,0.634,9,82.53,74.3,Neutral,16.37,4.46,38,0.423,74.91,Hired
CAND_CB7B01,20,0,Marketing Analyst,PhD,Google Meet,45.35,0.715,11,100.0,66.58,Confident,3.87,3.86,59,0.702,59.27,Rejected
CAND_EA48ED,30,8,Marketing Analyst,Master's,Google Meet,77.62,0.741,10,96.09,73.32,Confident,10.7,3.79,33,0.654,94.39,Hired
CAND_E36B12,37,18,UX Designer,Bachelor's,Teams,60.16,0.605,11,100.0,68.95,Confident,20.86,4.51,52,0.996,63.06,Rejected
CAND_FD699A,24,8,Data Scientist,PhD,Google Meet,47.07,0.552,10,78.74,50.43,Confident,41.0,5.93,45,0.475,46.17,Rejected
CAND_AA28BA,26,6,Data Scientist,Bachelor's,Teams,,0.684,8,76.11,85.88,Neutral,24.13,4.75,58,0.412,67.03,Hired
CAND_0E46AF,37,16,Data Scientist,PhD,Zoom,55.08,0.83,4,87.84,68.58,Confident,29.28,5.08,35,0.469,57.36,Rejected
CAND_3F357F,23,0,HR Manager,Bachelor's,HireVue,66.23,0.681,5,92.48,81.8,Confident,21.78,5.0,59,0.397,58.44,Rejected
CAND_AB79D3,40,17,Sales Executive,Bachelor's,Zoom,47.15,,5,86.29,93.31,Confident,20.36,4.28,49,0.05,66.17,Second Round
CAND_7651DB,37,17,Product Manager,PhD,HireVue,60.65,0.724,16,100.0,85.9,Confident,3.01,3.61,42,0.698,66.83,Rejected
CAND_DFA87D,32,6,Product Manager,PhD,HireVue,55.92,0.867,7,100.0,100.0,Confident,5.21,5.33,50,0.868,76.12,Rejected
CAND_B989FA,24,4,UX Designer,PhD,Zoom,52.2,0.317,9,90.54,64.77,Confident,16.39,4.86,35,0.944,70.99,Rejected
CAND_A43C39,20,0,Data Scientist,PhD,Zoom,99.1,0.476,7,89.97,70.19,Neutral,16.72,4.49,41,0.422,93.64,Hired
CAND_9CFA1A,36,15,Data Scientist,Bachelor's,Zoom,42.8,0.594,9,58.03,34.28,Neutral,30.59,4.62,40,0.266,48.45,On Hold
CAND_24CB79,40,21,Business Analyst,Bachelor's,Teams,68.09,0.41,6,100.0,95.81,Confident,8.77,4.79,42,0.265,85.86,Hired
CAND_50C67B,24,0,Data Scientist,Associate,Zoom,83.19,0.826,6,100.0,71.45,Confident,15.56,4.56,38,0.144,79.91,Rejected
CAND_F43C3C,20,2,Software Engineer,PhD,HireVue,67.78,0.733,9,88.17,83.51,Neutral,24.59,4.53,47,0.532,75.11,Second Round
CAND_B0151E,25,0,HR Manager,Associate,Zoom,14.12,0.545,16,78.99,87.57,Neutral,34.76,6.83,57,0.826,42.38,Rejected
CAND_1D4F63,41,19,Sales Executive,Master's,Zoom,56.4,0.577,12,100.0,77.89,Confident,5.49,3.46,49,0.401,65.24,Rejected
CAND_32FA9B,38,18,HR Manager,PhD,Google Meet,99.04,0.643,8,93.65,88.97,Confident,28.33,5.2,37,0.647,82.04,Second Round
CAND_692F7C,20,1,Sales Executive,PhD,HireVue,63.23,0.603,5,100.0,78.82,Confident,6.56,4.88,57,0.69,73.96,Hired
CAND_ADCBF5,36,19,Sales Executive,PhD,Zoom,57.44,0.58,3,69.0,78.58,Neutral,30.71,4.91,38,0.918,56.33,Rejected
CAND_F3DB91,29,9,Sales Executive,PhD,Google Meet,53.92,0.781,7,87.27,64.14,Confident,18.22,4.86,59,0.45,59.88,Rejected
CAND_45D627,28,9,Sales Executive,Bachelor's,Teams,,0.584,7,93.41,,Confident,24.72,,41,0.963,57.75,Rejected
CAND_01CA47,32,7,UX Designer,Associate,Google Meet,,0.688,8,70.78,74.82,Neutral,41.03,6.2,34,0.749,71.96,Hired
CAND_F5CCF5,29,6,HR Manager,PhD,Zoom,37.87,,9,84.59,65.95,Confident,9.95,4.41,37,0.714,46.25,Rejected
CAND_F179A7,32,12,HR Manager,Associate,Google Meet,167.63,0.352,0,100.0,100.0,Confident,10.46,4.62,30,0.608,100.0,Hired
CAND_DF6736,20,0,Software Engineer,PhD,HireVue,57.27,0.583,12,100.0,,Confident,20.15,4.79,54,0.492,66.73,Hired
CAND_91994D,33,12,UX Designer,Bachelor's,Zoom,69.34,0.576,8,100.0,92.06,Confident,14.68,4.68,61,0.523,81.23,Second Round
CAND_FF06BE,24,3,HR Manager,PhD,Google Meet,60.57,0.416,12,100.0,97.25,Confident,29.38,5.02,46,0.77,61.72,Rejected
CAND_F193C5,20,2,Business Analyst,Master's,HireVue,,0.368,10,100.0,74.62,Confident,28.57,4.62,29,1.0,86.96,Second Round
CAND_CD28C8,34,11,Software Engineer,Bachelor's,Google Meet,43.17,0.602,8,74.98,64.01,Neutral,26.03,4.63,49,0.879,50.0,Rejected
CAND_4D2B2E,28,7,HR Manager,Associate,Google Meet,53.72,0.896,11,100.0,87.48,Confident,1.7,3.12,52,0.745,68.87,Rejected
CAND_CD9650,38,16,Marketing Analyst,PhD,Zoom,51.2,0.799,6,96.05,93.45,Confident,27.16,,56,0.578,70.59,Second Round
CAND_8E9EDD,30,7,UX Designer,Associate,Zoom,69.65,0.531,5,100.0,94.15,Confident,12.39,4.51,45,0.661,86.91,Hired
CAND_EEC7ED,29,9,Sales Executive,Bachelor's,Zoom,125.51,0.582,1,100.0,87.67,Confident,8.69,5.02,40,0.666,95.81,Hired
CAND_D6A4AB,34,9,UX Designer,Associate,Google Meet,64.66,0.505,7,72.5,57.86,Neutral,51.56,6.18,48,0.446,63.56,Rejected
CAND_39D4AC,41,19,UX Designer,Master's,Zoom,,0.738,11,91.95,73.4,Confident,22.91,4.41,43,0.657,72.73,Second Round
CAND_2265FE,39,19,Data Scientist,Associate,Zoom,40.41,0.59,11,100.0,81.13,Confident,15.67,4.84,46,0.63,48.56,Rejected
CAND_58A5FB,23,5,Software Engineer,Bachelor's,Google Meet,77.11,0.393,9,99.78,,Confident,27.73,5.27,55,0.321,80.79,Second Round
CAND_45016D,25,0,Data Scientist,PhD,Google Meet,66.37,0.325,6,100.0,100.0,Confident,20.49,,47,0.777,83.23,Hired
CAND_EE3CE2,36,15,Business Analyst,PhD,HireVue,51.23,0.352,7,89.83,88.66,Confident,14.35,3.99,57,0.649,48.93,Rejected
CAND_9D1EAF,22,2,UX Designer,Master's,Google Meet,70.11,0.657,8,78.94,,Confident,33.4,5.53,36,0.601,68.56,Hired
CAND_98140F,26,9,HR Manager,PhD,Google Meet,65.54,0.74,17,100.0,53.63,Confident,6.48,3.46,49,0.64,82.3,Rejected
CAND_CDE0BC,27,11,Data Scientist,Associate,Zoom,78.64,0.679,9,100.0,100.0,Confident,16.67,4.32,41,0.158,81.13,Hired
CAND_C0BDF8,57,35,UX Designer,PhD,Teams,58.57,0.61,6,92.22,48.81,Confident,15.09,3.91,44,0.182,72.17,Rejected
CAND_46B5A4,40,19,Software Engineer,PhD,Teams,49.56,0.627,8,62.63,66.8,Neutral,30.47,5.56,63,0.678,42.95,Rejected
CAND_0A5C47,45,24,Business Analyst,Master's,HireVue,39.14,0.611,12,91.77,67.5,Confident,13.8,3.72,42,0.45,54.66,Rejected
CAND_D3838F,30,9,Sales Executive,Associate,Teams,76.21,0.429,5,100.0,80.77,Confident,9.39,3.41,37,0.477,77.1,Rejected
CAND_82FB8B,24,1,UX Designer,PhD,HireVue,63.68,0.564,10,88.89,52.74,Neutral,25.7,4.7,43,0.749,72.98,Second Round
CAND_3BD949,25,8,Marketing Analyst,Associate,Teams,73.9,0.384,8,100.0,89.01,Confident,23.22,3.91,38,0.463,81.19,Hired
CAND_34680B,42,17,Business Analyst,Associate,Google Meet,50.13,0.715,17,73.99,48.23,Confident,34.55,4.7,47,0.71,60.69,Rejected
CAND_E79D48,20,0,Product Manager,Associate,HireVue,58.14,0.458,11,97.15,100.0,Confident,11.86,4.81,34,0.589,72.92,Hired
CAND_9EB439,35,13,Marketing Analyst,Bachelor's,Teams,55.03,0.501,10,78.74,66.95,Confident,34.74,6.15,35,0.131,52.8,Rejected
CAND_4E5B28,20,0,Data Scientist,Associate,HireVue,58.78,0.413,14,74.66,,Neutral,16.88,4.31,40,0.571,59.96,Rejected
CAND_F17C8E,34,11,Software Engineer,PhD,Google Meet,46.17,0.766,14,98.45,74.09,Confident,11.63,5.01,54,0.603,64.18,On Hold
CAND_A36734,20,0,Sales Executive,Master's,Google Meet,54.78,0.388,7,100.0,90.34,Confident,7.72,3.23,62,0.732,70.95,Hired
CAND_D510FF,30,9,Data Scientist,Bachelor's,HireVue,71.16,0.392,12,100.0,99.26,Confident,15.08,3.9,56,0.648,79.71,Hired
CAND_701401,25,3,HR Manager,Master's,Google Meet,47.71,0.892,15,82.41,70.48,Neutral,,3.84,33,0.809,66.16,Hired
CAND_5AAF3B,32,10,HR Manager,Master's,HireVue,38.07,0.736,17,65.59,51.51,Confident,38.93,,61,0.651,45.69,Rejected
CAND_1C4838,31,8,Business Analyst,PhD,HireVue,26.91,0.819,7,100.0,100.0,Confident,4.93,3.78,58,0.395,77.02,Rejected
CAND_7D91F9,29,3,UX Designer,PhD,Teams,26.88,0.418,14,100.0,81.56,Confident,23.51,4.12,39,0.491,62.03,Rejected
CAND_0BB427,26,0,Data Scientist,Associate,HireVue,30.09,0.523,9,100.0,91.68,Confident,9.88,3.94,56,0.006,47.92,Rejected
CAND_4F198C,20,0,Product Manager,PhD,Google Meet,47.57,0.492,9,62.71,64.05,Neutral,51.78,5.55,35,0.453,48.71,Rejected
CAND_2CFF04,42,22,Software Engineer,PhD,Zoom,53.87,0.432,8,72.8,73.55,Neutral,22.92,5.4,61,0.45,59.6,Rejected
CAND_CCB89E,22,0,HR Manager,Bachelor's,Zoom,66.41,0.467,5,92.05,63.41,Confident,21.45,4.16,32,0.454,77.07,Hired
CAND_D4A12A,26,2,Data Scientist,Bachelor's,Zoom,69.78,0.529,9,100.0,64.45,Confident,15.18,3.85,43,0.583,95.37,Second Round
CAND_66578F,31,9,HR Manager,Bachelor's,HireVue,43.02,0.372,16,100.0,100.0,Confident,9.2,3.35,57,0.353,59.24,Rejected
CAND_DB9911,21,3,Marketing Analyst,Bachelor's,Teams,50.38,0.581,12,100.0,71.59,Neutral,23.98,4.23,30,0.601,58.89,Rejected
CAND_0CD995,35,10,Software Engineer,Bachelor's,Teams,82.15,0.464,2,90.28,100.0,Neutral,25.22,5.44,52,0.613,79.88,Hired
CAND_FAF304,28,10,Marketing Analyst,Associate,Zoom,49.3,0.736,9,100.0,70.54,Confident,19.53,4.31,46,0.211,63.45,Rejected
CAND_121FC3,23,1,HR Manager,Associate,Teams,76.41,0.569,8,87.48,56.06,Slouched,30.8,5.31,50,0.826,70.72,Rejected
CAND_531C03,31,7,Data Scientist,Bachelor's,Google Meet,82.51,0.466,4,88.55,89.61,Neutral,19.37,4.29,49,0.518,80.55,Hired
CAND_524CCE,23,3,Data Scientist,Associate,HireVue,,0.49,7,100.0,68.25,Confident,19.5,4.58,67,0.674,73.65,Rejected
CAND_4FD3F3,38,16,HR Manager,PhD,Google Meet,62.01,0.463,6,100.0,100.0,Confident,11.4,3.73,52,0.767,79.28,Hired
CAND_4450C0,32,8,Product Manager,Master's,Zoom,59.73,0.437,10,100.0,100.0,Confident,8.6,3.8,54,0.318,63.39,On Hold
CAND_B83F37,44,19,Product Manager,Master's,Zoom,57.42,0.469,9,85.88,65.1,Neutral,37.78,5.3,56,0.412,58.03,Rejected
CAND_3DA0A5,39,16,HR Manager,PhD,Zoom,68.59,0.314,4,100.0,75.36,Confident,18.6,4.59,39,0.695,69.24,Hired
CAND_031F7E,26,0,UX Designer,Bachelor's,Teams,74.29,0.483,9,80.43,50.18,Neutral,48.59,5.74,52,0.513,74.84,Hired
CAND_0EF9AE,20,0,Data Scientist,Associate,Teams,72.39,0.909,4,96.08,96.37,Confident,,4.44,45,0.101,87.36,Hired
CAND_BC5B7A,20,0,Data Scientist,Associate,HireVue,46.34,0.564,12,77.05,83.69,Confident,19.29,4.25,42,0.564,52.8,Rejected
CAND_D289A5,35,15,UX Designer,Master's,Teams,63.87,0.496,8,86.39,97.57,Confident,12.34,4.99,40,0.681,78.79,Hired
CAND_B8202C,38,13,Data Scientist,Master's,Teams,82.96,0.304,5,76.62,46.94,Neutral,41.17,5.29,34,0.616,71.07,Rejected
CAND_B787E2,32,13,Product Manager,Associate,HireVue,47.66,0.95,9,80.58,97.14,Neutral,33.38,4.83,43,0.244,60.1,Rejected
CAND_C38BCB,36,18,UX Designer,Associate,Google Meet,38.31,0.542,10,100.0,100.0,Confident,27.72,5.33,36,0.492,53.61,Rejected
CAND_1C8451,31,9,Business Analyst,Master's,Teams,66.22,0.818,10,56.55,60.23,Neutral,35.34,4.7,42,0.44,53.99,Rejected
CAND_34E747,20,0,HR Manager,PhD,Google Meet,60.57,0.681,17,100.0,81.85,Confident,16.33,4.48,42,0.537,86.27,Hired
CAND_0DEB2D,22,2,Marketing Analyst,Master's,HireVue,45.14,0.376,13,100.0,86.51,Confident,10.75,3.58,42,0.502,67.61,Rejected
CAND_AB24E1,20,0,HR Manager,Bachelor's,Zoom,85.42,0.451,6,100.0,97.28,Confident,14.88,4.05,34,0.431,77.85,Rejected
CAND_8FD45F,33,4,UX Designer,Bachelor's,HireVue,72.2,0.646,6,87.81,100.0,Confident,25.65,,40,0.229,77.56,Hired
CAND_C5E434,35,11,Software Engineer,PhD,HireVue,72.05,0.662,12,100.0,69.11,Confident,15.08,4.84,44,0.297,67.96,Rejected
CAND_4388E7,32,13,Business Analyst,PhD,Zoom,62.33,0.79,14,100.0,100.0,Confident,17.5,3.78,63,0.325,76.18,Second Round
CAND_FF38E5,36,10,Product Manager,Associate,HireVue,40.61,0.466,11,81.64,74.67,Confident,30.63,5.67,47,0.596,50.11,Rejected
CAND_0AAFD9,20,0,Product Manager,PhD,Zoom,,0.673,14,80.71,80.99,Confident,26.74,4.62,57,0.178,74.14,Hired
CAND_37DD08,20,0,Marketing Analyst,Associate,Teams,82.13,0.385,5,100.0,,Confident,10.55,4.44,46,0.681,91.39,Second Round
CAND_72D611,38,16,HR Manager,Master's,HireVue,58.78,0.754,9,100.0,91.17,Confident,7.76,3.71,26,0.759,77.82,Hired
CAND_953289,24,6,Product Manager,Master's,Google Meet,51.13,0.665,5,97.54,98.8,Neutral,20.46,4.13,55,0.448,62.07,On Hold
CAND_B1967A,29,7,Software Engineer,Master's,Google Meet,55.2,0.392,10,84.39,59.49,Slouched,22.27,6.82,35,0.768,55.78,On Hold
CAND_4C9E47,29,10,Sales Executive,Associate,Teams,58.05,0.598,12,100.0,96.1,Confident,3.4,5.35,73,0.797,76.65,Rejected
CAND_D6ECE6,33,13,UX Designer,PhD,HireVue,71.28,0.615,8,100.0,80.26,Neutral,28.21,5.48,38,0.777,79.46,Rejected
CAND_A1353A,28,9,Business Analyst,Bachelor's,Teams,75.13,0.597,10,80.93,,Confident,29.6,5.36,32,0.336,77.82,Second Round
CAND_83358A,20,0,Data Scientist,Bachelor's,Zoom,52.02,0.528,11,100.0,58.15,Confident,13.12,4.42,66,0.225,64.02,Rejected
CAND_D2B65D,41,17,HR Manager,Associate,Zoom,36.75,0.761,9,100.0,,Confident,19.75,5.08,32,0.605,55.3,Rejected
CAND_B5F60D,35,8,Product Manager,PhD,HireVue,33.79,0.772,11,83.24,82.23,Confident,10.54,3.42,38,0.497,45.93,Rejected
CAND_F5D54C,29,6,HR Manager,Bachelor's,Zoom,52.9,0.553,12,76.31,87.59,Neutral,41.95,5.19,30,0.748,60.81,Rejected
CAND_AA6B26,26,0,Marketing Analyst,Master's,Teams,71.23,0.396,5,100.0,92.05,Confident,6.47,3.85,39,0.423,74.21,Rejected
CAND_1D934C,27,7,Software Engineer,PhD,HireVue,,0.421,11,94.61,93.55,Confident,16.92,4.41,41,0.425,88.55,Hired
CAND_5881ED,34,8,Product Manager,Master's,Google Meet,41.62,0.452,9,98.81,93.24,Neutral,11.08,3.73,21,0.265,53.68,On Hold
CAND_51B4B2,34,4,Product Manager,Associate,Teams,66.59,0.496,14,77.56,63.62,Confident,47.86,5.29,61,0.576,69.66,Rejected
CAND_EF3569,25,3,Product Manager,Bachelor's,Zoom,89.06,0.629,8,100.0,60.16,Confident,13.52,4.3,41,0.571,86.58,Hired
CAND_A5C84A,20,1,UX Designer,Bachelor's,Teams,62.2,0.454,9,90.01,,Confident,26.28,5.67,22,0.555,69.77,Rejected
CAND_E3AACD,20,0,HR Manager,PhD,Google Meet,67.94,0.503,8,100.0,96.28,Confident,14.7,4.05,50,0.094,76.28,Hired
CAND_8A106F,20,0,Software Engineer,Associate,Teams,44.85,0.747,7,75.95,,Neutral,41.02,5.53,61,0.642,48.17,Rejected
CAND_523F35,39,16,Marketing Analyst,Master's,HireVue,30.52,0.506,11,100.0,99.17,Confident,7.64,4.0,48,0.568,68.33,Hired
CAND_012218,23,0,HR Manager,Master's,HireVue,48.69,0.347,14,78.88,62.08,Confident,48.45,5.78,49,0.12,52.43,Rejected
CAND_C96BBF,27,6,UX Designer,Associate,Google Meet,73.88,0.57,9,100.0,100.0,Neutral,15.62,4.03,39,0.273,83.81,Second Round
CAND_F0EDEA,45,24,Business Analyst,PhD,Google Meet,56.67,0.438,8,79.54,79.8,Neutral,22.29,4.56,55,0.631,65.36,Rejected
CAND_794BBE,29,3,Software Engineer,PhD,Zoom,65.33,0.31,7,74.55,56.27,Neutral,41.12,6.09,23,1.0,62.75,Rejected
CAND_5C95E3,30,9,Marketing Analyst,PhD,Teams,63.6,0.705,9,90.52,73.89,Slouched,31.64,4.82,36,0.89,77.75,Hired
CAND_D6AFF3,24,4,UX Designer,Bachelor's,Zoom,82.05,0.735,6,100.0,100.0,Confident,5.44,4.92,39,0.509,94.0,Hired
CAND_2E101D,40,18,Sales Executive,Master's,Teams,55.63,0.605,10,77.3,72.84,Confident,34.36,4.74,56,0.802,61.46,On Hold
CAND_093123,23,4,UX Designer,Bachelor's,Teams,91.58,0.667,10,97.07,64.19,Confident,9.43,3.32,45,0.74,87.63,Second Round
CAND_5F4791,22,0,Marketing Analyst,Master's,HireVue,47.49,0.502,10,79.22,85.85,Confident,38.44,5.56,53,0.527,63.33,Rejected
CAND_839FE6,35,11,Data Scientist,Associate,Teams,53.65,0.539,11,100.0,100.0,Confident,15.85,4.57,39,0.712,67.21,Hired
CAND_36F81E,32,10,Data Scientist,Associate,HireVue,51.83,0.748,8,97.7,84.82,Confident,12.91,4.01,28,0.402,64.49,Rejected
CAND_5C6C1E,29,11,HR Manager,Associate,HireVue,32.02,0.878,20,79.87,86.22,Confident,25.28,4.34,48,0.494,42.49,Rejected
CAND_22F098,24,0,Software Engineer,Master's,Teams,69.63,,5,100.0,100.0,Confident,,,48,0.535,83.05,Second Round
CAND_71422F,28,4,Marketing Analyst,PhD,Zoom,37.16,0.639,9,82.69,71.39,Neutral,22.37,4.52,47,0.398,45.07,Rejected
CAND_70095B,36,12,Data Scientist,Associate,HireVue,64.06,0.506,9,100.0,72.78,Confident,13.31,5.06,39,0.162,68.78,Second Round
CAND_A73EE2,34,14,Software Engineer,PhD,Google Meet,46.69,0.474,12,90.15,73.77,Confident,3.98,4.11,52,0.229,57.51,Rejected
CAND_95176D,39,13,Software Engineer,Bachelor's,Google Meet,45.02,0.927,18,94.37,77.25,Confident,10.14,4.66,42,0.479,63.57,Rejected
CAND_5BB8DD,25,7,Sales Executive,Associate,Google Meet,70.95,0.676,7,100.0,82.19,Confident,7.5,4.01,38,0.242,68.06,Hired
CAND_B9B485,36,19,Product Manager,Bachelor's,Teams,77.48,0.539,6,72.09,44.25,Confident,23.91,5.42,46,0.858,81.07,Second Round
CAND_A513DD,20,3,Business Analyst,Bachelor's,Google Meet,53.57,0.883,8,100.0,95.18,Confident,16.13,4.89,47,0.396,66.53,Hired
CAND_9010F8,36,11,HR Manager,Associate,Zoom,67.46,0.647,6,100.0,87.89,Confident,17.5,4.28,52,0.11,68.27,Rejected
CAND_E92204,20,0,Data Scientist,PhD,Teams,64.28,0.68,9,100.0,69.25,Confident,10.13,5.07,32,0.631,74.37,Hired
CAND_A90A46,53,30,Product Manager,Master's,Teams,63.29,0.849,5,100.0,100.0,Confident,14.16,3.97,29,0.317,72.02,Second Round
CAND_C7F7E9,20,0,Software Engineer,PhD,Teams,45.67,0.593,7,87.24,96.35,Confident,19.81,5.13,28,0.339,58.9,Rejected
CAND_432235,44,23,Sales Executive,PhD,Teams,50.54,0.403,10,81.81,73.41,Confident,30.08,4.64,61,0.381,65.14,Rejected
CAND_EFE43D,27,9,Software Engineer,PhD,HireVue,79.75,0.748,6,100.0,90.12,Confident,7.06,3.2,52,0.422,89.63,Hired
CAND_B94D2E,25,5,Business Analyst,Master's,Google Meet,47.78,0.52,11,77.99,85.74,Confident,18.68,4.38,38,0.807,53.51,Rejected
CAND_846FF4,25,3,Data Scientist,PhD,Teams,53.57,0.531,12,95.98,,Confident,25.54,6.05,60,0.739,58.3,Rejected
CAND_981F3A,25,0,HR Manager,Master's,HireVue,72.92,0.691,9,75.06,50.2,Neutral,18.49,4.19,34,0.499,70.52,Second Round
CAND_91274C,31,15,Product Manager,Associate,Zoom,37.47,0.467,19,100.0,99.47,Confident,19.63,4.14,37,0.617,54.76,Rejected
CAND_7E556F,27,5,Marketing Analyst,Bachelor's,Teams,42.4,0.765,11,79.44,54.89,Neutral,38.27,4.98,50,0.668,58.04,Rejected
CAND_2BC613,32,11,Software Engineer,Associate,Zoom,20.86,0.666,12,83.11,71.16,Confident,24.97,4.29,38,0.226,59.84,Rejected
CAND_C4A2EF,23,0,Data Scientist,PhD,Teams,,0.544,14,93.51,100.0,Confident,7.74,3.81,48,0.355,82.5,Second Round
CAND_441726,30,6,UX Designer,PhD,Google Meet,44.08,0.609,11,84.08,49.18,Neutral,36.06,5.55,56,0.432,53.69,Rejected
CAND_13081F,32,11,Business Analyst,Master's,Zoom,79.75,0.41,9,97.41,100.0,Confident,8.05,3.63,39,0.28,97.73,Hired
CAND_E75282,33,4,HR Manager,Associate,Google Meet,86.33,0.555,4,97.44,73.4,Confident,14.45,4.45,44,0.259,85.86,Hired
CAND_9D650D,26,1,Data Scientist,Bachelor's,Teams,52.06,0.624,11,100.0,100.0,Confident,6.4,3.5,34,0.607,68.61,Rejected
CAND_894C57,24,2,UX Designer,Bachelor's,Google Meet,65.45,0.514,5,100.0,57.51,Confident,6.84,4.61,53,0.644,65.77,Rejected
CAND_F9D9CD,22,2,Product Manager,Associate,Google Meet,83.53,0.828,5,100.0,94.36,Neutral,23.52,5.45,49,0.371,92.39,Hired
CAND_FE18AC,32,10,Data Scientist,Bachelor's,HireVue,86.99,0.513,4,100.0,91.85,Neutral,18.57,4.28,31,0.481,95.66,Hired
CAND_1DC3D9,21,0,Sales Executive,Bachelor's,Zoom,39.52,0.605,17,100.0,100.0,Confident,13.81,3.72,50,0.563,79.55,Second Round
CAND_A2E51F,31,9,Product Manager,Master's,Zoom,75.8,0.619,8,100.0,77.86,Confident,14.2,4.15,51,0.587,76.39,Rejected
CAND_679A1D,33,9,HR Manager,Bachelor's,Zoom,74.35,0.678,12,100.0,83.35,Neutral,16.46,4.82,49,0.423,90.33,Hired
CAND_DF1B76,20,0,Marketing Analyst,Associate,HireVue,56.98,0.688,12,71.42,60.93,Neutral,44.37,5.25,23,0.418,65.56,Hired
CAND_0DA1C0,33,11,UX Designer,Bachelor's,HireVue,61.33,0.836,5,84.49,74.68,Neutral,,4.66,32,0.466,64.92,On Hold
CAND_EF4FF6,29,11,Data Scientist,Master's,HireVue,65.88,0.55,9,100.0,100.0,Confident,23.08,5.55,44,0.548,63.3,Rejected
CAND_857264,35,14,Product Manager,Associate,Zoom,51.5,0.64,9,83.77,70.31,Confident,26.87,4.45,57,0.257,58.45,Rejected
CAND_E0391C,20,0,HR Manager,Bachelor's,Teams,61.11,0.631,7,100.0,91.95,Confident,13.88,4.98,48,0.469,73.8,Second Round
CAND_AFEE74,25,5,Sales Executive,PhD,Teams,90.81,0.553,5,100.0,100.0,Confident,17.34,4.17,50,0.42,80.99,Rejected
CAND_B8BA1B,34,10,HR Manager,Bachelor's,Google Meet,64.49,0.543,10,88.57,90.27,Confident,25.85,4.51,48,0.424,71.56,Rejected
CAND_A3860E,46,26,Sales Executive,Associate,Teams,51.24,0.466,9,100.0,55.69,Confident,10.95,3.69,38,0.416,59.04,Rejected
CAND_E5784B,23,0,Software Engineer,Bachelor's,HireVue,51.24,0.725,7,76.82,73.52,Confident,39.44,5.64,50,0.465,56.34,Rejected
CAND_05D76A,33,8,Marketing Analyst,PhD,Google Meet,60.68,0.596,6,64.74,68.29,Neutral,58.57,6.99,37,0.295,51.12,Rejected
CAND_59DFA3,33,14,Marketing Analyst,PhD,Google Meet,59.25,0.737,11,78.42,,Confident,30.65,5.08,38,0.774,66.22,Rejected
CAND_3CBFFC,31,9,Sales Executive,Associate,Teams,57.79,0.788,7,96.42,87.65,Confident,20.64,4.02,56,0.792,65.57,Hired
CAND_665A9A,28,8,Business Analyst,PhD,Teams,26.57,0.527,23,46.25,55.65,Slouched,52.43,6.19,41,0.093,29.83,Rejected
CAND_A6C79D,32,7,Business Analyst,Bachelor's,HireVue,55.5,0.616,9,71.39,81.63,Slouched,28.88,4.33,45,0.309,61.39,Rejected
CAND_4283E7,46,19,Marketing Analyst,Master's,Google Meet,42.95,0.95,12,100.0,100.0,Confident,8.58,3.69,21,0.496,60.09,Rejected
CAND_20F15F,44,19,UX Designer,PhD,Zoom,72.22,0.277,6,100.0,65.68,Confident,8.25,3.33,32,0.143,76.41,Rejected
CAND_F18D0B,34,11,HR Manager,PhD,Google Meet,74.22,0.406,7,84.07,85.03,Neutral,28.81,5.12,50,0.707,70.44,Rejected
CAND_02DD38,27,0,Sales Executive,PhD,HireVue,,0.518,11,88.11,91.61,Neutral,15.93,4.91,36,0.082,60.72,Rejected
CAND_48972A,42,20,Data Scientist,Associate,HireVue,23.81,0.495,17,100.0,83.73,Confident,13.12,3.68,50,0.695,41.14,Rejected
CAND_4ABB4E,22,0,UX Designer,PhD,Zoom,41.22,0.729,11,93.45,100.0,Neutral,19.61,5.27,51,0.76,51.87,Rejected
CAND_62FD40,46,28,UX Designer,Bachelor's,HireVue,62.04,0.634,8,100.0,89.42,Confident,,4.73,51,0.321,65.23,Rejected
CAND_ACA536,33,11,Sales Executive,Associate,HireVue,72.4,0.696,6,100.0,93.15,Confident,23.65,6.69,66,0.221,80.93,Hired
CAND_A80D35,20,0,UX Designer,PhD,Zoom,52.04,0.67,9,84.63,65.96,Neutral,20.01,4.45,43,0.381,61.44,Rejected
CAND_8F4247,30,7,UX Designer,Associate,Teams,59.69,,11,77.22,78.54,Confident,21.69,4.35,49,0.406,62.0,On Hold
CAND_E6F353,35,13,Business Analyst,PhD,Zoom,54.39,0.582,8,100.0,73.73,Neutral,17.04,5.61,48,0.69,70.18,Hired
CAND_41A2DE,30,8,Business Analyst,Master's,Google Meet,53.18,0.802,13,68.29,65.96,Neutral,21.81,5.5,25,0.673,56.2,Rejected
CAND_65E601,21,0,Product Manager,Master's,Zoom,57.58,0.499,11,100.0,76.03,Confident,23.92,4.95,26,0.793,69.09,Hired
CAND_8F624B,41,21,HR Manager,PhD,Teams,61.22,0.62,5,76.74,58.01,Neutral,,,42,0.171,64.2,Rejected
CAND_EF495F,47,22,Business Analyst,Bachelor's,Google Meet,37.81,0.753,9,80.52,46.37,Neutral,11.95,,46,0.636,51.47,Rejected
CAND_15A6D8,25,5,Marketing Analyst,Bachelor's,Teams,,0.616,5,100.0,100.0,Confident,19.79,6.32,60,0.616,78.92,Hired
CAND_E028BF,37,15,Marketing Analyst,Associate,HireVue,65.21,0.818,7,100.0,100.0,Neutral,5.73,4.14,37,0.468,88.7,Hired
CAND_FBF397,32,10,Business Analyst,Bachelor's,Teams,78.38,0.745,11,100.0,100.0,Neutral,20.8,4.4,42,0.521,87.41,Hired
CAND_9AF41D,30,11,Business Analyst,Associate,Zoom,88.86,0.644,5,100.0,80.37,Confident,7.81,3.84,42,0.482,88.12,Hired
CAND_EC2B6F,35,6,Software Engineer,Bachelor's,HireVue,86.52,,8,100.0,100.0,Confident,23.72,,58,0.623,82.22,Hired
CAND_1D2435,26,6,Data Scientist,Master's,HireVue,71.8,0.762,1,83.2,87.18,Confident,,5.1,44,0.282,75.65,Second Round
CAND_3DB3C2,27,5,Business Analyst,PhD,HireVue,33.13,0.6,12,92.08,68.47,Neutral,15.29,4.29,42,0.542,42.36,Rejected
CAND_5459BF,27,3,Product Manager,Bachelor's,Teams,67.01,,9,100.0,100.0,Confident,10.06,4.37,39,0.806,76.4,Hired
CAND_C92347,40,17,Product Manager,Associate,Zoom,45.42,0.528,11,93.29,78.51,Confident,8.44,4.53,38,0.187,55.07,Rejected
CAND_AFA62A,25,0,Software Engineer,Associate,HireVue,72.38,0.938,11,100.0,,Neutral,6.78,4.03,48,0.558,74.07,Second Round
CAND_6BD597,20,2,Product Manager,Master's,Teams,74.43,0.538,13,100.0,59.04,Confident,25.01,4.35,46,0.057,84.53,Hired
CAND_88260F,36,9,Software Engineer,PhD,HireVue,65.43,0.612,10,86.71,85.27,Neutral,14.73,5.05,57,0.242,75.59,Rejected
CAND_9B82F7,37,14,Business Analyst,Master's,Zoom,82.49,0.808,8,100.0,98.48,Neutral,15.59,4.21,49,0.555,87.57,Hired
CAND_B21E54,37,16,Business Analyst,PhD,Google Meet,80.72,0.739,10,64.86,67.43,Neutral,66.4,,42,0.532,68.7,Second Round
CAND_BFD6EB,20,0,Product Manager,Associate,Teams,52.87,0.246,4,100.0,71.77,Confident,,4.73,61,0.498,67.09,Hired
CAND_8A90E2,38,16,Software Engineer,Associate,HireVue,58.93,0.762,10,90.47,53.7,Confident,31.72,4.8,51,0.694,73.05,Second Round
CAND_3C0C22,30,7,Marketing Analyst,Master's,Teams,46.24,0.542,8,88.71,,Confident,7.73,4.48,38,0.33,73.8,Rejected
CAND_18B9FB,31,9,UX Designer,Bachelor's,Google Meet,45.13,0.638,12,66.45,65.62,Neutral,39.18,5.74,28,0.441,47.44,Rejected
CAND_888490,26,9,Software Engineer,Bachelor's,Teams,60.61,0.617,12,100.0,88.76,Confident,3.69,3.68,34,0.275,80.21,Second Round
CAND_EE70F9,21,0,HR Manager,Associate,Teams,62.81,0.619,7,100.0,52.41,Confident,12.77,3.97,56,0.637,81.67,Hired
CAND_E4E10F,24,0,Software Engineer,Master's,Teams,55.95,0.715,8,80.32,84.1,Confident,40.17,5.49,37,0.786,63.18,Rejected
CAND_32A05B,32,7,Business Analyst,PhD,Zoom,56.66,0.661,9,96.91,77.94,Confident,24.72,4.93,26,0.244,60.38,Rejected
CAND_A83475,33,9,Software Engineer,Associate,HireVue,63.65,0.54,11,100.0,,Confident,15.56,,34,0.197,70.15,Second Round
CAND_4DFA32,36,13,Data Scientist,Master's,Zoom,22.4,0.63,17,82.96,59.89,Confident,14.29,4.24,35,0.315,64.08,Rejected
CAND_D986CE,28,8,UX Designer,PhD,Google Meet,69.78,0.539,3,96.93,52.46,Confident,18.28,3.87,36,0.286,76.21,Rejected
CAND_7DA2E0,22,4,Sales Executive,Master's,Zoom,42.66,0.402,9,85.64,52.58,Confident,26.6,5.16,54,0.318,48.9,Rejected
CAND_964007,21,0,UX Designer,Master's,Teams,38.42,,11,51.93,50.84,Neutral,69.79,7.5,33,0.365,39.62,Rejected
CAND_2FFC07,30,11,Data Scientist,Master's,HireVue,76.67,0.367,9,90.18,100.0,Neutral,24.43,4.2,48,0.662,74.28,Rejected
CAND_F00BD1,21,0,Data Scientist,Bachelor's,Google Meet,,0.687,4,94.48,67.02,Confident,19.43,4.06,47,0.669,63.65,Rejected
CAND_8A61F2,31,14,Data Scientist,Master's,Teams,66.04,0.817,13,91.95,54.17,Confident,28.63,4.43,41,0.329,77.56,Second Round
CAND_A76552,25,0,Software Engineer,Master's,Teams,96.36,0.538,6,95.38,93.49,Confident,26.24,7.49,64,0.39,72.06,Hired
CAND_148066,32,10,Sales Executive,PhD,Teams,84.89,0.495,5,100.0,89.49,Confident,,,44,0.368,87.42,Hired
CAND_1073D4,28,5,Marketing Analyst,PhD,HireVue,44.88,0.73,14,80.07,71.31,Neutral,,5.42,32,0.565,54.85,On Hold
CAND_6EC481,20,0,Sales Executive,Master's,Teams,53.24,0.585,10,100.0,89.81,Neutral,5.54,4.11,21,0.612,77.74,Rejected
CAND_6A134A,31,11,Product Manager,Master's,Zoom,67.69,0.453,7,72.41,72.6,Neutral,40.17,7.34,43,0.28,69.34,Hired
CAND_89914D,31,4,Product Manager,Associate,Zoom,82.73,0.392,6,100.0,94.14,Confident,9.09,3.39,43,0.412,87.06,Hired
CAND_2DB556,32,5,HR Manager,Associate,Google Meet,66.07,0.723,14,100.0,55.58,Confident,14.53,5.19,45,0.377,81.86,Second Round
CAND_AC515F,40,21,Marketing Analyst,Associate,HireVue,83.18,0.71,6,100.0,37.34,Confident,8.99,3.69,47,0.322,95.85,Hired
CAND_B5AD1F,20,0,Software Engineer,Associate,Google Meet,19.38,0.66,15,85.1,81.03,Confident,23.49,5.64,55,0.621,52.89,Rejected
CAND_A53165,43,18,Marketing Analyst,PhD,Teams,40.51,0.59,13,92.39,54.14,Confident,29.96,4.6,33,0.482,59.12,Rejected
CAND_4328F6,35,14,Sales Executive,Associate,Google Meet,58.51,0.607,4,100.0,100.0,Confident,10.84,5.0,32,0.49,69.98,Hired
CAND_96E66A,20,0,Marketing Analyst,Bachelor's,HireVue,,0.708,9,78.42,80.44,Confident,35.33,4.63,37,0.547,68.08,Rejected
CAND_3751F6,31,10,Marketing Analyst,Associate,Google Meet,29.25,0.766,10,90.64,69.36,Confident,23.44,5.12,36,0.604,72.48,Rejected
CAND_EAC4FF,30,6,Software Engineer,Associate,Zoom,60.23,0.626,9,90.1,58.97,Neutral,19.42,5.69,55,0.156,72.16,Second Round
CAND_ED4BF4,28,4,Sales Executive,Master's,Google Meet,56.01,0.641,2,63.52,56.65,Neutral,44.56,5.84,52,0.647,56.32,Rejected
CAND_DC5FE6,35,10,Product Manager,Master's,HireVue,83.19,0.529,6,100.0,40.04,Confident,18.91,4.85,33,0.769,88.78,Hired
CAND_E0BB5D,35,8,HR Manager,PhD,Zoom,42.96,0.52,17,100.0,85.03,Confident,8.18,3.37,49,0.193,53.89,On Hold
CAND_BD6C84,25,0,UX Designer,Associate,Zoom,52.01,0.74,12,100.0,63.63,Confident,13.89,4.58,27,0.115,60.54,On Hold
CAND_8F21A8,41,21,Software Engineer,PhD,HireVue,57.77,0.552,9,100.0,99.89,Confident,13.6,3.93,42,0.487,77.27,Second Round
CAND_381861,20,0,Software Engineer,Master's,Zoom,63.94,0.402,8,100.0,82.3,Confident,9.27,4.25,46,0.595,73.75,Second Round
CAND_913EDC,34,10,HR Manager,Associate,Google Meet,69.0,0.473,11,100.0,100.0,Confident,23.38,4.59,48,0.159,74.87,Rejected
CAND_CF81BB,32,8,Business Analyst,Bachelor's,Teams,59.39,0.595,7,89.73,79.51,Confident,18.59,4.21,38,0.482,72.82,Rejected
CAND_436923,21,0,Data Scientist,Master's,Google Meet,45.87,0.647,10,85.68,86.89,Confident,26.07,4.33,43,0.509,50.62,Rejected
CAND_0E575D,38,13,Business Analyst,Master's,Google Meet,71.61,0.591,7,100.0,100.0,Neutral,15.35,4.67,51,0.344,76.31,Rejected
CAND_E219D6,24,4,HR Manager,Bachelor's,Zoom,39.17,0.573,10,75.33,66.6,Neutral,12.48,4.93,60,0.605,43.59,Rejected
CAND_12627B,35,16,Marketing Analyst,Bachelor's,HireVue,60.77,0.725,2,78.46,83.45,Confident,24.39,4.59,58,0.538,72.56,Hired
CAND_BD7DC2,20,0,HR Manager,Associate,Zoom,19.65,0.559,11,99.4,,Confident,16.48,4.41,47,0.469,46.43,Rejected
CAND_79027C,36,14,Sales Executive,Associate,Zoom,64.47,0.654,10,100.0,90.87,Confident,2.18,3.82,36,0.751,80.1,Hired
CAND_FF6491,20,0,Marketing Analyst,Bachelor's,Google Meet,39.57,0.791,13,91.05,82.51,Confident,33.12,5.01,51,0.657,59.29,On Hold
CAND_FAF084,39,23,Business Analyst,Associate,HireVue,65.77,0.718,8,76.24,62.85,Confident,44.34,5.44,34,0.492,73.22,Second Round
CAND_0D028B,33,10,Marketing Analyst,Associate,Zoom,,0.792,7,66.93,55.56,Neutral,35.68,6.34,36,0.179,68.89,Hired
CAND_4732DD,25,3,Data Scientist,Bachelor's,Zoom,44.86,0.448,12,92.56,69.11,Neutral,21.38,4.29,58,0.997,60.26,Rejected
CAND_53DB2F,24,4,Software Engineer,Bachelor's,HireVue,86.58,0.689,5,100.0,58.09,Confident,21.46,4.05,43,0.456,67.7,Rejected
CAND_7B7D67,30,9,Business Analyst,Bachelor's,Teams,53.66,0.719,6,56.07,61.08,Neutral,69.11,7.16,64,0.352,51.01,Rejected
CAND_BE256E,42,19,Marketing Analyst,Associate,Teams,99.23,0.535,1,76.26,73.99,Confident,22.69,4.31,27,0.577,63.79,Rejected
CAND_D0D8A3,30,14,UX Designer,Master's,Zoom,63.6,0.554,6,100.0,,Confident,12.37,3.49,51,0.983,82.64,Rejected
CAND_617EE5,25,11,Product Manager,Associate,Google Meet,53.82,0.614,10,100.0,66.91,Confident,17.92,3.97,49,0.695,61.57,Rejected
CAND_0B8A88,20,0,Sales Executive,PhD,HireVue,73.1,0.783,3,100.0,92.47,Neutral,3.81,4.05,31,0.666,81.89,Rejected
CAND_2FA2BD,24,0,Business Analyst,Master's,HireVue,43.23,0.737,10,100.0,72.62,Confident,9.98,,30,0.674,68.0,Rejected
CAND_29EB70,29,11,Sales Executive,PhD,Google Meet,51.93,0.574,11,90.76,96.37,Neutral,16.32,3.56,43,0.515,52.38,Rejected
CAND_AAC5D1,20,0,Product Manager,Associate,Google Meet,51.16,0.617,11,93.23,,Confident,21.73,4.37,64,0.636,53.66,Rejected
CAND_377674,21,0,Software Engineer,PhD,Zoom,54.0,0.419,6,97.73,96.81,Confident,26.54,4.81,46,0.317,65.51,Hired
CAND_287CF2,27,6,Business Analyst,Master's,HireVue,69.37,0.681,5,100.0,99.76,Neutral,25.37,4.91,35,0.676,71.42,Hired
CAND_3C0B7F,38,14,Business Analyst,Bachelor's,Teams,46.49,0.665,11,100.0,99.86,Confident,4.46,4.51,49,0.528,76.67,Rejected
CAND_DAE805,20,0,UX Designer,Associate,HireVue,69.8,0.611,5,82.43,62.46,Neutral,29.57,4.67,52,0.549,66.17,Rejected
CAND_AEB0C5,20,0,Sales Executive,Associate,Zoom,70.46,,5,81.45,75.71,Confident,25.11,4.34,45,0.454,75.83,Second Round
CAND_2D97D7,27,1,Software Engineer,PhD,Google Meet,61.07,0.586,7,93.91,100.0,Confident,23.79,5.04,52,0.122,76.77,Second Round
CAND_02560E,31,12,Sales Executive,PhD,Zoom,77.35,,12,91.74,75.47,Confident,7.28,4.28,45,0.277,82.5,Hired
CAND_E0E9B5,30,8,HR Manager,Bachelor's,Google Meet,49.92,0.754,11,83.32,97.74,Confident,18.59,4.25,42,0.543,63.7,Rejected
CAND_041E05,25,2,Software Engineer,Master's,Google Meet,74.82,0.731,7,100.0,76.89,Confident,21.06,4.39,38,0.674,86.65,Hired
CAND_09725D,22,0,Software Engineer,PhD,HireVue,72.31,0.663,5,100.0,90.57,Confident,8.27,3.77,36,0.508,64.83,Rejected
CAND_7D3A44,55,35,Software Engineer,Associate,Teams,60.19,0.751,9,100.0,88.92,Confident,,3.85,51,0.747,65.93,Second Round
CAND_97629D,22,0,UX Designer,PhD,Teams,63.4,0.44,7,78.06,86.77,Confident,17.67,4.46,29,0.72,77.5,Second Round
CAND_3562FE,31,9,Data Scientist,Bachelor's,Zoom,61.55,0.361,10,88.41,74.2,Neutral,16.87,4.69,29,0.391,75.49,Rejected
CAND_B14776,37,13,Business Analyst,Bachelor's,Google Meet,49.45,0.683,6,100.0,83.53,Confident,4.44,4.51,38,0.439,63.53,Rejected
CAND_4BB954,34,10,Business Analyst,Master's,Teams,46.82,0.671,10,100.0,100.0,Confident,15.04,3.81,51,0.503,63.54,Rejected
CAND_B4BACE,36,15,HR Manager,Bachelor's,Teams,69.57,0.247,7,93.21,89.57,Neutral,39.01,5.23,49,0.645,72.21,Second Round
CAND_B228F1,32,10,Sales Executive,Master's,Google Meet,69.4,0.82,8,69.37,59.59,Neutral,45.16,5.35,48,0.286,77.8,Rejected
CAND_DA00FC,35,18,Software Engineer,Bachelor's,Teams,63.72,0.488,11,67.43,49.01,Neutral,41.07,5.47,28,0.722,66.05,Rejected
CAND_AF34DE,30,7,Marketing Analyst,Master's,Google Meet,73.34,0.787,8,100.0,98.15,Confident,10.68,5.24,34,0.177,81.31,Second Round
CAND_9828E7,29,5,Product Manager,Bachelor's,Google Meet,61.13,0.672,12,97.96,96.24,Neutral,19.87,4.68,41,0.345,75.22,Second Round
CAND_39CE5C,39,18,Product Manager,Associate,Zoom,71.32,0.484,11,100.0,100.0,Confident,11.05,3.89,30,0.823,74.15,Second Round
CAND_AF3BF7,34,8,Data Scientist,PhD,HireVue,58.41,0.4,13,100.0,63.42,Neutral,8.72,4.02,36,0.257,62.76,Rejected
CAND_686A5F,20,1,Marketing Analyst,Associate,Google Meet,,0.417,12,100.0,62.24,Confident,14.09,,50,0.384,75.52,Second Round
CAND_E5E407,32,11,Product Manager,Master's,HireVue,86.93,0.757,5,100.0,65.02,Confident,17.82,4.61,26,0.216,74.59,Second Round
CAND_5E0268,29,5,Marketing Analyst,Associate,Teams,61.76,0.791,12,96.45,100.0,Confident,19.99,4.8,41,0.467,75.98,Second Round
CAND_AD7C61,44,20,Data Scientist,Associate,Teams,70.9,0.531,9,86.45,65.27,Confident,20.49,5.1,43,0.599,67.94,Second Round
CAND_33D685,33,13,Marketing Analyst,PhD,Teams,47.86,0.454,9,100.0,100.0,Confident,17.39,,45,0.703,57.48,Rejected
CAND_694694,20,0,HR Manager,Associate,HireVue,56.26,0.67,5,98.26,100.0,Confident,18.15,4.97,45,0.339,74.19,Hired
CAND_321ACB,40,24,Sales Executive,Associate,HireVue,72.44,0.513,10,100.0,92.74,Confident,23.8,4.56,62,0.584,90.19,Hired
CAND_174BCB,20,3,Marketing Analyst,Associate,Google Meet,44.8,0.55,16,70.38,69.48,Slouched,27.3,5.45,36,0.0,59.66,Rejected
CAND_7F4167,25,3,Software Engineer,Bachelor's,Teams,,0.429,6,100.0,100.0,Confident,15.12,5.34,41,0.36,57.35,Rejected
CAND_21993A,20,1,UX Designer,Associate,Zoom,43.55,0.54,11,56.03,42.64,Slouched,43.86,5.17,45,0.713,47.52,Rejected
CAND_EB49E7,32,7,HR Manager,Master's,HireVue,67.11,0.483,10,75.22,56.81,Neutral,27.61,4.56,47,0.759,66.35,Rejected
CAND_24A047,26,6,UX Designer,PhD,HireVue,54.71,0.589,8,100.0,99.52,Confident,10.62,5.44,40,0.623,69.2,Hired
CAND_94A96E,44,19,Software Engineer,Bachelor's,Teams,57.87,0.638,14,83.21,75.43,Confident,47.64,5.86,42,0.981,64.08,Rejected
CAND_431423,38,19,Marketing Analyst,PhD,HireVue,48.96,0.61,8,100.0,100.0,Confident,13.18,5.01,41,0.447,64.97,Rejected
CAND_22E539,24,3,Business Analyst,Associate,Zoom,72.38,0.576,8,100.0,57.35,Confident,17.19,4.5,39,0.516,76.91,Second Round
CAND_7F406D,38,16,Business Analyst,Associate,HireVue,74.57,0.564,5,87.03,82.24,Neutral,30.08,5.26,59,0.626,64.02,On Hold
CAND_07F5A2,36,11,UX Designer,Bachelor's,HireVue,77.71,0.502,6,87.75,79.14,Confident,35.53,4.87,40,0.464,83.62,Hired
CAND_02150E,31,14,Software Engineer,PhD,Teams,138.62,0.809,2,76.41,91.58,Neutral,43.85,5.62,47,0.586,87.44,Hired
CAND_6A71B4,24,8,Product Manager,Master's,HireVue,53.93,0.48,8,100.0,54.89,Neutral,3.2,3.82,38,0.616,72.37,Hired
CAND_1FC115,37,17,UX Designer,Master's,Zoom,62.48,0.61,21,100.0,83.63,Confident,16.06,6.17,60,0.13,69.4,Second Round
CAND_6B584A,21,0,Product Manager,Associate,Zoom,38.99,0.799,8,79.6,68.11,Confident,22.74,4.36,43,0.915,51.24,Rejected
CAND_8B7B3C,32,9,Product Manager,PhD,Google Meet,69.5,0.671,5,93.97,100.0,Confident,31.14,,44,0.357,80.74,Rejected
CAND_D9D251,23,0,HR Manager,Master's,Zoom,67.53,0.322,4,99.99,60.76,Confident,3.07,3.61,49,0.596,79.79,Second Round
CAND_4C8C83,27,0,Data Scientist,Master's,Zoom,57.28,0.606,9,72.61,63.71,Confident,45.27,6.05,35,0.651,59.12,Rejected
CAND_34C351,32,10,Sales Executive,Bachelor's,HireVue,55.31,0.702,12,100.0,56.07,Neutral,11.36,4.46,38,0.1,65.37,Hired
CAND_54E74A,20,0,Marketing Analyst,PhD,Google Meet,46.82,0.413,13,100.0,100.0,Confident,13.31,4.48,34,0.82,65.31,Second Round
CAND_B06506,29,7,Business Analyst,Associate,Google Meet,45.97,0.667,11,94.48,95.35,Confident,19.29,4.35,27,1.0,55.98,Rejected
CAND_CDAF31,24,3,Data Scientist,Bachelor's,Teams,53.39,0.673,11,100.0,100.0,Confident,4.92,3.77,39,0.565,77.84,Second Round
CAND_35493A,49,24,Product Manager,PhD,Teams,70.97,0.873,1,100.0,,Confident,,3.8,31,0.614,80.93,Rejected
CAND_4E19E6,28,7,HR Manager,Associate,Zoom,66.05,0.59,5,66.75,52.54,Neutral,31.31,4.89,38,0.599,61.56,Rejected
CAND_326E50,20,0,Marketing Analyst,Associate,Google Meet,53.47,0.795,8,100.0,84.96,Confident,3.27,3.17,54,0.284,65.09,Second Round
CAND_8D9558,27,2,Product Manager,PhD,HireVue,50.57,0.776,10,100.0,91.03,Confident,3.64,3.84,33,0.145,62.48,Rejected
CAND_679605,22,0,Product Manager,Bachelor's,Teams,69.36,,8,99.47,,Confident,15.52,4.45,46,0.581,82.93,Second Round
CAND_74B857,25,3,Product Manager,Associate,Zoom,75.56,0.94,4,97.52,80.87,Confident,17.99,4.19,38,0.639,88.14,Hired
CAND_5D6ECB,22,0,Product Manager,Master's,Teams,28.92,0.785,11,100.0,93.82,Confident,16.74,4.07,45,0.479,48.43,Rejected
CAND_EFA3A6,34,8,HR Manager,Associate,HireVue,63.66,0.772,15,94.32,,Confident,,5.26,50,0.393,77.73,Hired
CAND_D86DA5,27,4,Sales Executive,Associate,HireVue,43.86,0.438,11,64.85,33.12,Slouched,31.43,5.68,43,0.525,53.6,Rejected
CAND_5F135F,35,14,Business Analyst,Master's,HireVue,52.35,0.609,14,100.0,96.78,Confident,10.27,5.36,36,0.735,65.57,Rejected
CAND_1380E2,20,0,HR Manager,Bachelor's,Teams,60.24,0.761,7,100.0,100.0,Confident,14.56,5.0,46,0.969,100.0,Hired
CAND_AAA653,20,0,Sales Executive,Associate,Teams,37.48,,5,100.0,85.93,Confident,9.43,4.41,64,0.536,55.59,Rejected
CAND_89A013,41,18,Data Scientist,Bachelor's,HireVue,47.61,0.473,14,100.0,90.39,Confident,4.67,3.77,61,0.51,56.84,Rejected
CAND_E65849,20,0,UX Designer,PhD,Google Meet,85.03,0.743,3,100.0,67.91,Confident,13.49,3.98,51,0.487,94.68,Hired
CAND_955C9A,33,8,Business Analyst,Associate,Teams,69.73,0.46,10,100.0,99.38,Confident,14.77,7.28,49,0.294,90.45,Hired
CAND_3EDC66,20,0,UX Designer,Master's,HireVue,58.12,0.695,10,89.92,72.56,Confident,25.48,4.52,37,0.977,62.18,Rejected
CAND_671101,37,14,Software Engineer,Bachelor's,Google Meet,53.18,0.58,7,88.68,66.92,Confident,13.79,5.6,36,0.479,66.55,Rejected
CAND_23B4EF,20,0,Business Analyst,Associate,Teams,38.62,0.455,12,86.32,76.04,Neutral,45.11,5.52,50,0.5,46.97,Rejected
CAND_8F5080,44,24,Sales Executive,Master's,Teams,52.7,0.58,9,100.0,70.03,Confident,2.42,,54,0.522,77.31,Hired
CAND_B33E40,33,16,Sales Executive,Bachelor's,Google Meet,38.48,0.653,12,79.91,70.41,Neutral,30.01,4.38,57,0.576,43.75,Rejected
CAND_A0E33D,31,13,Software Engineer,Master's,Google Meet,56.27,0.478,7,100.0,100.0,Confident,23.0,5.03,34,0.008,57.62,Rejected
CAND_36801A,30,4,HR Manager,Master's,HireVue,59.16,0.735,5,100.0,100.0,Confident,14.65,,52,0.634,75.76,Second Round
CAND_9B0D0B,32,10,Software Engineer,PhD,Zoom,57.22,0.64,8,93.92,75.34,Confident,11.59,4.23,56,0.187,68.72,Second Round
CAND_A4B82E,33,3,Data Scientist,PhD,HireVue,82.99,0.56,10,87.9,81.6,Confident,31.85,4.77,21,0.633,69.76,Second Round
CAND_7F1829,20,0,HR Manager,Associate,Teams,49.49,0.689,11,100.0,90.68,Confident,10.36,4.4,51,0.706,68.51,Second Round
CAND_EEDB71,23,0,Business Analyst,Associate,Zoom,41.54,0.635,9,89.18,71.09,Confident,15.75,3.96,43,0.974,56.04,Rejected
CAND_546DF6,29,3,Marketing Analyst,Associate,HireVue,75.92,0.714,19,100.0,80.41,Confident,1.98,3.86,47,0.383,77.31,Second Round
CAND_4E713F,31,4,Product Manager,Master's,Zoom,55.59,0.642,9,93.44,87.92,Confident,16.41,4.21,72,0.521,71.82,Hired
CAND_E9B028,20,0,Business Analyst,PhD,HireVue,,0.58,18,82.07,59.66,Confident,23.46,4.58,52,0.465,61.34,Rejected
CAND_C5CCD9,20,2,Software Engineer,Associate,Teams,68.89,0.616,6,99.5,92.42,Confident,43.14,5.67,53,0.637,62.14,Rejected
CAND_B8888B,32,12,Marketing Analyst,PhD,Google Meet,67.37,0.701,10,82.86,91.71,Confident,,3.96,63,0.509,71.34,Rejected
CAND_D21E87,20,0,Software Engineer,Associate,HireVue,42.11,0.473,10,84.77,79.58,Confident,23.55,4.56,48,0.401,50.22,Rejected
CAND_09D670,26,7,Software Engineer,Bachelor's,Teams,28.52,0.477,13,100.0,86.22,Confident,10.84,5.33,65,0.39,62.67,Rejected
CAND_E2E63C,29,6,UX Designer,Bachelor's,Zoom,35.96,0.893,13,94.44,73.11,Confident,10.01,3.99,54,0.853,54.95,On Hold
CAND_0383B2,20,0,Sales Executive,Bachelor's,HireVue,46.52,0.516,4,100.0,97.64,Confident,18.48,4.25,50,0.687,60.19,Rejected
CAND_F1D659,27,3,UX Designer,PhD,HireVue,68.93,0.609,5,100.0,77.5,Confident,20.08,4.19,42,0.394,80.71,Hired
CAND_A7E25E,32,11,Business Analyst,Bachelor's,Zoom,62.13,0.719,11,100.0,96.12,Confident,18.73,4.55,43,0.798,68.6,Hired
CAND_829E2E,27,1,Data Scientist,PhD,Teams,36.98,0.642,23,79.84,,Confident,11.24,3.97,26,0.587,53.0,On Hold
CAND_A49504,31,9,UX Designer,PhD,HireVue,61.16,0.657,8,100.0,68.92,Neutral,17.81,4.92,41,0.815,68.63,Second Round
CAND_69277F,32,7,Sales Executive,Associate,Teams,55.18,0.65,9,97.14,,Neutral,24.03,4.56,44,1.0,63.58,Rejected
CAND_00164F,32,13,Data Scientist,PhD,HireVue,54.4,0.681,13,96.94,89.53,Confident,22.99,4.4,38,0.273,70.02,Second Round
CAND_3F8325,44,21,Business Analyst,Associate,Google Meet,70.39,0.557,8,66.7,54.64,Neutral,50.27,6.11,37,0.609,72.21,Second Round
CAND_B24A20,29,5,Business Analyst,PhD,Google Meet,70.11,0.643,4,97.92,81.92,Confident,21.47,5.89,51,0.301,85.83,Hired
CAND_28A3E2,39,17,UX Designer,Associate,Teams,199.06,0.353,0,71.17,87.9,Confident,20.33,4.29,62,0.63,100.0,Hired
CAND_A1B45A,35,10,Data Scientist,Associate,Zoom,55.7,0.747,11,78.69,73.72,Confident,23.6,4.59,46,0.498,71.41,Rejected
CAND_87902C,39,14,Marketing Analyst,Bachelor's,Teams,69.11,0.821,9,100.0,85.36,Confident,10.3,3.81,43,0.81,81.5,Second Round
CAND_9839A2,28,9,Business Analyst,Master's,Google Meet,61.65,0.718,7,93.87,84.95,Neutral,26.42,6.05,52,0.359,74.42,Hired
CAND_08F6E4,38,14,Sales Executive,Master's,Zoom,88.22,0.563,8,100.0,89.82,Confident,4.98,3.26,48,0.326,94.07,Hired
CAND_F7E4DE,41,16,Data Scientist,Bachelor's,Teams,90.86,0.761,4,89.28,67.59,Confident,44.47,6.07,44,0.728,79.04,Second Round
CAND_AD9261,37,18,Business Analyst,Associate,Google Meet,79.5,0.587,13,100.0,97.57,Confident,24.13,4.55,51,0.531,88.36,Hired
CAND_22C46F,36,18,Software Engineer,Master's,Zoom,26.78,0.82,13,100.0,86.12,Confident,9.59,4.15,58,0.516,43.02,Rejected
CAND_737EC8,32,14,Product Manager,Associate,HireVue,68.5,0.869,9,100.0,,Confident,6.63,,46,0.839,73.65,Rejected
CAND_747206,29,4,Sales Executive,Master's,Zoom,89.49,0.567,4,97.57,51.6,Confident,21.99,3.93,54,0.688,86.0,Hired
CAND_3C6E4F,23,0,Product Manager,PhD,Zoom,34.15,,10,86.93,52.24,Confident,11.77,,34,0.269,50.91,Rejected
CAND_9E23B1,20,0,Business Analyst,Master's,Teams,60.55,0.489,17,100.0,100.0,Confident,13.23,4.29,62,0.57,78.72,Rejected
CAND_5C614D,42,20,Product Manager,PhD,Google Meet,70.55,0.379,15,89.9,95.69,Confident,24.18,4.21,56,0.444,82.34,Hired
CAND_9B12A8,20,0,HR Manager,Master's,Google Meet,30.29,0.572,11,100.0,77.03,Confident,15.65,4.19,53,0.751,60.22,Rejected
CAND_A758B3,32,12,Software Engineer,PhD,Zoom,34.23,0.307,10,99.93,83.0,Confident,11.62,3.86,46,0.439,51.18,Rejected
CAND_040E2F,30,11,Software Engineer,PhD,Teams,40.32,0.706,11,100.0,88.93,Confident,23.05,4.18,37,0.337,56.86,Rejected
CAND_47D621,33,10,Software Engineer,Bachelor's,Google Meet,33.52,,9,67.7,79.77,Confident,34.68,4.89,44,0.569,43.83,Rejected
CAND_0843F6,38,17,Marketing Analyst,Bachelor's,Teams,71.45,0.398,9,66.25,67.0,Neutral,37.5,4.89,42,0.353,81.3,Second Round
CAND_42B94F,31,5,UX Designer,Master's,Google Meet,62.27,0.656,9,93.61,96.46,Confident,18.3,3.97,63,0.32,74.36,Rejected
CAND_2065D5,25,4,Data Scientist,Bachelor's,Teams,79.01,0.528,4,99.71,93.13,Neutral,6.19,,35,0.24,90.15,Second Round
CAND_0AB492,20,0,UX Designer,PhD,Google Meet,71.04,0.776,8,100.0,74.79,Confident,7.23,,32,0.588,77.45,Rejected
CAND_A44A90,36,15,HR Manager,Master's,HireVue,80.19,0.95,5,100.0,96.63,Confident,10.57,4.21,34,0.0,88.73,Hired
CAND_9BA0BB,34,10,Data Scientist,Master's,HireVue,78.55,0.466,10,82.78,67.96,Neutral,43.91,5.66,52,0.484,82.8,Second Round
CAND_1776D4,26,7,Data Scientist,Bachelor's,Teams,79.85,0.668,7,100.0,82.99,Confident,10.09,3.42,45,0.534,82.26,Hired
CAND_B1784D,28,4,UX Designer,Bachelor's,Teams,167.67,0.823,0,89.04,90.24,Confident,15.62,4.65,45,0.276,95.69,Second Round
CAND_A8F1A5,20,0,Marketing Analyst,Bachelor's,Teams,55.48,0.625,8,100.0,87.75,Neutral,4.86,3.26,50,0.452,75.87,Second Round
CAND_1B19ED,28,8,Software Engineer,Bachelor's,HireVue,65.51,0.563,9,98.69,76.6,Confident,17.6,5.19,42,0.388,72.73,Rejected
CAND_8743A2,32,8,Business Analyst,Master's,Teams,40.71,0.665,9,94.46,74.04,Confident,18.71,4.03,62,0.471,55.04,Rejected
CAND_EC4827,53,28,Software Engineer,Master's,Zoom,54.29,0.532,11,100.0,79.45,Confident,5.03,3.45,64,0.76,62.53,Rejected
CAND_C0A6EE,42,18,HR Manager,Master's,Zoom,85.0,0.2,8,100.0,94.36,Confident,10.24,3.76,46,0.624,100.0,Hired
CAND_D7B9CD,44,16,HR Manager,Associate,HireVue,49.32,0.592,13,90.49,98.9,Confident,13.48,3.81,68,0.684,60.55,Rejected
CAND_8616A4,24,5,Data Scientist,Associate,Zoom,77.93,0.424,8,100.0,93.05,Neutral,22.81,,70,0.711,76.81,Second Round
CAND_C53F0B,37,15,Data Scientist,Bachelor's,HireVue,29.86,0.612,8,100.0,92.31,Confident,9.31,3.56,50,0.65,70.17,Rejected
CAND_C4234C,29,5,Software Engineer,Bachelor's,Teams,64.5,0.899,11,95.11,81.1,Confident,30.45,4.82,53,0.785,62.59,Rejected
CAND_98AC3D,34,12,Software Engineer,Master's,Google Meet,55.08,0.515,13,82.8,79.74,Confident,30.41,4.81,46,0.392,58.67,Rejected
CAND_68C663,29,8,Business Analyst,Associate,Zoom,74.76,0.719,9,82.62,,Confident,31.09,4.98,45,0.457,69.39,Second Round
CAND_F51EAC,30,7,Sales Executive,Associate,Google Meet,39.61,0.562,10,100.0,84.01,Confident,12.54,4.13,52,0.532,55.3,On Hold
CAND_5097A4,20,0,Sales Executive,Associate,Google Meet,74.11,0.646,13,100.0,90.34,Confident,12.92,4.33,42,0.661,82.4,Rejected
CAND_7F76D8,36,15,Business Analyst,Associate,Teams,72.15,0.518,9,100.0,100.0,Confident,7.11,4.64,47,0.59,70.16,Hired
CAND_33FDC9,24,0,UX Designer,Bachelor's,HireVue,80.52,0.521,9,100.0,98.19,Confident,3.5,3.64,51,0.835,100.0,Hired
CAND_7157DA,20,4,Data Scientist,Bachelor's,Zoom,142.32,0.59,1,90.71,73.34,Confident,31.81,5.26,54,0.554,98.19,Hired
CAND_DF6237,35,8,Sales Executive,Bachelor's,Teams,64.13,0.559,6,72.17,63.6,Neutral,34.43,,30,0.89,72.72,Rejected
CAND_48618B,25,2,HR Manager,Master's,Zoom,76.98,0.582,4,82.68,,Confident,23.53,6.09,35,0.269,76.59,Rejected
CAND_77B705,37,11,Software Engineer,Bachelor's,Google Meet,50.42,0.2,7,84.75,79.95,Confident,26.54,4.61,43,0.409,58.3,Rejected
CAND_042EB6,35,13,HR Manager,Associate,Teams,49.79,,11,85.56,81.92,Neutral,22.24,4.53,58,0.625,58.34,Rejected
CAND_F8CE89,30,10,UX Designer,Master's,HireVue,53.0,,5,100.0,60.09,Confident,22.75,4.18,58,0.355,62.22,Rejected
CAND_74B57B,20,0,Business Analyst,Bachelor's,Zoom,20.62,0.511,9,71.45,74.84,Neutral,22.93,5.17,50,0.511,35.17,Rejected
CAND_C47D1A,20,0,Data Scientist,PhD,Zoom,53.31,0.632,15,95.08,100.0,Confident,7.59,,43,0.542,57.99,Rejected
CAND_4EA765,20,0,UX Designer,Master's,Teams,63.63,0.669,5,100.0,84.25,Confident,10.73,3.95,46,0.742,78.59,Hired
CAND_D522A3,20,0,HR Manager,PhD,HireVue,86.78,0.639,5,100.0,93.69,Confident,37.95,5.82,54,0.416,66.55,Hired
CAND_258539,46,24,UX Designer,Master's,Teams,35.31,0.759,10,91.5,72.6,Confident,10.98,5.07,28,0.0,49.29,Rejected
CAND_2E03BC,28,5,Software Engineer,Associate,Teams,56.47,0.59,8,100.0,87.54,Confident,6.45,3.9,59,0.882,61.59,Rejected
CAND_C5EF43,32,10,Product Manager,PhD,Google Meet,45.6,0.807,10,94.91,81.84,Neutral,24.97,4.33,26,0.678,68.68,Second Round
CAND_FD4C0F,21,0,Data Scientist,Master's,Zoom,87.63,0.855,6,100.0,87.79,Neutral,10.9,4.32,32,0.55,100.0,Hired
CAND_85B753,25,0,Software Engineer,Master's,Google Meet,40.7,0.573,14,85.64,83.13,Confident,22.59,4.55,33,0.399,57.16,Rejected
CAND_C04D76,36,11,UX Designer,Associate,HireVue,73.05,,8,100.0,75.08,Confident,6.69,3.33,46,0.161,88.02,Hired
CAND_5DBA69,39,19,Sales Executive,Master's,HireVue,73.88,0.554,10,84.77,72.15,Confident,44.23,5.13,59,0.247,79.73,Hired
CAND_8C9280,26,8,UX Designer,Master's,Teams,36.94,0.659,7,85.95,83.8,Neutral,26.74,5.46,33,0.468,52.25,Rejected
CAND_488C80,27,7,Marketing Analyst,Master's,HireVue,79.55,0.358,6,100.0,95.46,Confident,5.38,3.97,50,0.577,82.99,Hired
CAND_873414,30,7,Marketing Analyst,Associate,HireVue,40.84,0.335,15,78.85,75.57,Confident,25.98,4.58,38,0.402,44.94,Rejected
CAND_ED3359,28,7,HR Manager,Associate,Google Meet,48.44,0.201,10,100.0,,Confident,24.22,5.04,45,0.613,55.51,Rejected
CAND_A82149,35,13,Sales Executive,Bachelor's,Teams,41.13,0.564,10,100.0,75.63,Confident,5.83,,46,0.732,66.38,Hired
CAND_A179CE,30,6,Data Scientist,Associate,Google Meet,69.68,0.671,6,100.0,100.0,Confident,14.34,3.82,57,0.843,81.33,Hired
CAND_EF26E5,45,24,Sales Executive,Associate,HireVue,48.79,0.376,10,99.93,80.24,Confident,28.17,4.92,36,0.436,56.53,Rejected
CAND_445F72,20,0,Marketing Analyst,Bachelor's,Zoom,71.3,0.597,9,100.0,64.23,Confident,7.25,3.46,41,0.512,88.22,Hired
CAND_43A81F,22,0,Marketing Analyst,Bachelor's,Google Meet,42.83,0.651,14,95.46,100.0,Confident,18.03,3.88,73,0.446,47.59,Rejected
CAND_B1D279,35,9,Data Scientist,PhD,Teams,77.91,0.759,7,100.0,78.47,Confident,8.95,4.38,44,1.0,82.27,Rejected
CAND_4DB96A,36,21,Data Scientist,Associate,HireVue,68.57,0.563,10,100.0,87.4,Confident,19.44,3.97,23,0.795,75.48,Hired
CAND_B26F96,33,13,Software Engineer,Master's,HireVue,39.65,0.6,10,100.0,69.76,Confident,,4.67,35,0.505,46.62,Rejected
CAND_912445,34,9,Product Manager,Associate,Zoom,,0.512,14,100.0,77.8,Confident,16.36,4.05,47,0.823,57.98,Rejected
CAND_024D74,28,6,Marketing Analyst,Associate,Google Meet,52.95,0.778,6,75.38,67.18,Neutral,16.74,3.83,38,0.583,54.3,Rejected
CAND_E11772,25,1,HR Manager,Master's,HireVue,46.77,0.555,12,87.16,98.09,Neutral,25.94,,43,0.491,60.84,Rejected
CAND_CD8CC0,29,8,UX Designer,Associate,HireVue,54.49,0.569,9,94.31,73.28,Confident,24.22,5.64,41,0.374,66.57,Second Round
CAND_3AA0AA,27,6,Software Engineer,Master's,Google Meet,44.6,0.578,11,100.0,100.0,Neutral,11.18,5.35,43,0.584,53.65,Rejected
CAND_697FFC,28,8,Marketing Analyst,PhD,Google Meet,57.0,0.492,7,100.0,83.89,Confident,5.82,3.87,32,0.568,68.2,Rejected
CAND_C77D38,31,8,Business Analyst,Associate,HireVue,,0.436,6,98.87,,Confident,22.74,4.55,49,0.362,49.37,Rejected
CAND_EE0F22,37,11,Data Scientist,Bachelor's,HireVue,160.67,0.796,0,100.0,84.76,Confident,19.06,5.17,40,0.477,100.0,Second Round
CAND_6B1E80,23,0,Sales Executive,Master's,Teams,85.09,0.371,5,100.0,100.0,Confident,9.0,3.87,30,0.605,94.24,Hired
CAND_50BCEE,20,0,Sales Executive,PhD,Teams,70.68,0.546,6,80.36,77.86,Confident,,4.52,31,0.407,65.95,Second Round
CAND_6088E4,30,8,Sales Executive,Master's,HireVue,83.32,0.483,8,96.24,75.12,Confident,22.6,5.55,54,0.56,87.99,Hired
CAND_B1D5C9,40,17,Business Analyst,Bachelor's,Google Meet,60.61,0.686,4,100.0,84.06,Confident,6.11,3.8,31,0.479,80.66,Hired
CAND_CDD68A,46,24,Sales Executive,Bachelor's,Teams,72.16,0.45,9,100.0,77.38,Confident,16.96,4.29,54,0.686,83.29,Rejected
CAND_2A9FE7,26,4,Data Scientist,Associate,Google Meet,71.04,0.619,13,99.34,84.34,Confident,12.35,3.7,39,0.696,72.76,Rejected
CAND_F3658D,39,16,UX Designer,Associate,Google Meet,56.87,0.662,10,100.0,71.32,Confident,9.31,3.91,60,0.137,64.54,Rejected
CAND_7C5FA6,27,8,UX Designer,PhD,Google Meet,62.25,0.272,9,99.21,88.26,Confident,24.06,4.87,43,0.334,67.9,Hired
CAND_2588BB,22,2,Sales Executive,Associate,Zoom,64.62,0.636,6,97.37,96.89,Confident,3.3,3.0,48,0.405,69.1,Hired
CAND_8E176E,40,16,Business Analyst,PhD,Zoom,122.55,0.383,0,100.0,100.0,Confident,13.56,3.89,39,0.55,79.99,Second Round
CAND_90E032,20,1,Business Analyst,PhD,Google Meet,53.22,0.566,17,100.0,99.36,Confident,18.96,4.22,50,0.464,68.8,Hired
CAND_68488B,24,5,Business Analyst,PhD,Teams,53.41,0.4,22,71.09,,Neutral,40.11,5.13,47,0.558,61.64,Rejected
CAND_4C89D4,29,3,Sales Executive,PhD,HireVue,67.63,0.455,10,96.57,94.58,Confident,7.12,3.99,43,0.562,74.39,Rejected
CAND_8AC869,20,0,Product Manager,Bachelor's,Zoom,68.17,0.533,7,80.51,57.25,Neutral,22.91,4.96,44,0.173,70.15,Second Round
CAND_4816A1,38,20,Data Scientist,Associate,Teams,68.8,0.571,3,100.0,100.0,Confident,19.23,4.63,35,0.396,86.08,Hired
CAND_788E0A,28,11,Marketing Analyst,PhD,Teams,60.8,0.571,16,100.0,84.9,Confident,18.44,5.28,36,0.297,78.38,Second Round
CAND_B54F56,20,0,HR Manager,Master's,Teams,75.49,0.455,9,100.0,100.0,Neutral,19.1,4.08,44,0.675,85.68,Hired
CAND_CE524A,39,23,Sales Executive,Bachelor's,Zoom,95.34,0.635,7,88.39,89.54,Neutral,24.26,4.73,37,0.308,91.57,Hired
CAND_C59775,33,11,Sales Executive,Bachelor's,Teams,93.47,0.702,1,100.0,89.49,Confident,29.78,5.08,44,0.389,89.67,Hired
CAND_6878C1,31,8,Business Analyst,Associate,HireVue,52.66,0.864,5,75.73,54.09,Confident,23.06,4.4,47,0.472,60.03,Rejected
CAND_6EBD9F,36,20,UX Designer,Bachelor's,Google Meet,72.31,0.622,11,96.39,81.51,Confident,2.54,3.64,50,0.301,85.07,Hired
CAND_B3D3A3,32,12,Marketing Analyst,PhD,Zoom,85.47,0.658,3,86.31,88.14,Confident,22.98,4.29,46,0.361,84.97,Rejected
CAND_5C1648,46,22,Product Manager,Master's,Google Meet,80.56,0.806,7,100.0,93.64,Confident,18.88,4.08,50,0.443,83.02,Second Round
CAND_9EAACE,26,2,UX Designer,Master's,HireVue,61.5,0.465,8,84.94,64.19,Confident,20.62,5.0,41,0.781,71.94,Hired
CAND_7AFDCE,29,2,Sales Executive,PhD,HireVue,,0.628,14,97.9,81.16,Confident,12.86,3.85,38,0.631,74.47,Rejected
CAND_82C87E,24,3,Data Scientist,Master's,Zoom,59.32,0.365,9,96.34,71.98,Confident,18.69,4.19,47,0.245,65.72,Rejected
CAND_0D49EE,31,11,Business Analyst,Associate,Google Meet,80.99,0.605,9,100.0,100.0,Confident,13.31,5.1,41,0.448,97.79,Hired
CAND_20BF32,44,23,Sales Executive,Bachelor's,Zoom,70.1,0.626,7,100.0,70.0,Confident,15.54,5.51,54,0.494,77.77,Rejected
CAND_6AC7E6,24,0,Data Scientist,Associate,Zoom,62.9,0.649,6,79.25,59.34,Neutral,34.9,6.05,37,0.454,56.78,Rejected
CAND_197BFF,32,7,Marketing Analyst,Bachelor's,Zoom,57.42,0.742,11,100.0,67.16,Confident,21.29,4.38,56,0.317,74.65,Rejected
CAND_AF4CCC,27,1,Data Scientist,Bachelor's,HireVue,,0.611,8,100.0,100.0,Confident,13.89,3.58,38,0.082,76.32,Rejected
CAND_0C7505,32,9,HR Manager,PhD,Google Meet,62.17,0.783,6,89.44,87.12,Confident,21.28,4.15,54,0.73,68.52,Second Round
CAND_CAAAC3,28,6,Data Scientist,Bachelor's,Teams,65.16,0.644,8,100.0,100.0,Confident,21.27,4.17,55,0.466,69.58,Rejected
CAND_473774,20,1,Sales Executive,PhD,Google Meet,57.7,0.44,7,90.2,56.88,Confident,18.9,4.09,31,0.211,69.02,Rejected
CAND_74E421,28,8,Sales Executive,Master's,Google Meet,,0.627,8,63.44,46.78,Neutral,30.13,4.64,49,0.474,59.2,Rejected
CAND_89DEE0,32,10,UX Designer,Associate,HireVue,72.87,0.268,6,100.0,82.13,Confident,9.36,4.91,49,0.427,81.3,Hired
CAND_DC6B78,24,0,Sales Executive,Associate,Zoom,75.24,0.749,4,100.0,62.58,Confident,9.21,3.95,27,0.351,83.32,Rejected
CAND_4F321E,33,7,Data Scientist,Master's,Google Meet,59.91,0.839,3,98.54,86.43,Confident,8.47,3.5,54,0.324,68.43,Rejected
CAND_8D8AE0,36,11,Data Scientist,Master's,Zoom,47.7,0.651,10,90.16,89.05,Confident,15.08,4.58,55,0.376,67.93,Second Round
CAND_16C62B,26,9,Software Engineer,Master's,Teams,76.81,0.656,5,100.0,92.05,Confident,26.03,4.49,46,0.507,81.11,Rejected
CAND_0346ED,38,16,Software Engineer,Associate,HireVue,76.89,0.662,7,98.2,100.0,Confident,24.61,4.07,47,0.0,72.63,Rejected
CAND_879032,32,12,Product Manager,Associate,Google Meet,69.92,0.626,10,98.73,69.68,Confident,26.75,4.32,36,0.665,79.32,Hired
CAND_D7FD56,31,5,UX Designer,PhD,HireVue,33.93,0.278,16,100.0,,Confident,13.18,4.23,37,0.725,44.9,Rejected
CAND_0DFF6C,36,16,Product Manager,Bachelor's,Zoom,44.48,0.593,16,93.16,100.0,Confident,16.3,4.35,42,0.346,60.75,Rejected
CAND_BDA156,20,0,Sales Executive,Bachelor's,Zoom,48.94,0.95,17,43.31,37.66,Neutral,78.98,7.38,52,0.075,53.3,Rejected
CAND_03A0A4,40,21,Sales Executive,Bachelor's,HireVue,57.25,0.283,9,97.16,94.51,Confident,,5.35,46,0.569,70.13,Hired
CAND_B65638,30,8,HR Manager,Master's,Teams,30.47,0.581,13,100.0,65.43,Confident,16.33,3.73,41,0.623,45.89,Rejected
CAND_E5AE05,37,19,Software Engineer,Master's,Google Meet,77.42,0.489,5,100.0,91.63,Confident,14.96,3.86,58,0.731,89.45,Hired
CAND_71C585,20,0,Product Manager,Associate,HireVue,52.36,0.565,10,78.28,,Neutral,20.7,5.93,31,0.257,67.1,Rejected
CAND_5170E3,37,16,Sales Executive,Associate,Teams,49.81,0.653,7,100.0,100.0,Confident,9.4,4.11,44,0.687,67.04,Rejected
CAND_CE42B6,26,3,Software Engineer,Associate,Google Meet,76.94,0.595,6,99.77,53.85,Confident,13.93,4.44,53,0.797,78.2,Second Round
CAND_6AF956,20,0,Business Analyst,Associate,Google Meet,47.65,0.526,11,87.12,95.39,Confident,38.68,5.93,46,0.851,53.87,Rejected
CAND_BE34A4,36,12,HR Manager,PhD,Google Meet,66.65,0.487,5,100.0,81.88,Confident,26.05,4.97,55,0.735,90.33,Hired
CAND_11B1C9,24,0,Product Manager,Bachelor's,HireVue,44.07,0.704,10,66.94,54.31,Slouched,29.69,4.65,45,0.604,51.25,Rejected
CAND_4E4A53,33,8,Sales Executive,Associate,Google Meet,54.88,0.737,10,96.61,100.0,Confident,19.21,4.88,30,0.785,66.51,Second Round
CAND_2740FE,40,17,Marketing Analyst,PhD,Teams,20.12,0.691,12,99.75,69.44,Confident,25.57,5.06,46,0.264,52.96,On Hold
CAND_9A1FB4,21,1,Product Manager,Associate,Teams,53.5,0.657,9,100.0,82.73,Neutral,22.02,5.35,72,0.508,75.67,Hired
CAND_3A0CBD,43,20,UX Designer,Bachelor's,Teams,75.36,0.613,9,100.0,60.63,Confident,31.11,5.69,58,0.442,93.63,Hired
CAND_20299C,31,10,Marketing Analyst,PhD,Teams,39.53,0.453,12,74.14,53.9,Neutral,34.97,4.97,37,0.323,47.18,Rejected
CAND_53BB0E,20,0,Sales Executive,Master's,Teams,,0.63,11,100.0,83.69,Confident,10.39,3.83,35,0.57,81.9,Second Round
CAND_5B9535,28,5,Sales Executive,PhD,Zoom,28.89,,10,100.0,79.85,Confident,8.08,4.29,47,0.447,70.67,Hired
CAND_1D9B62,38,12,Data Scientist,Associate,Google Meet,68.05,0.736,8,98.56,64.58,Confident,11.5,3.59,59,0.365,85.45,Hired
CAND_F9962C,47,28,Sales Executive,Associate,HireVue,86.76,0.549,4,98.16,69.58,Confident,26.04,,49,0.0,90.99,Hired
CAND_AAA7DD,40,19,Business Analyst,Master's,HireVue,45.92,,10,100.0,100.0,Confident,,3.17,62,0.521,68.11,Hired
CAND_EF7077,23,2,Software Engineer,Bachelor's,Google Meet,74.1,,7,100.0,100.0,Confident,6.22,4.6,45,0.369,68.3,Rejected
CAND_52BDF7,27,4,HR Manager,Associate,Teams,31.04,0.95,9,98.27,,Confident,10.88,3.68,68,0.636,49.65,Rejected
CAND_C9BA5E,29,1,HR Manager,Master's,Teams,57.79,0.481,8,100.0,88.18,Confident,6.46,3.86,51,0.432,73.52,Second Round
CAND_C132C2,24,0,Business Analyst,Associate,Teams,29.73,0.611,15,100.0,88.6,Confident,5.8,4.43,37,0.736,47.53,Rejected
CAND_93B640,30,6,UX Designer,Associate,Teams,65.33,,8,100.0,70.74,Confident,28.35,4.58,57,0.767,80.42,Rejected
CAND_AB6DC4,38,15,Sales Executive,Master's,Teams,55.52,0.673,9,98.36,100.0,Neutral,35.61,6.13,43,0.386,75.2,Hired
CAND_A4AB15,32,10,UX Designer,Bachelor's,Zoom,73.13,0.777,7,85.89,100.0,Confident,40.4,6.09,40,0.424,70.54,Rejected
CAND_6E736C,26,5,Sales Executive,Bachelor's,Zoom,64.67,0.352,4,100.0,51.81,Confident,8.75,4.72,38,0.746,77.06,Hired
CAND_E13E30,39,10,Marketing Analyst,Master's,Teams,65.08,,7,100.0,,Confident,13.03,3.84,27,0.752,79.26,Rejected
CAND_14D111,51,29,UX Designer,Associate,Zoom,69.34,0.565,5,88.97,,Neutral,31.86,5.95,44,0.404,70.36,Hired
CAND_D8CBAB,29,5,UX Designer,Master's,Zoom,61.8,0.745,11,85.69,68.87,Confident,13.67,4.02,47,0.21,67.19,Hired
CAND_859599,27,8,UX Designer,PhD,Google Meet,61.52,0.891,7,97.55,65.48,Confident,36.42,5.3,25,0.51,73.21,Rejected
CAND_6530D9,28,10,Product Manager,PhD,HireVue,,0.629,5,74.37,46.49,Neutral,48.26,6.57,44,0.504,75.73,Hired
CAND_2125AE,31,12,Software Engineer,PhD,HireVue,65.58,0.696,8,75.2,74.5,Neutral,48.42,6.28,39,0.538,63.02,Rejected
CAND_33C06D,30,8,Business Analyst,Bachelor's,HireVue,54.77,0.414,8,100.0,62.83,Confident,5.17,4.16,37,0.553,67.12,Hired
CAND_6644D7,35,13,HR Manager,Bachelor's,HireVue,70.26,0.479,9,76.71,59.97,Neutral,41.11,5.47,49,0.969,79.05,Rejected
CAND_BC0835,32,10,Business Analyst,PhD,Google Meet,60.42,0.69,6,83.61,93.72,Neutral,28.0,4.88,46,0.526,64.27,Rejected
CAND_279461,22,0,Data Scientist,PhD,HireVue,78.37,0.564,7,90.72,77.44,Confident,24.95,4.54,39,0.649,93.06,Hired
CAND_D7FB2D,21,0,UX Designer,Associate,Teams,,0.749,12,98.46,98.6,Neutral,23.65,4.77,42,0.586,66.02,Rejected
CAND_529249,40,21,UX Designer,Master's,HireVue,43.56,0.47,13,65.7,47.11,Neutral,41.23,7.08,48,0.676,42.94,On Hold
CAND_1F603C,25,6,HR Manager,PhD,Teams,48.58,0.652,3,100.0,100.0,Confident,2.69,3.04,34,0.062,62.71,Rejected
CAND_74B2D4,28,10,UX Designer,Bachelor's,Teams,70.53,0.448,11,100.0,100.0,Confident,17.51,5.12,53,0.564,85.27,Hired
CAND_1FC29E,27,7,Sales Executive,Master's,Teams,63.03,0.718,5,100.0,82.06,Confident,7.19,4.59,41,0.546,78.92,Rejected
CAND_0602A7,27,7,Software Engineer,Master's,Teams,53.08,0.889,11,99.82,100.0,Confident,11.12,5.44,55,0.318,72.69,Second Round
CAND_550572,23,0,HR Manager,PhD,Google Meet,33.65,0.746,16,100.0,100.0,Confident,9.4,4.2,72,0.237,47.42,Rejected
CAND_91D257,35,12,Software Engineer,Master's,Google Meet,59.54,0.552,12,87.87,58.3,Confident,31.85,6.37,40,0.656,59.15,Rejected
CAND_D14AD7,27,2,HR Manager,Bachelor's,HireVue,136.45,,1,96.97,81.14,Confident,24.85,4.45,42,0.688,88.96,Hired
CAND_A63BB1,43,21,Marketing Analyst,Associate,HireVue,58.18,0.387,8,98.92,96.74,Confident,17.04,3.79,57,0.177,69.49,Hired
CAND_BF757E,31,8,HR Manager,Master's,Teams,86.76,0.462,3,77.6,85.24,Neutral,29.57,5.35,47,0.297,73.56,Second Round
CAND_7BADAC,33,5,Data Scientist,Bachelor's,Teams,56.33,0.95,6,100.0,60.85,Confident,20.9,6.17,29,0.644,69.16,Second Round
CAND_69F156,20,0,Marketing Analyst,Master's,HireVue,68.87,,8,100.0,100.0,Confident,30.75,4.52,54,0.427,76.74,Hired
CAND_9F8B65,23,0,Data Scientist,PhD,Google Meet,54.64,0.789,14,97.0,,Confident,20.66,4.59,45,0.324,67.58,Hired
CAND_0D547A,36,14,Sales Executive,PhD,Teams,,0.667,12,100.0,72.07,Neutral,14.46,3.9,46,0.394,50.81,Rejected
CAND_C9843B,33,5,UX Designer,PhD,Google Meet,54.51,0.589,7,100.0,100.0,Neutral,13.59,4.54,50,0.47,59.77,Rejected
CAND_56F658,38,15,UX Designer,PhD,Google Meet,39.64,0.577,9,100.0,57.36,Confident,11.5,4.54,56,0.128,61.3,Rejected
CAND_333370,25,2,HR Manager,PhD,HireVue,59.14,0.578,12,83.39,,Confident,36.19,4.87,47,0.353,65.93,Second Round
CAND_D52FB6,42,21,Business Analyst,Master's,Zoom,62.47,0.673,3,70.74,55.29,Neutral,35.74,4.96,60,0.502,65.31,Rejected
CAND_E237E8,34,19,Sales Executive,Master's,Zoom,72.15,0.602,10,99.89,83.4,Confident,27.26,,38,0.505,65.52,Rejected
CAND_7941E8,32,6,Data Scientist,Bachelor's,Teams,60.74,0.621,10,100.0,93.15,Confident,13.15,3.98,36,0.445,72.15,Rejected
CAND_1AE00D,20,1,UX Designer,Associate,HireVue,76.17,0.659,6,96.58,92.7,Confident,6.25,3.58,50,0.802,85.98,Hired
CAND_6F3BFB,30,6,Product Manager,PhD,HireVue,68.37,0.631,8,100.0,96.64,Confident,6.66,4.8,45,0.551,84.24,Rejected
CAND_439E80,45,23,Product Manager,Master's,Teams,82.7,0.557,7,100.0,97.41,Confident,5.62,3.58,31,0.858,87.75,Hired
CAND_DB71EF,20,0,Marketing Analyst,Master's,Zoom,77.3,0.419,8,100.0,97.92,Confident,8.5,3.88,28,0.268,89.45,Hired
CAND_70DDB7,37,12,Software Engineer,Bachelor's,Zoom,68.25,0.626,5,100.0,100.0,Confident,19.54,4.2,44,0.245,81.97,Second Round
CAND_0672C6,21,0,HR Manager,Associate,Zoom,87.89,0.299,6,99.52,71.58,Confident,12.98,4.1,38,0.38,93.22,Second Round
CAND_ECA814,25,1,Product Manager,Associate,Google Meet,58.24,0.664,12,97.7,100.0,Confident,18.01,4.29,37,0.37,74.63,Hired
CAND_FF4C3E,34,9,UX Designer,Associate,Google Meet,49.46,,6,100.0,79.09,Confident,13.5,3.62,38,0.495,54.51,Rejected
CAND_D0718C,32,12,Marketing Analyst,Bachelor's,HireVue,65.07,0.489,9,100.0,100.0,Confident,16.06,6.47,53,0.634,82.04,Rejected
CAND_02C6ED,20,1,Software Engineer,Master's,HireVue,62.48,0.544,6,100.0,92.56,Confident,1.52,2.99,55,0.578,73.02,Hired
CAND_B1E0F9,40,18,Marketing Analyst,PhD,Zoom,53.13,0.453,14,100.0,81.56,Confident,7.8,3.64,49,0.53,79.65,Second Round
CAND_6BD52F,42,22,UX Designer,PhD,HireVue,217.9,0.657,0,100.0,77.21,Neutral,15.38,4.84,42,0.72,100.0,Hired
CAND_941781,26,0,Marketing Analyst,PhD,HireVue,46.87,0.535,14,95.33,63.66,Neutral,15.82,,39,0.369,61.95,Rejected
CAND_42225B,35,13,UX Designer,Associate,Zoom,63.09,0.813,9,100.0,89.67,Confident,,3.49,51,0.35,82.16,Rejected
CAND_DB57AE,21,5,Business Analyst,Master's,Zoom,48.61,0.536,8,90.54,61.34,Confident,16.68,,57,0.136,54.64,Rejected
CAND_D34BA7,31,9,HR Manager,PhD,Zoom,77.42,0.366,5,100.0,100.0,Neutral,3.65,,41,0.33,77.37,Second Round
CAND_289BB5,36,15,Marketing Analyst,Associate,HireVue,64.94,0.749,5,100.0,81.66,Confident,,4.45,35,1.0,77.9,Second Round
CAND_04C11A,21,0,UX Designer,Associate,Google Meet,38.49,0.57,10,60.95,61.32,Neutral,57.57,6.82,47,0.321,46.12,Rejected
CAND_098DA0,20,0,Software Engineer,Associate,Google Meet,38.35,0.555,21,79.36,53.47,Neutral,37.7,5.55,45,0.353,45.85,Rejected
CAND_22D8E6,34,12,Software Engineer,Associate,Teams,58.57,0.694,9,100.0,100.0,Confident,4.67,3.14,44,0.213,66.25,Rejected
CAND_0EE511,31,4,UX Designer,Bachelor's,HireVue,35.29,0.556,13,96.22,99.34,Confident,10.56,4.43,46,0.351,52.17,On Hold
CAND_051993,35,10,Product Manager,PhD,Teams,52.14,0.38,4,100.0,76.76,Confident,7.99,3.48,39,0.493,72.33,Rejected
CAND_E430C1,27,3,Business Analyst,PhD,HireVue,,0.41,11,100.0,100.0,Confident,7.86,3.58,25,0.75,72.11,Hired
CAND_088635,39,13,Data Scientist,Master's,Zoom,60.35,0.511,9,86.29,78.15,Confident,23.82,4.95,31,0.546,68.57,Hired
CAND_A80516,41,17,UX Designer,Associate,Zoom,76.79,0.622,4,100.0,86.75,Confident,14.82,3.82,64,0.618,85.61,Hired
CAND_4CEB26,30,12,Marketing Analyst,Associate,Google Meet,22.7,0.696,15,100.0,100.0,Confident,8.35,3.67,54,0.758,56.19,Rejected
CAND_024ED4,35,14,Marketing Analyst,Bachelor's,Teams,43.65,0.671,8,79.82,100.0,Confident,23.16,5.15,39,0.0,55.64,On Hold
CAND_1E8814,28,4,Sales Executive,PhD,HireVue,56.24,0.714,6,100.0,72.01,Neutral,20.91,4.41,45,0.493,83.8,Second Round
CAND_04E4FC,31,2,Data Scientist,Bachelor's,HireVue,82.71,0.62,5,96.15,66.18,Confident,20.63,4.32,20,0.602,84.92,Rejected
CAND_56E815,20,0,Business Analyst,Bachelor's,Teams,47.37,0.533,12,99.67,,Confident,15.54,,43,0.57,61.78,Rejected
CAND_6CDE82,32,14,HR Manager,PhD,Google Meet,73.05,0.632,12,100.0,95.34,Confident,23.16,4.74,43,0.681,87.7,Hired
CAND_5508A8,25,0,Data Scientist,Bachelor's,Zoom,,0.761,14,99.01,85.23,Confident,16.88,4.41,75,0.201,55.81,Rejected
CAND_369A8A,43,24,Business Analyst,Master's,Teams,45.68,0.707,12,100.0,,Confident,5.53,3.89,30,0.374,62.02,Rejected
CAND_6A1EE5,23,0,HR Manager,Associate,Zoom,60.44,0.558,9,100.0,100.0,Confident,6.81,4.61,49,0.447,72.38,Hired
CAND_19BB55,24,2,Business Analyst,PhD,Zoom,54.94,0.366,15,92.4,67.05,Confident,22.17,5.15,45,0.158,59.73,Rejected
CAND_E6A6CA,40,20,Product Manager,PhD,HireVue,56.96,0.636,11,97.17,90.0,Confident,6.27,3.92,40,0.675,66.06,Hired
CAND_45291D,26,5,Software Engineer,Bachelor's,Zoom,70.57,0.397,9,100.0,68.71,Confident,23.62,5.19,40,0.442,71.86,Rejected
CAND_334188,20,0,Business Analyst,Associate,Zoom,49.07,0.607,7,100.0,73.04,Confident,,3.97,44,0.459,65.24,Second Round
CAND_386C8E,32,11,Business Analyst,Bachelor's,HireVue,25.53,0.589,14,83.52,91.6,Confident,24.63,4.84,56,0.447,38.82,On Hold
CAND_5232ED,28,5,Data Scientist,PhD,Zoom,50.81,0.64,7,100.0,77.09,Confident,9.48,3.89,37,0.454,68.08,Rejected
CAND_CB6E9C,30,14,Business Analyst,Bachelor's,Google Meet,63.01,0.391,6,100.0,82.95,Confident,7.38,4.11,49,0.201,68.09,Second Round
CAND_EA3360,25,0,Data Scientist,Master's,HireVue,56.19,0.756,7,100.0,72.56,Confident,17.07,4.18,48,0.671,71.15,Rejected
CAND_BF1146,21,4,HR Manager,Associate,Zoom,51.09,0.634,12,100.0,96.38,Confident,14.83,4.17,50,0.78,77.6,Hired
CAND_AEEF70,28,4,Marketing Analyst,Master's,Teams,78.17,0.758,6,100.0,72.62,Confident,16.88,3.96,58,0.654,96.8,Hired
CAND_ED4057,33,13,Business Analyst,Bachelor's,HireVue,49.89,0.784,13,86.24,90.4,Confident,18.16,4.13,54,0.659,67.05,Rejected
CAND_6ADF5A,30,4,HR Manager,Bachelor's,Teams,48.86,0.41,14,79.73,62.63,Confident,25.41,5.13,39,0.601,60.36,Rejected
CAND_143C8C,31,10,Product Manager,Bachelor's,Teams,35.77,0.682,15,75.01,78.93,Confident,44.89,5.54,41,0.521,48.06,Rejected
CAND_511326,28,4,Product Manager,Master's,Zoom,51.26,0.677,13,91.09,76.86,Confident,31.9,4.63,31,0.329,71.62,Second Round
CAND_F535DF,43,16,Software Engineer,Bachelor's,Teams,58.26,0.698,12,100.0,98.51,Confident,7.04,3.9,32,0.724,83.72,Second Round
CAND_110332,33,18,Sales Executive,Associate,Google Meet,53.37,0.538,13,96.61,96.26,Neutral,25.48,4.57,36,0.071,56.03,Rejected
CAND_F7F2AB,26,4,Product Manager,Associate,Google Meet,37.25,0.64,10,99.67,94.64,Confident,11.38,5.04,31,0.418,50.3,Rejected
CAND_3C4FB3,45,20,Data Scientist,Bachelor's,Teams,39.74,0.625,12,94.01,70.31,Confident,,4.35,46,0.181,56.21,Rejected
CAND_6A015A,26,2,Product Manager,Bachelor's,Teams,59.42,0.588,7,100.0,58.61,Confident,7.78,4.7,53,0.48,74.31,Rejected
CAND_7D7206,27,8,Business Analyst,Bachelor's,HireVue,26.43,0.528,15,97.78,98.23,Confident,15.83,4.21,39,0.07,45.65,Rejected
CAND_5492EF,27,1,Data Scientist,Master's,Zoom,75.32,0.613,9,100.0,74.95,Confident,20.22,4.47,49,0.183,65.76,Rejected
CAND_378407,39,14,Data Scientist,Bachelor's,Zoom,55.47,0.555,10,76.44,57.54,Neutral,35.19,5.33,40,0.685,56.92,Rejected
CAND_7A9804,20,0,UX Designer,Master's,Teams,,0.731,11,100.0,100.0,Confident,17.73,5.24,45,0.262,64.7,Rejected
CAND_53C180,20,1,Sales Executive,Master's,Zoom,56.96,0.665,7,87.41,100.0,Confident,25.6,4.4,20,0.585,56.65,Rejected
CAND_FDE26B,20,2,Data Scientist,PhD,Google Meet,42.96,0.795,13,100.0,,Confident,13.01,4.23,44,0.611,59.11,Rejected
CAND_B47659,43,17,Data Scientist,Bachelor's,HireVue,,0.728,14,65.0,41.36,Neutral,42.97,6.27,37,0.45,40.92,Rejected
CAND_2D0A11,31,10,HR Manager,Bachelor's,Google Meet,67.97,0.824,7,91.46,70.81,Neutral,19.34,4.99,51,0.669,70.97,Rejected
CAND_1639D8,48,26,Product Manager,Bachelor's,Zoom,72.97,0.224,9,100.0,55.08,Confident,9.42,,42,0.423,78.57,Second Round
CAND_7FA9CB,32,8,UX Designer,Associate,Zoom,37.73,0.363,14,96.8,85.8,Confident,12.28,3.77,47,0.263,47.81,On Hold
CAND_9A3310,20,0,Marketing Analyst,Bachelor's,Zoom,50.81,0.566,7,100.0,84.95,Confident,6.81,4.78,54,0.191,64.58,Rejected
CAND_F2743F,22,3,HR Manager,Bachelor's,Zoom,58.89,0.604,5,100.0,100.0,Slouched,8.11,3.35,62,0.587,73.64,Rejected
CAND_6A65B6,28,5,Data Scientist,PhD,Zoom,60.87,0.752,12,98.12,100.0,Confident,32.47,5.11,64,0.7,69.22,Second Round
CAND_EC83E6,27,7,UX Designer,PhD,HireVue,55.76,0.593,9,97.38,100.0,Confident,24.83,4.06,53,0.903,73.8,Rejected
CAND_275993,33,7,Business Analyst,Bachelor's,HireVue,37.0,0.538,12,90.08,60.62,Confident,,4.26,52,0.665,48.5,Rejected
CAND_37A646,22,2,Business Analyst,Bachelor's,HireVue,22.65,0.5,22,77.96,88.11,Confident,37.35,7.46,48,0.653,53.55,Rejected
CAND_6F094B,25,2,Sales Executive,PhD,Google Meet,33.53,0.766,14,100.0,100.0,Confident,21.39,4.35,36,0.536,48.77,Rejected
CAND_3CCCC9,30,8,UX Designer,PhD,Zoom,49.37,0.722,9,69.02,,Neutral,28.96,4.74,36,0.267,49.07,Rejected
CAND_D42E6A,24,6,Marketing Analyst,Bachelor's,Google Meet,63.53,0.487,7,100.0,99.07,Confident,12.62,4.48,65,0.88,77.93,Hired
CAND_C06A70,24,2,Software Engineer,PhD,Google Meet,47.25,0.35,9,100.0,93.77,Confident,17.29,4.16,42,0.654,69.05,Rejected
CAND_E849B3,39,18,Sales Executive,Associate,Teams,50.18,,9,60.34,55.42,Slouched,53.56,6.46,27,0.665,56.83,Rejected
CAND_F7663C,20,0,Marketing Analyst,Associate,HireVue,55.56,0.677,7,76.26,74.84,Neutral,48.06,5.51,46,0.408,60.65,Rejected
CAND_F3F72D,30,10,Data Scientist,PhD,Teams,61.79,0.563,12,98.84,73.95,Confident,19.36,4.98,20,0.826,74.18,Rejected
CAND_4A49CF,24,4,Marketing Analyst,Associate,Teams,60.49,0.594,8,100.0,100.0,Confident,10.65,,51,0.508,76.71,Second Round
CAND_CC0A50,26,2,Data Scientist,Associate,Google Meet,42.85,,13,73.83,60.94,Neutral,30.68,6.27,39,0.328,42.16,Rejected
CAND_84970A,20,0,Business Analyst,Bachelor's,Teams,37.61,0.541,14,100.0,,Confident,5.18,3.42,38,0.544,53.14,Rejected
CAND_BE59EF,38,16,HR Manager,Master's,HireVue,74.15,0.486,8,100.0,80.04,Neutral,8.79,,34,0.648,82.27,Rejected
CAND_B2A9EC,26,4,HR Manager,Associate,Teams,68.97,0.797,11,80.47,77.84,Neutral,51.39,5.47,47,0.581,60.65,On Hold
CAND_D33A1D,32,8,HR Manager,Associate,Zoom,66.51,0.524,7,100.0,97.08,Confident,10.26,3.95,59,0.516,81.06,Rejected
CAND_B71815,33,7,Product Manager,PhD,HireVue,40.63,0.533,12,100.0,80.45,Neutral,18.16,5.27,39,0.653,64.8,Rejected
CAND_375A29,23,1,HR Manager,Associate,Zoom,50.27,0.402,15,100.0,59.59,Confident,15.36,4.04,36,0.301,62.17,Rejected
CAND_07629E,30,7,HR Manager,Master's,HireVue,73.19,0.726,12,100.0,92.72,Confident,8.04,4.2,45,0.242,83.49,Second Round
CAND_FE3599,20,0,Marketing Analyst,Bachelor's,Teams,73.7,0.877,4,100.0,73.97,Confident,9.03,4.48,45,0.753,81.59,Rejected
CAND_BC4F01,32,13,Sales Executive,Master's,Teams,20.7,0.663,19,90.19,60.35,Neutral,8.79,3.8,40,0.715,39.33,Rejected
CAND_B20A93,30,8,Business Analyst,Master's,Google Meet,67.06,0.576,7,79.1,62.98,Neutral,29.06,5.28,31,0.511,59.63,Rejected
CAND_84D262,35,14,Product Manager,PhD,HireVue,52.09,0.618,7,72.67,67.89,Neutral,50.16,6.63,33,0.478,61.62,Rejected
CAND_EFA8A7,34,15,Business Analyst,PhD,HireVue,64.51,0.708,5,100.0,,Confident,16.59,4.56,27,0.431,82.93,Hired
CAND_8CD8B4,35,10,Data Scientist,PhD,Zoom,48.01,0.719,8,53.44,56.24,Slouched,70.26,7.05,65,0.663,43.05,Rejected
CAND_2902D7,24,0,Software Engineer,PhD,Teams,74.19,0.81,5,77.97,77.81,Confident,27.8,5.22,47,0.557,79.36,Hired
CAND_7FD14C,20,0,UX Designer,Bachelor's,Google Meet,58.64,0.84,12,100.0,100.0,Confident,15.84,4.03,65,0.625,76.53,Hired
CAND_BC7DA3,24,4,Software Engineer,PhD,Teams,67.16,0.817,7,100.0,83.7,Confident,9.21,4.11,41,0.34,84.59,Second Round
CAND_D1BCC6,31,10,Product Manager,Master's,Zoom,82.44,0.742,13,99.79,100.0,Confident,14.85,4.12,49,0.243,88.95,Hired
CAND_224395,36,12,Marketing Analyst,PhD,Teams,178.08,0.595,0,97.28,79.26,Neutral,20.86,4.67,39,0.568,100.0,Hired
CAND_0905C5,20,3,Marketing Analyst,Bachelor's,Google Meet,,0.683,12,100.0,63.4,Confident,9.27,3.81,45,0.472,59.84,Rejected
CAND_88B42A,23,0,Sales Executive,Master's,Google Meet,68.99,0.526,8,100.0,100.0,Confident,16.01,4.21,41,0.236,75.38,Rejected
CAND_37718C,36,9,Sales Executive,Associate,Teams,53.38,0.769,6,81.64,73.28,Confident,25.09,4.56,50,0.312,66.23,Hired
CAND_49F479,34,15,Product Manager,Bachelor's,Zoom,45.84,0.339,5,96.27,87.79,Neutral,11.04,4.27,59,0.309,60.03,Rejected
CAND_3C220A,20,0,Product Manager,Master's,Zoom,61.07,0.485,9,96.29,74.45,Confident,10.76,4.47,68,0.696,75.66,Rejected
CAND_33F81E,36,14,Data Scientist,Bachelor's,Zoom,58.92,0.695,6,98.8,100.0,Confident,9.76,3.45,69,0.439,62.27,Rejected
CAND_FF86E7,35,9,HR Manager,Master's,Google Meet,52.07,0.95,14,100.0,,Confident,9.74,3.98,45,0.232,61.01,Rejected
CAND_22C7D2,44,24,Sales Executive,Associate,Teams,58.59,0.446,7,100.0,100.0,Confident,11.6,,39,0.363,63.68,Rejected
CAND_3A7069,35,14,Sales Executive,Associate,Google Meet,72.7,0.665,12,98.68,100.0,Confident,7.04,4.04,32,0.839,88.87,Hired
CAND_8D5045,34,12,Product Manager,Associate,Teams,,0.471,10,57.78,38.37,Neutral,39.63,5.22,52,0.626,53.32,Rejected
CAND_5C33A4,24,2,Product Manager,Master's,HireVue,69.9,0.533,4,100.0,100.0,Confident,7.16,3.86,42,0.154,76.93,Second Round
CAND_72B22C,34,10,Marketing Analyst,PhD,Teams,48.79,0.419,10,100.0,90.17,Confident,10.83,4.32,54,0.646,60.99,Rejected
CAND_DD3E0D,21,1,UX Designer,PhD,Zoom,74.81,0.539,5,100.0,80.16,Confident,26.18,5.72,54,0.495,82.3,Second Round
CAND_7F5D92,23,1,Product Manager,Bachelor's,Google Meet,37.97,0.771,14,80.26,75.92,Neutral,35.68,5.19,51,0.324,47.74,Rejected
CAND_92821E,42,25,Business Analyst,PhD,Teams,39.54,0.69,14,100.0,100.0,Confident,7.71,,62,0.379,58.47,Rejected
CAND_E185EF,41,22,Product Manager,Associate,Teams,50.54,0.728,7,86.69,47.37,Neutral,16.88,4.54,51,0.644,67.66,Rejected
CAND_97A2BC,23,4,HR Manager,Associate,HireVue,196.17,0.409,0,100.0,54.69,Confident,17.21,3.77,43,0.381,95.47,Hired
CAND_EE6E46,33,10,Sales Executive,PhD,Google Meet,71.11,0.569,7,78.76,35.83,Confident,32.19,4.9,59,0.418,86.44,Hired
CAND_9C2B1C,29,5,Sales Executive,Bachelor's,Teams,55.62,0.831,8,93.85,100.0,Confident,10.64,3.99,42,0.519,70.51,Rejected
CAND_71ED31,29,3,Business Analyst,Master's,Zoom,49.9,0.33,8,100.0,92.63,Confident,11.28,4.14,31,0.349,74.54,Second Round
CAND_53B5A3,20,0,HR Manager,PhD,Teams,55.04,0.581,8,100.0,89.43,Confident,8.41,3.64,35,0.402,66.55,Hired
CAND_72F1F7,25,1,Product Manager,Associate,Teams,71.47,,6,98.31,93.56,Neutral,29.59,6.65,43,0.61,70.33,Rejected
CAND_844922,37,15,Software Engineer,Associate,Google Meet,74.7,0.591,6,83.47,95.73,Confident,34.0,5.85,67,0.401,73.86,Rejected
CAND_877B4A,31,12,Marketing Analyst,PhD,Teams,76.22,0.629,2,87.29,68.47,Confident,35.08,5.07,47,0.485,80.53,Hired
CAND_68B3B1,23,9,HR Manager,Bachelor's,Google Meet,25.48,0.695,11,100.0,92.18,Confident,6.81,3.79,41,0.297,58.99,On Hold
CAND_4DBAF9,20,0,HR Manager,PhD,Google Meet,58.36,0.514,12,92.36,69.41,Confident,26.56,4.76,53,0.266,60.21,Rejected
CAND_7282F6,30,6,UX Designer,Master's,Zoom,45.28,0.891,6,70.05,76.6,Confident,43.18,5.65,50,0.781,50.19,Rejected
CAND_E391B6,28,4,Sales Executive,Bachelor's,Zoom,29.11,0.547,11,75.01,63.22,Neutral,41.06,5.51,46,0.614,42.05,Rejected
CAND_4AD1BE,39,15,UX Designer,Master's,Google Meet,43.79,0.79,11,79.53,76.19,Neutral,16.63,4.4,40,0.565,57.19,Rejected
CAND_5F6284,45,19,Product Manager,Associate,HireVue,65.33,0.359,7,93.98,100.0,Confident,30.39,4.92,46,0.56,75.02,Second Round
CAND_8CB0E4,36,11,UX Designer,PhD,Teams,206.9,0.48,0,98.53,91.96,Confident,,4.65,52,0.637,100.0,Second Round
CAND_BE5278,22,3,Sales Executive,PhD,Google Meet,40.0,0.417,6,99.89,,Confident,5.35,3.53,43,0.426,58.64,Rejected
CAND_0DAD7A,34,12,Data Scientist,Bachelor's,HireVue,42.12,0.5,6,100.0,83.16,Confident,20.23,5.29,39,0.73,55.51,Rejected
CAND_5CD9F2,21,2,Product Manager,Bachelor's,Google Meet,57.44,0.79,9,68.43,62.67,Neutral,40.86,4.92,60,0.562,61.36,On Hold
CAND_60C3F3,36,14,Sales Executive,PhD,Teams,76.43,0.732,6,97.03,100.0,Confident,9.93,3.7,49,0.481,83.83,Hired
CAND_E07DFF,20,0,Product Manager,Associate,Google Meet,61.66,0.562,8,91.27,87.8,Confident,14.08,4.13,37,0.514,68.58,Hired
CAND_BEF4C9,20,0,UX Designer,Master's,Zoom,,0.531,10,84.15,74.21,Neutral,41.81,5.51,41,0.288,67.22,Hired
CAND_20C405,37,17,Business Analyst,PhD,Zoom,42.91,0.858,8,94.2,97.97,Confident,36.72,6.83,38,0.708,55.0,Rejected
CAND_8CDC6D,24,3,Marketing Analyst,Associate,Teams,54.19,0.681,10,79.96,93.59,Neutral,27.53,5.82,23,0.512,52.3,Rejected
CAND_ADB926,29,4,UX Designer,Associate,HireVue,41.76,,11,83.91,72.85,Neutral,16.65,4.32,33,0.353,61.87,Rejected
CAND_1860C6,20,1,Sales Executive,PhD,Zoom,76.99,0.501,3,89.23,84.93,Confident,10.22,3.79,46,0.451,89.1,Hired
CAND_B64B85,35,18,HR Manager,Associate,HireVue,46.24,0.616,11,100.0,84.58,Confident,3.93,3.78,52,0.778,68.26,Hired
CAND_04145E,27,5,HR Manager,Bachelor's,Zoom,65.72,0.61,10,100.0,83.02,Confident,9.86,3.47,45,0.406,81.69,Second Round
CAND_38E490,37,11,Product Manager,Master's,Teams,28.26,0.478,17,77.66,84.8,Neutral,49.62,,27,0.576,33.16,Rejected
CAND_20A974,20,0,Product Manager,Bachelor's,Teams,,0.709,12,77.44,72.77,Neutral,34.44,6.4,39,0.513,53.05,Rejected
CAND_DCEAB6,25,2,Product Manager,Associate,Google Meet,36.03,0.744,8,100.0,80.89,Confident,5.44,4.1,45,0.449,53.86,Rejected
CAND_A38DAD,26,5,Marketing Analyst,Master's,Teams,81.8,0.427,3,100.0,,Confident,12.91,3.9,52,0.32,92.15,Hired
CAND_5BDC65,30,7,Marketing Analyst,PhD,HireVue,,0.713,5,100.0,98.91,Confident,1.92,4.17,53,0.55,94.82,Second Round
CAND_89133A,34,12,Software Engineer,Associate,HireVue,52.43,0.724,9,79.48,86.4,Neutral,34.45,5.92,48,0.335,56.37,Rejected
CAND_00DE2F,26,3,Marketing Analyst,PhD,Teams,57.05,0.59,9,100.0,100.0,Confident,11.44,3.79,40,0.635,63.32,Rejected
CAND_E8A77F,35,8,Marketing Analyst,PhD,Teams,56.37,0.713,6,100.0,68.71,Confident,10.05,4.23,46,0.516,66.18,Hired
CAND_0121CD,35,10,Marketing Analyst,Bachelor's,Zoom,72.6,0.831,11,100.0,96.63,Confident,11.84,3.92,29,0.312,74.53,Rejected
CAND_906845,23,0,HR Manager,PhD,Zoom,93.61,0.568,3,100.0,81.35,Confident,10.52,3.45,40,0.899,100.0,Hired
CAND_40B001,20,0,Product Manager,Bachelor's,Zoom,54.17,0.791,10,100.0,65.55,Confident,11.51,3.67,30,0.319,66.45,Second Round
CAND_8C56A9,39,14,Sales Executive,Bachelor's,HireVue,80.78,0.689,9,100.0,96.04,Confident,12.98,3.95,45,0.83,100.0,Hired
CAND_5CA7BF,31,12,UX Designer,Associate,Google Meet,81.06,0.281,6,84.73,87.27,Confident,28.09,5.47,52,0.212,100.0,Second Round
CAND_42151D,23,3,Data Scientist,Associate,Google Meet,47.35,0.582,12,100.0,77.51,Confident,16.28,4.11,30,0.586,53.85,Rejected
CAND_DB8B3C,26,7,Business Analyst,PhD,Teams,46.05,0.2,12,81.05,58.79,Confident,23.13,5.51,59,0.284,61.06,Rejected
CAND_53BAD2,33,8,Sales Executive,Master's,Zoom,,0.755,5,100.0,84.83,Confident,8.67,4.2,37,0.471,84.36,Hired
CAND_220254,24,6,UX Designer,Associate,Google Meet,71.62,,11,98.42,96.33,Confident,19.63,4.18,53,0.394,67.39,Second Round
CAND_6ADB4F,20,0,HR Manager,Associate,HireVue,57.33,0.481,15,86.74,69.36,Neutral,22.32,5.56,44,0.338,61.27,Rejected
CAND_683E98,25,1,Sales Executive,PhD,Teams,66.51,,8,100.0,100.0,Confident,,5.18,53,0.434,76.47,Second Round
CAND_FA5DF2,24,5,HR Manager,Bachelor's,Teams,51.87,0.464,9,76.08,75.14,Neutral,31.96,5.04,45,0.363,67.47,Rejected
CAND_6B3BCA,30,0,Sales Executive,PhD,Zoom,64.64,0.632,9,72.31,76.03,Neutral,46.46,6.4,38,0.518,64.02,Rejected
CAND_95D2B9,26,3,Software Engineer,PhD,Teams,73.41,,4,100.0,83.9,Confident,11.95,5.17,37,0.579,85.43,Hired
CAND_D08F28,23,5,Product Manager,Master's,Teams,36.03,0.559,9,88.6,83.23,Neutral,18.84,5.28,45,0.605,49.03,Rejected
CAND_C04983,20,2,Sales Executive,Associate,Zoom,,0.536,5,84.02,63.53,Neutral,27.37,4.68,42,0.506,81.91,Hired
CAND_FDD789,39,13,Data Scientist,Bachelor's,Zoom,76.01,0.732,9,100.0,94.93,Confident,17.01,3.91,54,0.365,85.0,Second Round
CAND_91EE26,35,18,Marketing Analyst,Bachelor's,Google Meet,32.75,0.684,5,78.22,86.61,Confident,23.6,4.84,37,0.6,38.84,Rejected
CAND_1C4531,46,27,UX Designer,Associate,Google Meet,60.53,0.682,10,76.63,81.59,Neutral,26.6,5.95,41,0.295,70.08,Rejected
CAND_B1031C,30,3,Data Scientist,PhD,Zoom,,0.793,6,96.83,80.43,Confident,29.19,5.0,69,0.425,69.7,Hired
CAND_6C3BFF,20,0,HR Manager,Bachelor's,HireVue,69.37,0.695,7,96.54,65.91,Confident,15.52,3.61,34,0.418,82.89,Rejected
CAND_61DF83,20,0,Marketing Analyst,Associate,Zoom,58.93,0.605,9,100.0,100.0,Confident,7.5,4.83,39,0.147,61.71,Rejected
CAND_428D46,29,8,Data Scientist,PhD,HireVue,72.3,0.618,9,76.95,56.82,Neutral,30.89,4.86,31,0.692,71.04,Rejected
CAND_AF79AB,24,5,Software Engineer,Associate,HireVue,63.79,0.651,7,73.94,46.76,Neutral,49.0,5.92,68,0.591,68.32,Rejected
CAND_FE7568,23,0,Sales Executive,Master's,HireVue,92.89,0.95,3,100.0,74.48,Confident,15.35,3.77,43,0.491,93.16,Hired
CAND_97B98C,28,4,HR Manager,Bachelor's,Zoom,75.8,0.598,5,72.42,91.6,Neutral,63.27,6.36,42,0.542,74.43,Hired
CAND_84FA21,30,7,Sales Executive,Master's,HireVue,42.46,,7,92.9,70.97,Confident,11.29,4.84,39,0.413,53.89,Rejected
CAND_D89F76,28,4,Product Manager,Bachelor's,Google Meet,53.25,0.881,13,76.47,56.95,Neutral,16.6,4.37,63,0.683,65.96,Rejected
CAND_55F1CF,40,19,Sales Executive,Master's,Google Meet,71.35,0.553,10,98.37,86.34,Neutral,19.18,5.41,53,0.249,84.45,Second Round
CAND_C7046A,25,3,Sales Executive,Bachelor's,Google Meet,91.64,0.583,2,88.93,83.84,Confident,20.42,4.81,61,0.331,90.38,Hired
CAND_44859B,20,2,UX Designer,Master's,HireVue,32.44,0.868,13,87.3,74.9,Confident,25.89,,39,0.341,46.27,Rejected
CAND_C165EF,21,1,Business Analyst,PhD,Zoom,45.2,0.907,15,97.33,69.34,Confident,24.95,4.45,45,0.871,63.02,Rejected
CAND_BF87CC,25,2,Sales Executive,Master's,Teams,31.04,0.815,9,95.47,85.68,Confident,21.96,5.31,61,0.535,39.82,Rejected
CAND_6B5EF6,23,1,Software Engineer,Associate,Google Meet,62.72,,9,66.85,52.53,Neutral,31.29,6.16,58,0.331,69.23,Second Round
CAND_781B66,23,1,HR Manager,Bachelor's,Zoom,59.53,0.445,10,71.66,52.73,Neutral,17.75,5.37,48,0.401,70.31,Rejected
CAND_A9F97F,32,12,Business Analyst,Associate,Teams,51.24,0.631,10,100.0,72.31,Confident,7.32,4.57,56,0.583,74.77,Rejected
CAND_08EF01,24,0,HR Manager,Associate,Google Meet,65.26,,10,100.0,94.1,Confident,16.34,,39,0.535,76.96,Rejected
CAND_EEFD56,20,0,UX Designer,Associate,Google Meet,55.1,0.804,9,67.63,48.94,Neutral,49.33,5.81,49,0.622,59.32,Rejected
CAND_5E6924,28,5,Software Engineer,Master's,HireVue,74.6,0.52,17,92.68,85.14,Neutral,16.43,3.77,38,0.42,81.29,Second Round
CAND_34B379,24,2,HR Manager,Associate,HireVue,50.69,0.46,12,100.0,80.43,Confident,4.43,4.15,70,0.209,77.45,Second Round
CAND_47251E,26,0,Business Analyst,Associate,Google Meet,50.71,0.655,8,94.39,51.95,Confident,20.66,4.51,54,0.702,64.39,Rejected
CAND_9B2B30,31,7,Sales Executive,Associate,HireVue,54.3,0.534,10,100.0,65.85,Confident,8.05,3.58,49,0.683,66.92,Rejected
CAND_F26F54,23,0,Marketing Analyst,Associate,Zoom,48.16,0.59,12,100.0,94.67,Confident,12.43,3.78,28,0.475,57.42,Rejected
CAND_48DA51,30,9,UX Designer,PhD,HireVue,81.53,,9,100.0,100.0,Confident,9.8,4.54,47,0.381,76.22,Rejected
CAND_1EF77D,30,7,Software Engineer,Master's,Google Meet,66.6,0.71,6,100.0,88.73,Confident,12.71,4.22,31,0.617,76.55,Second Round
CAND_4E3CE0,42,18,Product Manager,Bachelor's,Google Meet,138.75,0.687,1,100.0,77.4,Confident,16.38,,57,0.42,97.15,Hired
CAND_C44681,30,9,HR Manager,PhD,Teams,50.15,0.343,15,97.17,,Confident,16.1,4.34,51,0.457,70.85,Rejected
CAND_ED845F,34,9,Software Engineer,Master's,HireVue,43.62,,5,100.0,100.0,Confident,4.53,3.52,53,0.137,54.34,Rejected
CAND_77EAAE,24,1,Software Engineer,Associate,Zoom,55.32,0.359,6,100.0,85.39,Confident,7.68,3.46,30,0.297,63.17,Rejected
CAND_9B2907,28,6,UX Designer,PhD,HireVue,57.7,0.576,7,89.58,81.82,Confident,23.5,4.95,28,0.215,64.43,Rejected
CAND_36F336,28,12,Data Scientist,Master's,HireVue,58.43,0.591,7,90.81,79.14,Confident,16.02,4.22,45,0.649,61.45,Rejected
CAND_72F2B3,44,24,Software Engineer,PhD,Zoom,45.65,0.692,18,84.54,73.84,Confident,16.27,4.21,55,0.676,65.05,Second Round
CAND_08EC2E,23,4,UX Designer,Bachelor's,Google Meet,,0.652,6,100.0,71.32,Confident,13.39,3.8,37,0.432,65.04,Second Round
CAND_A8D806,34,11,HR Manager,Master's,Teams,49.83,0.481,9,56.5,62.02,Neutral,53.9,5.63,63,0.634,62.66,On Hold
CAND_30DF51,35,10,Software Engineer,PhD,Zoom,42.3,0.55,7,100.0,49.82,Confident,12.19,3.48,42,0.392,60.43,Rejected
CAND_13EB0B,30,7,Product Manager,Associate,Google Meet,78.97,0.536,6,61.52,42.54,Neutral,35.61,,53,0.566,83.71,Rejected
CAND_AF010C,26,2,Sales Executive,Associate,Teams,77.94,0.735,8,100.0,92.97,Confident,5.21,4.0,37,0.54,86.02,Hired
CAND_6A74E0,36,13,HR Manager,Associate,Google Meet,59.12,0.286,7,100.0,90.14,Confident,9.87,3.76,52,0.672,73.06,Second Round
CAND_B5FBC3,26,4,HR Manager,Associate,Zoom,75.76,0.794,1,100.0,99.02,Confident,,5.5,65,0.444,79.42,Second Round
CAND_C928B2,20,0,Product Manager,Associate,Teams,38.83,0.364,11,100.0,87.78,Confident,18.72,5.12,59,0.901,53.82,Rejected
CAND_D5E135,20,0,Sales Executive,PhD,Zoom,46.21,0.555,10,100.0,67.42,Confident,0.55,3.67,45,0.2,60.01,Rejected
CAND_E8091D,39,18,Software Engineer,PhD,Zoom,63.23,0.371,12,82.86,99.09,Confident,27.38,4.88,60,0.901,67.04,Hired
CAND_AD8D82,36,9,Software Engineer,Master's,HireVue,75.65,0.68,8,100.0,90.2,Confident,11.08,4.12,45,0.458,74.03,Hired
CAND_04C9E6,28,11,Data Scientist,PhD,Zoom,82.51,0.7,8,100.0,100.0,Confident,24.9,5.16,56,0.373,96.01,Hired
CAND_D2D3EA,27,4,Marketing Analyst,Associate,HireVue,60.42,0.411,7,100.0,89.22,Confident,14.88,3.98,44,0.082,77.45,Rejected
CAND_D74DE9,45,22,UX Designer,Master's,Zoom,76.79,0.663,9,100.0,71.03,Confident,25.8,,48,0.764,87.42,Hired
CAND_2B2891,34,11,Marketing Analyst,Master's,Google Meet,49.52,0.693,10,98.74,99.02,Confident,9.3,3.88,37,0.218,67.91,Second Round
CAND_C216E0,23,7,Business Analyst,PhD,HireVue,74.62,0.454,8,87.32,68.14,Confident,40.21,6.36,62,0.823,65.49,Rejected
CAND_FC0204,27,4,Business Analyst,Bachelor's,Google Meet,,0.669,8,100.0,94.63,Confident,7.38,,41,0.461,85.71,Hired
CAND_76BDE6,29,11,Product Manager,Associate,Zoom,83.73,0.597,6,89.17,85.66,Confident,11.64,6.33,58,0.473,100.0,Hired
CAND_C03FFC,26,1,HR Manager,Associate,Google Meet,51.99,0.505,6,100.0,90.12,Confident,6.06,4.44,39,0.602,64.15,Rejected
CAND_9E7F24,30,8,Sales Executive,Bachelor's,Zoom,92.17,0.627,5,100.0,60.91,Confident,13.56,4.05,58,0.611,100.0,Hired
CAND_66948A,25,4,Product Manager,Master's,HireVue,59.7,0.61,7,100.0,79.78,Confident,17.07,4.38,36,0.593,77.02,Rejected
CAND_3EDA2D,36,16,Data Scientist,Master's,Teams,77.69,0.408,5,99.1,56.79,Confident,30.65,5.53,24,0.913,97.93,Hired
CAND_DEBE65,20,3,Marketing Analyst,Bachelor's,Teams,,0.656,11,100.0,91.7,Confident,5.66,3.65,62,0.511,61.88,Rejected
CAND_B1E4C8,28,8,HR Manager,Associate,Zoom,71.06,0.662,6,100.0,100.0,Confident,18.41,4.54,41,0.3,85.32,Hired
CAND_2A10CF,37,12,Software Engineer,Associate,Zoom,42.97,0.378,11,91.67,67.69,Neutral,13.31,4.06,37,0.593,58.99,Rejected
CAND_255A46,50,27,HR Manager,PhD,Zoom,64.39,,7,100.0,87.98,Confident,3.97,3.72,37,0.682,82.5,Rejected
CAND_1B758F,20,0,Marketing Analyst,Bachelor's,HireVue,73.67,0.666,6,100.0,73.32,Confident,8.72,5.23,35,0.328,79.59,Second Round
CAND_DA1FA7,41,20,UX Designer,PhD,HireVue,51.84,0.2,19,73.08,56.8,Confident,48.66,6.56,39,0.624,60.38,Rejected
CAND_5343C7,27,3,UX Designer,Bachelor's,Teams,61.8,0.441,7,99.91,100.0,Confident,,5.39,60,0.16,68.7,Second Round
CAND_9C86A2,20,0,Sales Executive,Master's,HireVue,50.56,0.768,6,100.0,,Confident,8.96,3.7,57,0.531,67.03,Second Round
CAND_81E546,27,4,Marketing Analyst,Bachelor's,Google Meet,49.11,,6,100.0,100.0,Confident,9.34,3.85,29,0.596,64.9,Rejected
CAND_DFFCC2,30,5,Sales Executive,Master's,Zoom,48.98,0.605,17,48.39,53.25,Slouched,63.42,6.37,32,0.474,55.76,Rejected
CAND_FAE49A,22,0,Sales Executive,Master's,HireVue,41.88,0.796,10,100.0,92.81,Confident,14.8,4.03,53,0.424,63.55,Rejected
CAND_AA8142,34,11,UX Designer,Bachelor's,HireVue,55.06,0.462,13,100.0,100.0,Confident,14.57,4.65,34,0.646,67.22,Second Round
CAND_63219C,20,0,Marketing Analyst,PhD,Google Meet,37.92,0.607,9,100.0,76.97,Confident,8.76,3.45,27,0.317,49.99,Rejected
CAND_7F24C7,33,14,Business Analyst,Master's,Zoom,63.23,0.704,6,100.0,77.53,Confident,,5.01,38,0.098,86.4,Hired
CAND_1E1EAA,29,5,Software Engineer,Associate,Google Meet,57.44,0.356,12,99.04,,Confident,23.06,6.87,40,0.564,74.48,Hired
CAND_D85E22,22,0,Business Analyst,Master's,HireVue,77.63,0.587,6,94.67,100.0,Confident,31.82,4.83,36,0.407,85.18,Hired
CAND_C2083B,26,5,Data Scientist,PhD,Teams,71.21,0.652,7,99.18,83.63,Confident,19.89,3.83,35,0.269,72.26,Hired
CAND_86E149,40,18,Software Engineer,Master's,HireVue,78.89,0.431,7,100.0,100.0,Neutral,24.39,4.54,39,0.314,88.58,Hired
CAND_380E89,35,15,Software Engineer,Master's,Teams,53.14,0.625,11,98.96,100.0,Confident,17.82,4.5,55,0.598,75.43,Hired
CAND_0F195B,51,27,Business Analyst,PhD,Zoom,84.3,0.423,5,100.0,81.83,Confident,6.11,3.49,42,0.568,86.42,Hired
CAND_EEFC5C,31,10,Sales Executive,Bachelor's,Google Meet,58.9,0.563,6,99.89,91.51,Confident,21.44,4.67,42,0.842,69.78,Hired
CAND_2B552D,28,10,Product Manager,Associate,Teams,64.88,0.53,7,85.09,100.0,Neutral,,4.97,49,0.237,77.29,Hired
CAND_270C11,40,16,Product Manager,PhD,Teams,81.83,0.435,3,100.0,100.0,Confident,17.51,4.23,46,0.675,89.13,Second Round
CAND_3CB87F,35,13,Software Engineer,Bachelor's,Google Meet,65.08,0.501,6,87.12,53.32,Neutral,26.38,4.33,39,0.549,72.26,Second Round
CAND_D4CDB1,20,2,Product Manager,Bachelor's,HireVue,63.22,0.674,8,91.88,72.74,Confident,7.5,3.55,23,0.568,77.12,Hired
CAND_A92CC2,34,11,Software Engineer,PhD,Zoom,60.34,0.322,4,100.0,,Confident,17.0,4.43,38,0.251,80.0,Hired
CAND_2C5091,47,19,UX Designer,Bachelor's,Google Meet,58.31,0.593,10,100.0,100.0,Confident,3.58,3.43,44,0.625,57.74,On Hold
CAND_0DE206,31,5,Sales Executive,Master's,Google Meet,49.25,0.613,3,81.24,63.25,Confident,,5.8,36,0.807,67.04,Second Round
CAND_D1972F,35,13,Sales Executive,Master's,Teams,66.76,0.911,6,100.0,70.54,Confident,4.62,3.35,32,0.553,65.58,Second Round
CAND_A51D9E,33,7,Business Analyst,PhD,Teams,65.55,0.709,6,100.0,67.4,Confident,5.33,3.39,53,0.472,77.54,Rejected
CAND_8A5A2E,20,0,Business Analyst,Bachelor's,Teams,56.32,0.757,6,96.02,78.84,Confident,9.35,4.13,35,0.219,68.95,Hired
CAND_5B9B08,25,6,UX Designer,Master's,HireVue,92.38,0.399,5,100.0,87.73,Confident,,4.2,28,0.785,81.37,Rejected
CAND_1CF760,30,9,Business Analyst,Bachelor's,Google Meet,65.33,0.295,8,100.0,100.0,Confident,7.15,3.5,58,0.652,62.46,Rejected
CAND_3E0459,28,10,Business Analyst,Associate,HireVue,69.54,0.429,5,89.97,72.64,Neutral,23.5,5.59,46,0.468,72.4,Second Round
CAND_0E0819,20,0,Data Scientist,PhD,Google Meet,,0.456,14,90.09,90.3,Confident,19.86,4.28,48,0.931,74.37,Rejected
CAND_282D29,20,0,Software Engineer,Bachelor's,HireVue,66.44,0.763,9,78.89,,Neutral,30.96,6.1,27,0.274,80.19,Hired
CAND_CE19E8,27,6,Business Analyst,PhD,Google Meet,74.99,0.41,9,100.0,96.11,Confident,10.96,3.55,41,0.854,87.97,Hired
CAND_886B99,33,3,HR Manager,Bachelor's,Google Meet,75.03,0.527,4,100.0,100.0,Confident,18.83,3.66,42,0.027,83.04,Second Round
CAND_C75C01,40,18,Marketing Analyst,Bachelor's,Google Meet,30.3,0.721,10,93.59,100.0,Confident,21.68,4.63,45,0.738,54.95,Rejected
CAND_EE46DA,20,1,Product Manager,PhD,Google Meet,59.68,0.455,9,100.0,91.58,Confident,,4.91,27,0.49,70.12,Rejected
CAND_95D54E,39,15,UX Designer,PhD,Zoom,56.54,0.661,7,98.98,96.5,Confident,14.47,4.25,41,0.732,62.65,Rejected
CAND_8A66E3,39,16,Business Analyst,PhD,Google Meet,58.54,0.798,3,100.0,76.52,Confident,24.91,5.83,52,0.327,79.5,Second Round
CAND_EC7AAA,35,9,Business Analyst,PhD,Zoom,59.63,0.523,10,100.0,87.42,Confident,4.43,,36,0.319,74.74,Hired
CAND_B9132D,39,18,Product Manager,Master's,HireVue,85.64,,12,100.0,90.92,Confident,,3.97,60,0.455,83.64,Rejected
CAND_797D4D,27,4,Marketing Analyst,Associate,HireVue,62.83,0.312,6,100.0,100.0,Neutral,5.24,3.37,52,0.614,72.76,Second Round
CAND_56F325,25,6,Marketing Analyst,PhD,Teams,72.32,0.637,7,100.0,100.0,Confident,15.68,,36,0.007,75.1,Second Round
CAND_BBCA8F,26,1,Data Scientist,Master's,Teams,66.09,0.606,8,91.68,87.05,Confident,24.11,5.48,44,0.414,72.18,Rejected
CAND_EB7C3E,28,7,Marketing Analyst,Master's,HireVue,73.27,0.626,6,100.0,82.27,Neutral,29.27,4.68,31,0.481,86.65,Hired
CAND_0BD6EC,30,12,Software Engineer,Associate,Zoom,,0.648,14,80.71,72.36,Confident,27.24,5.62,58,0.511,43.8,Rejected
CAND_704488,32,5,Business Analyst,PhD,Google Meet,60.2,0.683,8,99.15,92.47,Confident,32.7,5.58,43,0.199,72.94,Second Round
CAND_DF7616,20,0,HR Manager,Associate,Google Meet,78.05,0.2,7,91.84,100.0,Confident,16.9,4.36,62,0.509,71.16,Rejected
CAND_7B0A73,30,10,Data Scientist,Associate,HireVue,68.26,0.828,7,63.87,59.27,Confident,59.29,6.98,47,0.521,59.79,Rejected
CAND_539B37,25,2,Business Analyst,Associate,HireVue,38.56,0.712,11,72.37,60.42,Neutral,20.16,3.85,46,0.145,51.42,Rejected
CAND_5FB56C,29,4,UX Designer,PhD,Zoom,51.19,0.521,9,81.95,79.39,Slouched,38.56,,40,0.521,60.08,Rejected
CAND_B3B45F,37,16,HR Manager,Associate,Google Meet,70.26,0.538,4,100.0,,Confident,,3.91,45,0.644,81.88,Second Round
CAND_3B1E9A,23,2,HR Manager,PhD,Zoom,52.46,0.528,8,100.0,100.0,Confident,10.11,4.7,44,0.736,60.94,Rejected
CAND_3C6455,26,9,Sales Executive,Master's,HireVue,81.7,0.633,6,100.0,100.0,Confident,12.22,3.85,51,0.493,73.49,Hired
CAND_C51224,25,1,Data Scientist,PhD,Google Meet,83.56,0.463,6,100.0,94.82,Confident,19.28,3.86,34,0.439,86.61,Hired
CAND_6F6770,20,2,UX Designer,PhD,Zoom,46.13,0.774,9,80.7,45.68,Confident,44.38,6.37,42,0.581,52.7,Rejected
CAND_9CFAEC,22,0,Software Engineer,Bachelor's,Google Meet,,0.49,10,100.0,94.24,Confident,,4.29,47,0.629,72.72,Rejected
CAND_65ED3C,22,5,Business Analyst,Master's,Google Meet,59.2,0.483,6,71.68,58.65,Neutral,42.32,5.88,42,0.162,76.68,Second Round
CAND_DAF839,23,0,Business Analyst,PhD,HireVue,69.01,0.798,9,100.0,100.0,Confident,9.68,3.88,46,0.216,70.17,Rejected
CAND_B999F0,32,10,HR Manager,Master's,Teams,83.52,0.738,6,100.0,100.0,Confident,8.43,3.93,43,0.686,83.45,Hired
CAND_E002E4,20,0,Sales Executive,Associate,HireVue,32.92,0.751,13,55.01,34.59,Neutral,62.89,6.05,60,0.88,37.03,Rejected
CAND_DF3521,34,8,Business Analyst,Bachelor's,Google Meet,49.19,0.227,5,100.0,81.36,Confident,18.78,3.96,42,0.171,61.95,Rejected
CAND_4AB836,31,4,Data Scientist,Bachelor's,HireVue,72.09,0.584,5,89.76,71.69,Neutral,40.89,,48,0.488,69.85,Rejected
CAND_B00648,23,0,UX Designer,Bachelor's,HireVue,29.41,0.639,10,78.89,51.99,Confident,30.82,5.2,32,0.593,41.77,On Hold
CAND_C7D300,31,8,Sales Executive,PhD,Teams,74.69,0.387,7,100.0,100.0,Confident,19.02,4.89,52,0.686,78.2,Second Round
CAND_3D3BE5,28,10,Sales Executive,Master's,Teams,65.9,0.482,10,100.0,88.13,Confident,23.68,4.32,48,0.669,75.11,Rejected
CAND_ECCA37,44,22,Software Engineer,Master's,Zoom,50.83,0.379,5,76.88,75.41,Neutral,31.75,5.35,52,0.181,51.37,Rejected
CAND_B28BEB,25,5,Software Engineer,PhD,Zoom,54.78,,12,100.0,93.2,Confident,11.91,4.34,35,0.546,81.91,Second Round
CAND_9B7E2C,22,3,Business Analyst,PhD,Teams,76.36,0.56,6,88.83,88.99,Confident,28.68,4.7,53,0.738,84.73,Hired
CAND_BD476D,37,17,Data Scientist,PhD,Teams,78.01,0.459,5,100.0,77.59,Confident,13.45,4.39,41,0.59,78.0,Hired
CAND_5E5634,38,18,Marketing Analyst,Bachelor's,Zoom,40.11,0.686,11,100.0,,Neutral,9.92,,40,0.54,54.49,Rejected
CAND_20A74F,37,13,UX Designer,Master's,HireVue,68.59,0.931,3,89.93,73.43,Confident,30.09,4.8,45,0.602,73.83,Hired
CAND_7E056E,34,11,Product Manager,Bachelor's,Teams,80.74,0.556,4,90.18,100.0,Neutral,21.34,4.76,54,0.701,86.25,Hired
CAND_8BD7E0,20,1,Sales Executive,Master's,Zoom,62.0,0.422,8,100.0,100.0,Confident,8.24,3.58,41,0.6,74.99,Rejected
CAND_DEC21D,38,19,UX Designer,PhD,Google Meet,75.47,0.585,5,81.25,82.87,Confident,35.45,5.01,55,0.531,72.78,Rejected
CAND_CB0BE0,24,0,Data Scientist,Associate,HireVue,70.53,0.42,8,96.32,94.32,Neutral,11.38,,24,0.434,85.01,Hired
CAND_047237,36,14,Marketing Analyst,Master's,Zoom,74.77,0.432,10,76.75,75.97,Confident,43.19,7.61,49,0.606,69.19,Hired
CAND_78B894,20,0,Data Scientist,Master's,Google Meet,60.95,0.377,3,100.0,80.39,Confident,0.82,3.23,38,0.714,73.55,Second Round
CAND_094CD6,23,3,HR Manager,PhD,HireVue,57.51,0.459,11,100.0,92.24,Neutral,12.31,4.08,59,0.341,66.85,Second Round
CAND_B1DDE9,28,3,HR Manager,PhD,Google Meet,47.27,0.49,7,100.0,89.87,Confident,12.25,4.09,43,0.72,57.49,Rejected
CAND_4A4EEE,42,14,Sales Executive,Master's,Teams,67.17,0.614,11,100.0,100.0,Confident,6.06,3.71,20,0.631,74.53,Second Round
CAND_F930B5,20,0,HR Manager,Associate,Teams,41.98,0.508,18,100.0,100.0,Confident,18.97,5.4,38,0.203,58.97,Rejected
CAND_E98969,21,0,Business Analyst,Bachelor's,HireVue,33.9,0.622,9,91.38,91.28,Confident,11.42,3.93,34,0.251,48.06,Rejected
CAND_C4E236,42,22,Marketing Analyst,Master's,Google Meet,,0.56,12,87.81,100.0,Confident,27.57,4.91,63,0.785,69.61,Second Round
CAND_8F372F,24,3,Data Scientist,PhD,Google Meet,43.22,0.503,13,100.0,88.49,Neutral,6.6,4.74,57,0.623,60.32,Rejected
CAND_71161E,29,10,Business Analyst,Master's,Zoom,,0.615,9,100.0,100.0,Confident,4.39,3.74,43,0.393,88.24,Hired
CAND_B1B835,23,0,HR Manager,Associate,Google Meet,45.18,0.795,11,100.0,,Confident,20.31,4.11,57,0.454,58.7,Rejected
CAND_930B4D,27,2,Marketing Analyst,Bachelor's,Teams,62.39,0.569,8,100.0,93.36,Confident,10.91,3.95,35,0.532,71.79,Hired
CAND_CA7C8D,29,5,Software Engineer,Associate,Google Meet,48.61,0.647,7,100.0,100.0,Confident,13.4,4.57,58,0.554,56.19,Rejected
CAND_BA0A26,31,5,HR Manager,Associate,HireVue,54.98,0.526,11,100.0,80.86,Confident,15.92,4.29,53,0.662,74.97,Rejected
CAND_5DB62C,32,5,Data Scientist,Bachelor's,Teams,31.97,0.522,17,85.11,56.63,Confident,34.66,4.63,35,0.554,48.16,Rejected
CAND_5C2D95,39,18,Product Manager,Master's,Teams,61.22,0.635,11,99.19,99.47,Confident,10.61,3.98,55,0.666,84.53,Rejected
CAND_B75B9D,29,8,Product Manager,Master's,Zoom,43.4,0.744,6,94.48,84.3,Confident,23.51,5.69,44,0.552,53.34,Rejected
CAND_593161,31,5,UX Designer,Associate,Google Meet,,0.698,5,81.48,76.66,Confident,30.56,4.95,60,0.0,76.72,Hired
CAND_94AB5A,40,15,Data Scientist,Master's,HireVue,59.32,0.567,11,98.4,89.51,Confident,13.81,4.58,34,0.746,56.62,Rejected
CAND_A96AE6,37,15,Business Analyst,Associate,Teams,44.22,0.513,9,100.0,83.23,Confident,19.5,4.54,54,0.866,57.93,Rejected
CAND_5BC857,24,0,Business Analyst,PhD,HireVue,,0.394,12,100.0,72.27,Confident,,5.44,52,0.742,72.92,Second Round
CAND_9FB50F,26,8,Sales Executive,Associate,Google Meet,76.08,0.483,15,94.55,79.48,Neutral,21.67,4.55,43,0.517,71.42,Second Round
CAND_F99020,23,2,HR Manager,Bachelor's,Zoom,69.96,0.638,5,90.94,100.0,Confident,30.1,5.44,33,0.417,78.46,Second Round
CAND_227E77,36,11,Product Manager,Associate,HireVue,52.39,0.734,6,65.58,62.77,Confident,44.53,6.08,48,0.577,59.33,Rejected
CAND_7D7C54,42,18,Marketing Analyst,PhD,Teams,62.72,0.419,7,85.81,83.22,Confident,33.98,5.29,24,0.641,65.67,Second Round
CAND_EAE607,33,11,Product Manager,Associate,Zoom,65.96,0.531,13,100.0,58.2,Confident,12.65,4.3,54,0.604,79.03,Hired
CAND_0A0E48,38,14,HR Manager,PhD,Teams,44.4,0.716,9,87.7,61.26,Confident,34.61,5.85,57,0.542,54.02,Rejected
CAND_B2DFB9,32,12,Product Manager,Bachelor's,Zoom,69.82,0.665,8,94.4,50.46,Neutral,15.28,4.57,58,0.344,73.49,Second Round
CAND_5AC961,24,2,HR Manager,Associate,Google Meet,59.79,0.585,14,100.0,71.93,Confident,17.43,5.57,29,0.947,72.64,Hired
CAND_9F0065,37,14,Business Analyst,Master's,Zoom,78.65,0.59,9,94.76,99.19,Confident,25.3,4.51,62,0.447,83.5,Hired
CAND_396D62,30,10,Data Scientist,PhD,Zoom,55.9,0.4,11,96.46,90.58,Confident,25.86,4.59,48,0.599,63.6,On Hold
CAND_6B27BC,33,10,Business Analyst,Bachelor's,Teams,61.65,0.723,14,100.0,100.0,Confident,15.2,4.21,58,0.201,68.17,Second Round
CAND_4AA079,23,5,Business Analyst,Bachelor's,Zoom,65.92,0.454,12,90.54,98.49,Confident,33.66,5.2,50,0.396,67.91,Rejected
CAND_1EA1DD,20,0,Product Manager,Master's,HireVue,84.73,0.412,6,100.0,100.0,Confident,21.95,4.32,62,0.419,67.31,Hired
CAND_C3E4D5,37,15,UX Designer,Master's,HireVue,76.09,0.612,6,86.2,97.99,Confident,21.01,4.62,44,0.541,85.47,Hired
CAND_39487E,20,0,Software Engineer,PhD,Teams,57.54,0.489,11,90.19,,Neutral,31.91,6.47,39,0.485,63.42,Rejected
CAND_E734B9,26,2,Data Scientist,Bachelor's,HireVue,46.45,0.398,10,100.0,68.36,Confident,5.31,3.41,42,0.579,66.58,Rejected
CAND_3224B0,25,4,Data Scientist,Associate,Zoom,58.5,0.712,5,75.81,66.73,Neutral,46.05,5.41,42,0.427,50.74,Rejected
CAND_376281,35,14,Product Manager,Bachelor's,Google Meet,63.55,0.684,12,87.28,62.79,Confident,18.02,3.98,40,0.502,75.97,Hired
CAND_53C105,25,3,Marketing Analyst,Associate,Google Meet,67.4,0.501,9,100.0,94.94,Confident,11.26,,64,0.627,75.99,Rejected
CAND_8C6658,20,0,Business Analyst,Master's,HireVue,58.34,0.666,9,100.0,,Confident,17.85,3.97,34,0.265,73.37,Hired
CAND_1DD416,27,0,HR Manager,Bachelor's,Zoom,80.58,0.643,4,79.05,78.17,Neutral,26.11,4.79,22,0.637,53.69,Rejected
CAND_D25CAF,20,0,Business Analyst,Master's,Zoom,69.94,0.494,8,100.0,89.85,Confident,12.11,3.92,50,0.663,84.48,Hired
CAND_CFF23A,39,21,Sales Executive,Associate,Google Meet,39.41,0.605,13,74.45,77.18,Neutral,43.34,5.59,36,0.301,45.51,Rejected
CAND_D4F85B,44,26,HR Manager,Bachelor's,Zoom,57.88,0.517,12,85.28,67.02,Confident,40.89,5.88,47,0.6,70.67,Hired
CAND_4C9806,25,1,Product Manager,Bachelor's,HireVue,36.59,0.615,13,54.67,,Slouched,72.75,8.35,55,0.488,29.58,Rejected
CAND_3055F0,24,2,Marketing Analyst,PhD,Teams,54.78,0.431,14,72.92,63.45,Neutral,30.16,5.28,35,0.267,67.14,Second Round
CAND_5E2959,30,7,Sales Executive,Master's,Teams,50.87,0.637,12,82.15,85.51,Neutral,28.63,6.15,34,0.441,62.98,Rejected
CAND_A6C6E8,33,5,Data Scientist,Master's,HireVue,71.24,0.713,10,100.0,,Confident,5.57,3.45,51,0.627,75.48,Hired
CAND_8E81A0,26,4,Product Manager,Associate,HireVue,53.48,,9,100.0,100.0,Confident,12.19,4.63,41,0.575,50.47,Rejected
CAND_B0DCC9,38,16,Software Engineer,Master's,Teams,59.39,0.79,10,100.0,100.0,Confident,12.18,3.87,59,0.767,75.35,Second Round
CAND_CA7676,31,9,HR Manager,PhD,Google Meet,67.64,0.638,5,100.0,89.45,Confident,5.76,3.72,61,0.433,83.85,Hired
CAND_4E6D6D,40,18,Product Manager,PhD,HireVue,69.99,0.626,10,100.0,86.28,Confident,20.95,5.08,37,0.374,75.14,Second Round
CAND_EEFB71,20,0,HR Manager,Associate,Teams,27.07,0.528,7,93.44,54.78,Confident,15.37,3.88,40,0.808,52.09,Rejected
CAND_3B3356,30,11,UX Designer,Associate,HireVue,63.95,0.473,8,81.35,92.81,Neutral,24.12,4.36,39,0.714,72.4,Rejected
CAND_154C0A,37,17,Sales Executive,PhD,Zoom,68.48,0.581,4,98.2,100.0,Confident,16.77,4.81,54,0.686,77.49,Hired
CAND_B7118A,41,25,HR Manager,Associate,Zoom,26.92,0.609,16,100.0,97.12,Confident,2.01,3.14,54,0.738,72.66,Second Round
CAND_33E105,27,4,Business Analyst,Associate,Zoom,79.42,0.6,7,63.21,48.79,Confident,52.6,6.05,40,0.389,84.47,Hired
CAND_2AC54B,21,0,Data Scientist,Bachelor's,HireVue,47.53,0.49,9,77.89,84.55,Confident,32.13,5.18,41,0.504,48.81,Rejected
CAND_EA7048,30,8,UX Designer,Master's,Teams,41.66,0.601,13,85.8,90.11,Neutral,10.21,3.74,48,0.483,53.39,Rejected
CAND_01656C,36,14,UX Designer,Master's,Zoom,23.87,0.95,10,79.12,47.75,Neutral,22.67,4.12,21,0.344,41.84,Rejected
CAND_5EE04A,32,10,Marketing Analyst,PhD,Google Meet,77.18,0.526,3,100.0,100.0,Confident,7.17,4.63,51,0.627,77.36,Second Round
CAND_98F489,34,10,Business Analyst,Associate,Zoom,48.47,0.63,10,96.4,97.56,Confident,10.24,3.84,51,0.692,65.52,Second Round
CAND_0C7CFE,20,0,UX Designer,Master's,Zoom,53.46,0.722,7,100.0,89.2,Confident,2.72,4.44,36,0.395,61.94,Rejected
CAND_01EADE,27,2,Product Manager,PhD,Teams,46.58,0.607,8,100.0,100.0,Confident,5.88,4.28,25,0.829,58.91,Rejected
CAND_D8F6C0,29,2,HR Manager,PhD,Google Meet,56.23,0.652,8,90.2,86.19,Neutral,18.48,4.38,60,0.785,74.33,Second Round
CAND_A51036,35,13,Software Engineer,Master's,Zoom,51.95,0.412,8,100.0,68.51,Confident,19.08,7.55,57,0.464,71.57,Rejected
CAND_12A1B9,23,0,Data Scientist,PhD,Google Meet,82.26,0.772,6,83.3,51.95,Confident,,6.02,54,0.914,91.94,Hired
CAND_EDF70C,26,2,Business Analyst,Bachelor's,Zoom,70.78,0.695,4,100.0,75.9,Confident,12.2,4.55,38,0.639,82.77,Hired
CAND_A27A0F,20,0,HR Manager,PhD,Teams,60.6,0.641,11,79.47,62.16,Neutral,28.68,4.97,50,0.573,62.0,Rejected
CAND_C84923,33,11,UX Designer,Master's,Zoom,82.3,0.5,9,87.41,78.49,Confident,38.29,5.53,38,0.435,77.32,Second Round
CAND_9A08B1,46,27,Business Analyst,PhD,Teams,,0.468,9,80.3,,Slouched,30.07,5.9,42,0.479,76.72,Rejected
CAND_5D9D17,43,18,Software Engineer,PhD,Zoom,59.38,0.788,15,98.21,61.39,Confident,11.57,4.48,45,0.546,82.2,Hired
CAND_26BABD,28,7,UX Designer,Associate,HireVue,57.64,0.544,5,70.48,53.9,Slouched,38.45,4.74,38,0.282,66.43,Second Round
CAND_55AB87,33,11,Product Manager,Bachelor's,HireVue,67.94,0.565,11,78.66,,Neutral,30.24,6.12,30,0.376,66.59,Rejected
CAND_5E0C14,35,8,Software Engineer,Bachelor's,Teams,15.78,0.689,14,92.96,94.58,Confident,19.66,5.3,42,0.642,40.89,Rejected
CAND_6BFFD1,20,3,Product Manager,Master's,Teams,70.1,,14,100.0,78.06,Confident,15.33,6.45,38,0.833,81.69,Rejected
CAND_4F994A,26,1,Sales Executive,Bachelor's,HireVue,69.52,0.704,11,79.12,68.12,Confident,37.53,5.42,32,0.704,72.95,Rejected
CAND_522966,26,6,Business Analyst,Associate,Zoom,91.57,0.613,6,87.83,83.29,Neutral,35.14,5.31,49,0.488,91.82,Hired
CAND_B02079,20,0,Business Analyst,Bachelor's,Google Meet,51.7,0.549,12,88.96,59.21,Confident,9.22,3.76,36,0.338,64.92,Rejected
CAND_C1889C,22,0,UX Designer,Master's,Zoom,80.93,0.612,7,99.2,100.0,Confident,24.76,6.05,61,0.739,97.07,Hired
CAND_4777C8,25,0,Software Engineer,PhD,Google Meet,73.39,0.626,8,92.25,64.02,Confident,8.6,3.96,38,0.549,84.5,Hired
CAND_5EC583,36,13,HR Manager,Master's,Teams,74.03,0.529,6,100.0,88.96,Confident,16.06,3.94,41,0.873,85.9,Hired
CAND_29CD81,34,12,UX Designer,Associate,Google Meet,81.54,0.678,11,100.0,66.31,Confident,,3.63,44,0.877,88.19,Second Round
CAND_ED5908,47,23,Marketing Analyst,PhD,Zoom,72.02,0.515,6,94.78,79.96,Confident,24.67,4.41,55,0.299,83.87,Hired
CAND_216618,20,0,Marketing Analyst,PhD,Teams,68.44,0.738,10,100.0,77.75,Confident,14.17,,64,0.628,74.65,Rejected
CAND_04CBB2,28,7,UX Designer,PhD,HireVue,40.45,,15,74.58,73.71,Neutral,31.19,5.1,36,0.367,50.9,Rejected
CAND_4851EF,30,12,Business Analyst,Bachelor's,Google Meet,100.43,0.718,3,87.87,48.36,Neutral,33.93,5.9,46,0.531,73.64,Second Round
CAND_6055F4,32,9,Sales Executive,PhD,HireVue,71.85,0.609,9,100.0,,Confident,9.55,4.78,45,0.392,86.01,Hired
CAND_E4C68E,37,15,Product Manager,Associate,Zoom,59.66,0.895,6,77.13,50.03,Neutral,24.04,4.79,54,0.448,63.25,Rejected
CAND_6437E8,34,14,HR Manager,Bachelor's,Teams,39.65,0.492,8,100.0,88.96,Confident,9.17,3.69,33,0.318,54.65,Rejected
CAND_5B9E90,24,6,HR Manager,Bachelor's,Zoom,68.81,0.709,8,70.11,69.47,Neutral,37.44,5.73,40,0.453,65.16,Rejected
CAND_BD15ED,29,5,Software Engineer,Bachelor's,Zoom,89.69,0.498,5,93.11,72.25,Confident,22.15,4.52,55,0.338,88.5,Hired
CAND_520DC6,33,6,UX Designer,Associate,Zoom,,0.689,12,100.0,100.0,Confident,11.74,3.95,49,0.679,56.22,Rejected
CAND_00CABC,33,4,Marketing Analyst,Bachelor's,Zoom,79.94,0.554,3,100.0,65.03,Confident,4.71,3.77,38,0.399,86.62,Second Round
CAND_0ED3AE,27,3,UX Designer,Master's,HireVue,49.16,0.522,8,70.31,56.2,Neutral,41.31,6.52,53,0.264,52.87,On Hold
CAND_E0451A,20,2,Product Manager,Bachelor's,Google Meet,79.94,0.439,8,82.59,66.17,Confident,37.92,5.42,28,0.372,79.89,Rejected
CAND_308076,37,11,Sales Executive,Associate,HireVue,82.82,0.628,9,96.83,78.48,Confident,35.36,4.85,42,0.422,90.88,Hired
CAND_153BF4,33,11,Data Scientist,PhD,HireVue,68.68,0.431,5,86.17,76.34,Confident,21.0,4.73,43,0.672,67.1,Hired
CAND_8129EF,37,12,Product Manager,Bachelor's,Zoom,42.92,0.393,12,100.0,89.75,Confident,2.89,3.31,39,0.767,55.26,Rejected
CAND_9C8EA1,20,0,HR Manager,PhD,HireVue,65.09,0.742,9,98.67,86.92,Confident,12.36,3.72,37,0.738,82.65,Second Round
CAND_8B4D15,31,14,Business Analyst,PhD,HireVue,132.1,0.803,2,69.84,59.21,Confident,35.32,4.69,20,0.476,85.65,Hired
CAND_A2FA52,21,0,Data Scientist,Master's,Teams,46.84,0.836,14,82.84,51.97,Confident,,4.57,48,0.924,55.07,Rejected
CAND_F465A1,21,0,Data Scientist,Master's,Google Meet,74.96,0.56,9,61.46,63.8,Neutral,62.22,6.11,50,0.431,64.21,Rejected
CAND_1C8AD9,20,0,Sales Executive,PhD,Teams,69.11,0.779,11,100.0,100.0,Neutral,9.81,5.75,32,0.573,81.57,Rejected
CAND_DDD1E0,28,4,Sales Executive,PhD,Zoom,51.94,0.782,10,100.0,100.0,Confident,6.98,3.68,39,0.677,66.83,Hired
CAND_342F30,28,6,Marketing Analyst,Associate,HireVue,84.07,0.459,8,76.75,70.08,Confident,44.91,6.36,20,0.597,66.98,Rejected
CAND_4D8FBE,29,3,Data Scientist,Master's,Zoom,57.97,0.662,7,100.0,97.52,Confident,7.45,3.57,57,0.546,66.0,Rejected
CAND_7F74E4,20,0,Sales Executive,PhD,HireVue,40.94,0.584,14,100.0,100.0,Confident,13.13,,61,0.516,52.91,Rejected
CAND_CA276A,33,11,Business Analyst,PhD,Teams,43.87,0.546,12,100.0,83.47,Neutral,8.33,3.94,58,0.192,64.39,Rejected
CAND_EB441E,31,13,Sales Executive,Bachelor's,Teams,53.95,0.539,9,91.72,77.22,Confident,31.89,,34,0.389,59.04,Rejected
CAND_3282EE,40,16,Data Scientist,Master's,Zoom,58.22,0.347,8,100.0,87.15,Confident,3.96,4.31,24,0.672,67.23,Hired
CAND_D30749,32,10,HR Manager,Bachelor's,Teams,37.69,0.701,11,93.59,61.81,Confident,23.14,4.52,58,0.469,60.18,Rejected
CAND_109828,29,6,Data Scientist,Associate,Teams,82.77,0.837,9,100.0,100.0,Confident,20.63,4.99,43,0.331,90.51,Hired
CAND_A829B6,32,9,Software Engineer,Master's,Zoom,58.86,0.502,13,100.0,88.29,Confident,20.66,5.42,34,0.632,67.45,Hired
CAND_DE26DF,48,29,Sales Executive,Master's,Zoom,58.76,0.95,7,97.43,68.67,Confident,22.06,4.83,36,0.243,73.92,Rejected
CAND_30BD85,33,15,Product Manager,Associate,Google Meet,59.79,0.591,6,100.0,,Confident,,3.7,46,0.676,71.85,Second Round
CAND_67FBFA,26,0,Business Analyst,Master's,HireVue,70.76,0.535,9,100.0,100.0,Confident,21.82,4.67,44,0.734,81.59,Second Round
CAND_FE4525,20,0,Product Manager,PhD,HireVue,74.27,0.658,12,100.0,77.44,Confident,5.97,3.56,44,0.292,79.56,Hired
CAND_E59EC9,37,9,Data Scientist,Master's,Teams,81.99,0.781,8,87.33,,Neutral,14.91,4.15,47,0.436,92.86,Hired
CAND_1BD4F1,21,0,UX Designer,PhD,Google Meet,43.88,0.661,15,100.0,100.0,Confident,9.1,4.08,60,0.586,56.33,Rejected
CAND_63237E,33,15,Product Manager,Master's,Teams,58.76,0.669,9,100.0,100.0,Confident,12.07,6.91,38,0.639,68.08,Hired
CAND_89D282,20,0,Sales Executive,Associate,HireVue,60.63,0.676,8,100.0,98.69,Neutral,16.5,3.77,31,0.775,74.83,Hired
CAND_CBED8A,20,0,UX Designer,PhD,HireVue,50.74,0.711,14,63.68,42.89,Neutral,53.33,6.98,52,0.982,62.06,Rejected
CAND_F53BD7,36,11,Software Engineer,PhD,Google Meet,56.06,,5,93.48,70.43,Confident,9.89,3.48,41,0.091,76.84,Rejected
CAND_976C72,41,23,Sales Executive,Associate,Zoom,67.72,0.613,5,100.0,100.0,Confident,16.57,5.2,35,0.314,84.31,Rejected
CAND_4ABB21,28,2,Data Scientist,Master's,Google Meet,72.41,0.626,14,100.0,95.56,Confident,22.37,4.81,44,0.817,77.83,Hired
CAND_73CE47,22,0,UX Designer,PhD,Teams,48.54,0.554,11,100.0,70.39,Neutral,9.35,3.81,25,0.569,57.58,Rejected
CAND_0C6C61,31,13,Data Scientist,Bachelor's,Google Meet,60.44,0.347,8,100.0,100.0,Confident,18.13,4.34,60,0.514,76.44,Rejected
CAND_5ADB21,32,8,Product Manager,Associate,Teams,75.06,0.822,9,100.0,84.7,Confident,6.73,3.69,47,0.838,80.34,Hired
CAND_2DDA62,31,8,Software Engineer,Master's,HireVue,63.8,0.43,7,100.0,95.16,Confident,25.45,5.6,35,0.658,72.61,Second Round
CAND_C8A01D,36,16,Sales Executive,PhD,HireVue,,0.673,10,100.0,100.0,Confident,4.61,,41,0.664,71.81,Second Round
CAND_4F5C36,51,33,Marketing Analyst,Master's,Teams,57.36,0.95,10,100.0,85.53,Confident,6.11,3.87,54,0.474,75.89,Rejected
CAND_C69482,34,13,HR Manager,Associate,Zoom,31.64,0.454,6,83.57,97.6,Confident,27.07,4.98,56,0.368,46.22,Rejected
CAND_8A885C,27,4,Business Analyst,PhD,Zoom,59.56,0.528,15,90.86,99.04,Neutral,18.58,4.72,39,0.536,66.6,Rejected
CAND_EDD11D,38,13,UX Designer,PhD,Google Meet,,0.572,8,92.31,87.22,Confident,32.03,4.72,29,0.393,66.44,Second Round
CAND_72E1A9,20,0,Data Scientist,Bachelor's,Google Meet,53.96,0.95,11,99.1,86.09,Confident,,3.79,53,0.36,67.53,Hired
CAND_1D67D8,33,9,Sales Executive,PhD,Teams,59.67,0.689,7,100.0,82.02,Confident,24.37,4.6,36,0.396,66.6,Second Round
CAND_3F7A49,26,5,Product Manager,Bachelor's,Zoom,67.97,0.518,8,98.73,100.0,Confident,17.42,4.7,47,0.4,81.98,Rejected
CAND_C925AE,31,9,Data Scientist,Associate,Zoom,62.4,0.814,8,96.19,94.0,Confident,30.06,5.96,25,0.742,77.76,Rejected
CAND_E7B19C,23,0,UX Designer,PhD,HireVue,70.54,0.625,7,100.0,100.0,Confident,8.95,3.86,52,0.424,85.09,Hired
CAND_2F62D2,39,18,Marketing Analyst,Bachelor's,Zoom,73.77,0.536,10,100.0,65.14,Confident,3.8,3.34,52,0.577,93.53,Hired
CAND_5841BC,41,21,Sales Executive,Bachelor's,Teams,73.84,0.636,6,92.95,62.55,Neutral,22.1,,39,0.727,82.91,Rejected
CAND_F5A03B,24,2,HR Manager,Bachelor's,Zoom,,0.439,8,98.62,68.72,Confident,17.35,4.08,42,0.3,71.1,Second Round
CAND_0DEBDC,27,5,Marketing Analyst,Master's,HireVue,87.78,0.909,7,100.0,100.0,Confident,9.06,5.33,49,0.094,87.63,Hired
CAND_65D6DA,21,0,Business Analyst,PhD,HireVue,78.68,0.843,4,90.31,82.75,Neutral,14.99,4.55,23,0.408,84.33,Second Round
CAND_B1BC29,27,2,Product Manager,Bachelor's,Teams,74.97,0.552,9,100.0,90.8,Confident,10.52,,71,0.349,94.23,Second Round
CAND_904A5E,37,15,HR Manager,Master's,Teams,38.03,0.748,4,63.47,56.32,Neutral,33.25,5.6,44,0.737,51.45,Rejected
CAND_D8E972,34,13,Software Engineer,Associate,Zoom,34.3,0.709,10,100.0,100.0,Confident,6.37,3.62,37,0.201,58.58,Rejected
CAND_56F1E5,27,0,Marketing Analyst,Master's,Google Meet,63.32,0.577,6,98.15,88.77,Confident,24.83,4.5,49,0.248,77.76,Hired
CAND_D9B4EF,24,2,Business Analyst,PhD,HireVue,44.77,0.333,11,82.53,100.0,Confident,19.69,4.53,56,0.538,54.95,Rejected
CAND_BFC793,37,15,Software Engineer,Associate,Zoom,38.68,0.333,9,100.0,100.0,Confident,13.77,4.4,61,0.213,50.21,Rejected
CAND_D70D81,23,0,Data Scientist,Bachelor's,HireVue,83.33,0.814,4,89.7,94.99,Neutral,42.89,5.73,32,0.572,74.3,Hired
CAND_6006BB,32,14,Data Scientist,Associate,Teams,75.15,0.76,6,100.0,39.4,Confident,18.25,5.5,46,0.479,77.99,Second Round
CAND_51F606,42,18,Marketing Analyst,Bachelor's,Teams,66.2,0.699,10,93.31,100.0,Confident,15.94,4.72,53,0.657,75.99,Hired
CAND_CDE29D,20,0,Data Scientist,Associate,Google Meet,,0.751,0,100.0,100.0,Confident,,4.05,41,0.526,100.0,Hired
CAND_2D1F4D,20,0,Software Engineer,PhD,HireVue,55.47,0.674,3,68.76,,Neutral,38.41,5.9,42,0.439,48.8,Rejected
CAND_96A026,31,9,Business Analyst,PhD,Zoom,41.89,0.702,12,100.0,79.05,Confident,9.15,4.69,44,0.128,61.5,Rejected
CAND_4B693C,34,12,HR Manager,Associate,Google Meet,49.31,0.457,11,85.33,52.38,Neutral,20.95,4.71,35,0.055,53.81,Rejected
CAND_70EEAE,21,3,Business Analyst,Bachelor's,Google Meet,66.31,0.632,6,98.16,61.35,Confident,,4.3,30,0.459,88.54,Second Round
CAND_D4270A,26,7,Business Analyst,Bachelor's,HireVue,39.3,0.557,19,100.0,,Confident,10.94,5.45,52,0.173,58.8,Rejected
CAND_F6A8A2,26,8,Business Analyst,Associate,Teams,46.58,0.41,10,83.21,75.27,Neutral,26.1,4.5,44,0.473,51.65,On Hold
CAND_8D9EF9,25,0,Business Analyst,Master's,Google Meet,69.29,0.446,7,100.0,54.77,Confident,8.08,4.48,46,0.446,77.74,Rejected
CAND_EAC6BA,20,0,Data Scientist,Bachelor's,Google Meet,22.39,0.575,9,88.01,37.06,Neutral,17.5,4.41,42,0.634,39.9,Rejected
CAND_7AEF45,25,0,Marketing Analyst,Bachelor's,Google Meet,65.36,0.704,7,100.0,86.52,Confident,17.42,4.08,47,0.266,84.35,Rejected
CAND_23B7CF,25,0,Data Scientist,Master's,Google Meet,58.49,0.611,8,76.19,,Neutral,20.4,5.09,48,0.323,47.53,On Hold
CAND_0C9C69,41,25,UX Designer,Bachelor's,Google Meet,32.83,0.505,12,71.78,67.4,Confident,21.22,5.3,50,0.424,42.62,Rejected
CAND_805400,37,15,Business Analyst,Master's,Zoom,89.02,0.432,8,89.23,66.61,Neutral,15.46,4.37,62,0.452,84.69,Second Round
CAND_F59F40,36,13,Software Engineer,Bachelor's,HireVue,76.83,0.542,9,100.0,89.78,Neutral,16.47,4.03,36,0.589,100.0,Hired
CAND_35F885,27,1,Product Manager,Bachelor's,Google Meet,59.29,0.564,8,86.97,80.17,Confident,31.27,4.67,25,0.547,70.56,Hired
CAND_D1B2BC,25,0,HR Manager,Associate,Google Meet,53.42,0.675,11,100.0,100.0,Confident,7.51,3.39,46,0.215,77.37,Second Round
CAND_740329,25,3,Data Scientist,Master's,HireVue,71.78,0.317,9,88.61,96.0,Confident,21.69,6.39,54,0.627,68.62,Rejected
CAND_F796F1,26,5,Data Scientist,Master's,HireVue,63.28,0.557,8,100.0,87.21,Confident,14.54,4.33,48,0.285,80.02,Rejected
CAND_52B9C2,46,27,Data Scientist,Associate,Google Meet,41.29,0.342,5,85.54,91.21,Confident,19.38,4.13,27,0.604,62.62,Rejected
CAND_49C6F4,20,6,Data Scientist,PhD,Teams,57.27,0.555,8,100.0,84.47,Confident,20.03,4.18,46,0.245,71.96,Rejected
CAND_F6F019,22,5,Data Scientist,Bachelor's,Zoom,57.38,0.717,10,82.32,100.0,Confident,16.42,4.29,40,0.54,65.82,Rejected
CAND_0CD577,26,7,Business Analyst,Master's,Teams,36.49,0.407,5,100.0,94.18,Confident,3.89,3.4,30,0.66,49.54,On Hold
CAND_3B066D,27,6,Product Manager,Master's,Google Meet,68.05,0.727,10,57.65,50.47,Slouched,49.6,7.2,48,0.439,60.86,Rejected
CAND_4BA1C9,21,0,Software Engineer,Master's,Teams,65.89,0.661,9,84.58,90.75,Confident,33.16,4.8,36,0.705,69.77,Second Round
CAND_6911C2,20,0,Marketing Analyst,Associate,Teams,73.99,0.626,5,93.27,62.51,Confident,19.17,4.74,20,0.489,77.73,Rejected
CAND_8D42F6,20,0,Data Scientist,Master's,Teams,73.7,0.655,10,82.13,58.59,Confident,26.34,5.75,51,0.53,75.83,Second Round
CAND_F354D8,29,11,Marketing Analyst,Master's,Teams,134.2,0.738,2,100.0,81.01,Confident,8.17,3.95,42,0.548,100.0,Hired
CAND_ED4019,32,12,Software Engineer,Associate,HireVue,59.17,0.668,13,93.69,100.0,Confident,13.37,4.11,36,0.171,73.07,Second Round
CAND_B5CBAD,36,14,Product Manager,Master's,HireVue,53.91,0.573,10,100.0,81.6,Neutral,3.6,3.54,54,0.705,65.57,Second Round
CAND_49305A,20,0,HR Manager,Associate,HireVue,,0.626,8,100.0,,Confident,26.25,4.86,25,0.498,85.52,Hired
CAND_05E12E,23,0,Sales Executive,Associate,Teams,47.58,0.544,3,100.0,100.0,Confident,18.87,4.27,44,0.458,62.18,Rejected
CAND_ABCD68,20,0,Business Analyst,Master's,Google Meet,54.27,0.549,7,90.07,85.91,Confident,6.23,3.64,34,0.444,68.23,Second Round
CAND_044811,20,0,Software Engineer,Master's,Teams,60.05,0.616,4,100.0,70.09,Confident,13.61,4.11,37,0.58,79.8,Hired
CAND_7CD2F8,36,9,Data Scientist,Bachelor's,HireVue,56.77,0.481,13,88.76,85.44,Confident,20.23,4.96,54,0.431,67.95,Second Round
CAND_1685BB,42,21,Marketing Analyst,Associate,Teams,71.18,0.617,12,82.34,77.4,Neutral,30.28,7.77,51,0.589,70.96,Hired
CAND_F5C81F,20,1,HR Manager,PhD,Google Meet,68.97,0.696,4,100.0,82.55,Confident,8.49,,28,0.722,77.54,Hired
CAND_5DC95B,32,10,UX Designer,Master's,HireVue,73.62,0.354,7,100.0,,Neutral,6.37,3.69,42,0.499,80.77,Second Round
CAND_E155EC,26,5,UX Designer,PhD,Teams,55.89,0.692,10,67.95,67.36,Neutral,36.69,6.03,53,0.51,67.96,Second Round
CAND_C9DE74,47,22,Data Scientist,Master's,Teams,59.24,0.621,6,92.79,100.0,Confident,38.64,5.13,38,0.647,72.86,Rejected
CAND_152715,25,0,Product Manager,Associate,HireVue,48.71,0.636,8,81.81,88.44,Confident,25.56,7.08,48,0.251,56.87,Rejected
CAND_4F76AB,44,16,Software Engineer,PhD,Teams,52.76,0.95,11,80.75,100.0,Neutral,46.23,6.01,64,0.679,74.34,Second Round
CAND_95F2D0,30,4,Sales Executive,Master's,Zoom,57.81,0.622,10,73.77,77.03,Neutral,46.35,5.85,54,0.597,59.69,Rejected
CAND_1C1D46,29,7,Business Analyst,Master's,Zoom,68.2,0.548,5,100.0,100.0,Confident,6.98,5.45,51,0.53,76.59,Rejected
CAND_D2D014,52,32,HR Manager,Master's,Zoom,,0.533,11,79.59,92.0,Neutral,41.76,5.7,44,0.597,73.38,Rejected
CAND_0501D8,36,15,UX Designer,PhD,HireVue,,0.546,8,94.91,99.05,Neutral,27.36,7.71,52,0.381,77.74,Second Round
CAND_CC89BD,26,2,Software Engineer,Associate,Zoom,,0.731,10,81.41,81.85,Neutral,32.5,4.57,47,0.398,66.58,Second Round
CAND_222359,28,3,Marketing Analyst,PhD,HireVue,51.61,0.375,5,100.0,100.0,Confident,10.86,3.67,50,0.636,59.4,Rejected
CAND_BC1739,22,0,Sales Executive,Associate,HireVue,76.67,0.752,3,100.0,100.0,Confident,20.69,3.99,39,0.549,73.52,Second Round
CAND_F04B3C,35,12,Data Scientist,Master's,Zoom,83.63,0.61,6,100.0,66.37,Confident,17.22,4.41,58,0.725,100.0,Hired
CAND_AD1031,22,0,Business Analyst,Bachelor's,Google Meet,75.11,0.693,10,100.0,81.94,Confident,4.43,3.58,22,0.366,72.72,Rejected
CAND_624565,20,0,Marketing Analyst,Master's,Teams,44.37,0.585,9,81.37,77.09,Neutral,24.14,5.3,40,0.571,46.06,Rejected
CAND_BC4BD4,20,0,Business Analyst,PhD,Zoom,58.52,0.321,10,80.43,76.33,Neutral,44.25,6.61,52,0.456,66.32,Rejected
CAND_EC8E60,25,0,Software Engineer,PhD,Zoom,51.95,0.425,6,100.0,100.0,Neutral,18.63,4.98,43,0.522,68.98,Hired
CAND_0D96D9,31,4,HR Manager,Master's,Google Meet,41.25,0.717,10,88.33,89.67,Neutral,28.2,4.74,47,0.729,54.37,On Hold
CAND_6D7CF5,20,0,Data Scientist,Bachelor's,HireVue,61.8,0.848,10,100.0,100.0,Neutral,17.67,4.05,35,0.704,68.41,Rejected
CAND_FBC0BF,33,12,UX Designer,Associate,Teams,46.58,0.491,16,79.62,78.88,Confident,42.03,4.92,31,0.541,52.58,Rejected
CAND_0090ED,21,0,Software Engineer,PhD,Zoom,81.16,0.478,6,100.0,88.47,Confident,0.54,4.56,47,0.55,90.42,Hired
CAND_D559A3,27,11,Sales Executive,Master's,Teams,81.59,0.394,5,88.38,88.93,Confident,23.59,5.21,35,0.462,87.55,Hired
CAND_1CE5AA,43,18,Sales Executive,Associate,Zoom,68.17,0.684,12,100.0,96.04,Confident,2.08,3.35,24,0.689,94.85,Hired
CAND_3C7554,20,0,Product Manager,Master's,Zoom,46.25,0.733,8,100.0,51.48,Neutral,18.95,6.1,41,0.296,62.59,Rejected
CAND_3ED14F,30,11,Data Scientist,Master's,Google Meet,65.17,0.535,10,73.4,42.45,Neutral,61.13,6.98,44,0.497,59.04,On Hold
CAND_3CAA28,35,15,Sales Executive,PhD,Teams,61.29,0.386,13,93.29,96.36,Confident,13.34,3.88,32,0.805,59.43,Rejected
CAND_FC25E9,20,0,Data Scientist,Master's,HireVue,54.58,0.542,9,100.0,84.4,Confident,19.64,4.9,40,0.305,67.41,Hired
CAND_2A731D,43,18,HR Manager,Master's,HireVue,42.14,0.661,13,84.45,72.94,Neutral,33.1,6.51,48,0.493,43.35,Rejected
CAND_2773E3,20,0,Data Scientist,PhD,Teams,56.33,0.43,8,60.95,44.05,Neutral,53.05,5.71,27,0.326,61.09,Rejected
CAND_7A97D3,23,0,Software Engineer,Associate,Teams,37.27,0.601,12,83.76,,Neutral,6.36,3.32,37,0.59,58.72,Rejected
CAND_89BD1C,36,12,HR Manager,PhD,Google Meet,46.03,0.548,13,56.26,49.75,Slouched,41.51,5.42,42,0.329,51.02,On Hold
CAND_97E2B4,20,0,UX Designer,Bachelor's,Zoom,49.32,0.757,15,86.52,58.89,Neutral,18.02,4.58,43,0.705,51.94,On Hold
CAND_846545,29,6,Marketing Analyst,PhD,Zoom,81.02,0.494,8,100.0,61.13,Confident,4.65,,51,0.261,76.45,Second Round
CAND_4EDB4A,22,0,Product Manager,Bachelor's,Teams,58.59,,9,100.0,87.0,Confident,0.92,3.02,41,0.427,77.57,Hired
CAND_C9F1C5,28,1,Marketing Analyst,Bachelor's,Zoom,66.55,0.945,8,100.0,100.0,Neutral,5.05,3.75,48,0.495,82.68,Rejected
CAND_F35B55,33,15,Marketing Analyst,Associate,Zoom,,0.652,6,100.0,81.42,Confident,21.14,,52,0.345,55.65,Rejected
CAND_63F0C6,22,0,Sales Executive,Master's,Teams,,0.66,10,100.0,100.0,Neutral,8.63,3.51,42,0.145,60.26,Rejected
CAND_94B925,32,14,Sales Executive,Bachelor's,Teams,62.61,0.667,11,94.15,100.0,Confident,23.93,4.55,60,0.192,72.88,Second Round
CAND_67BD0D,44,20,Marketing Analyst,Master's,Google Meet,,0.532,6,100.0,100.0,Confident,6.75,3.74,44,0.381,97.13,Hired
CAND_351EAC,40,18,UX Designer,PhD,Google Meet,48.28,0.548,11,80.9,65.51,Confident,26.09,5.64,44,0.508,53.81,Rejected
CAND_A82453,27,0,HR Manager,PhD,Zoom,72.4,0.866,5,100.0,,Confident,23.7,4.46,47,0.343,75.14,Hired
CAND_E55DF1,40,15,Marketing Analyst,Associate,Zoom,63.59,0.583,6,98.89,82.08,Confident,6.83,4.04,23,0.465,71.01,Hired
CAND_3DF923,30,5,Data Scientist,Master's,Zoom,80.53,0.738,5,66.34,58.51,Neutral,44.56,,42,0.505,59.39,Rejected
CAND_0CC057,54,30,Business Analyst,Associate,Google Meet,64.15,0.62,4,77.75,77.06,Confident,31.67,5.87,54,0.784,67.02,Second Round
CAND_E00726,24,0,Product Manager,Master's,Teams,61.87,0.543,10,83.45,63.49,Confident,48.48,5.82,43,0.277,62.96,Rejected
CAND_F0609B,29,6,HR Manager,Associate,Teams,72.68,0.815,9,97.59,42.85,Confident,,,48,0.482,83.16,Second Round
CAND_7E3E4E,30,9,HR Manager,Bachelor's,HireVue,66.32,0.542,9,100.0,98.01,Confident,31.26,6.15,45,0.418,68.43,Second Round
CAND_043B7C,40,16,Sales Executive,Associate,HireVue,70.6,0.262,2,100.0,87.81,Confident,8.44,,40,0.593,75.05,Second Round
CAND_B41A75,32,5,Data Scientist,Master's,HireVue,81.11,0.736,8,93.63,81.74,Neutral,20.99,4.16,20,0.894,80.62,Second Round
CAND_E5C760,20,0,Product Manager,Master's,Zoom,42.78,0.439,14,100.0,100.0,Confident,9.0,3.37,32,0.457,67.6,Hired
CAND_71A791,40,14,Sales Executive,Master's,Zoom,53.8,0.757,17,80.19,59.54,Neutral,27.99,4.2,24,0.723,57.25,Rejected
CAND_313C03,22,1,UX Designer,Bachelor's,Google Meet,63.18,0.781,9,90.17,85.61,Neutral,30.95,4.61,39,0.557,70.28,Second Round
CAND_99C217,29,6,Marketing Analyst,PhD,Google Meet,55.13,0.92,8,100.0,94.02,Confident,3.88,3.49,46,0.7,74.11,Rejected
CAND_D54324,20,0,Data Scientist,Associate,Teams,51.03,0.82,7,96.99,,Confident,21.64,4.59,29,0.475,57.84,Rejected
CAND_FC2631,24,2,Software Engineer,Associate,HireVue,73.07,0.756,11,100.0,87.0,Confident,13.59,4.14,40,0.583,68.72,Rejected
CAND_123282,35,10,Software Engineer,Master's,Zoom,47.87,0.6,10,83.26,78.99,Confident,19.53,4.17,49,0.489,66.68,Rejected
CAND_982D5F,20,0,Business Analyst,PhD,Teams,48.72,0.604,10,100.0,84.37,Confident,11.77,4.14,62,0.726,63.57,Rejected
CAND_33FEAB,29,8,Business Analyst,Master's,HireVue,58.13,0.432,16,100.0,100.0,Confident,32.72,5.0,58,0.2,64.63,Rejected
CAND_D519F6,28,7,Marketing Analyst,PhD,Teams,50.71,0.5,13,100.0,100.0,Confident,,3.36,52,0.777,59.63,On Hold
CAND_D69C37,37,16,Sales Executive,Bachelor's,Google Meet,59.6,0.413,5,100.0,84.51,Confident,14.51,3.96,22,0.504,59.69,Rejected
CAND_19ACD8,28,7,UX Designer,PhD,HireVue,78.49,0.465,7,100.0,82.83,Confident,7.08,4.09,48,0.408,82.91,Second Round
CAND_E25BA1,24,2,Product Manager,Bachelor's,HireVue,98.5,0.635,6,100.0,100.0,Confident,40.54,5.43,44,0.738,80.71,Hired
CAND_498C88,31,10,Business Analyst,Master's,HireVue,,0.362,16,100.0,100.0,Neutral,2.63,3.27,45,0.522,72.41,Hired
CAND_1502EB,38,14,Product Manager,Bachelor's,Google Meet,61.41,0.725,11,87.44,56.23,Neutral,23.81,4.73,50,0.436,69.84,Second Round
CAND_9FB906,44,19,Business Analyst,Master's,Google Meet,23.8,0.623,17,88.84,81.21,Neutral,13.02,4.24,48,0.446,43.44,Rejected
CAND_6F8AD9,23,1,Software Engineer,Associate,HireVue,94.75,,6,90.1,,Confident,23.19,4.63,29,0.502,91.76,Hired
CAND_A4006D,21,0,Product Manager,Master's,Zoom,79.77,0.866,8,100.0,100.0,Confident,8.13,4.02,46,0.511,79.64,Rejected
CAND_041A9D,27,6,Software Engineer,Associate,Teams,64.26,0.741,8,100.0,100.0,Confident,12.1,3.62,38,0.479,80.75,Hired
CAND_F5334A,30,6,Marketing Analyst,Bachelor's,Google Meet,71.57,0.557,8,98.94,97.44,Confident,21.05,4.87,38,0.478,85.35,Second Round
CAND_383D43,44,25,Data Scientist,Master's,Google Meet,41.64,0.483,9,86.44,96.72,Confident,23.74,4.05,52,0.259,57.47,Rejected
CAND_67E803,20,0,Sales Executive,PhD,HireVue,77.48,0.494,4,91.87,40.09,Confident,27.33,5.02,48,0.448,75.64,Rejected
CAND_78CE59,25,1,Marketing Analyst,Bachelor's,Zoom,57.95,0.395,9,100.0,84.28,Confident,10.57,4.73,53,0.56,74.04,Hired
CAND_8577B7,38,15,HR Manager,Associate,HireVue,63.64,0.917,10,100.0,79.1,Confident,10.43,3.63,48,0.299,72.7,Second Round
CAND_21645C,36,15,Marketing Analyst,Master's,HireVue,78.26,0.59,8,100.0,94.98,Confident,3.16,,26,0.606,96.01,Hired
CAND_4680CD,20,0,Marketing Analyst,Associate,Zoom,71.76,0.523,6,91.29,,Neutral,11.08,3.92,33,0.33,83.67,Second Round
CAND_F453BF,31,7,HR Manager,Associate,Zoom,80.03,0.623,11,100.0,79.15,Confident,6.63,3.85,36,0.384,80.6,Rejected
CAND_B3A41C,34,12,Data Scientist,Associate,HireVue,62.24,0.448,5,100.0,49.27,Confident,23.88,6.41,46,0.613,66.77,Hired
CAND_8523F1,32,8,Product Manager,PhD,HireVue,60.79,0.292,14,77.46,94.69,Confident,54.17,5.59,41,0.317,60.86,Rejected
CAND_EB6622,29,4,Marketing Analyst,Master's,Zoom,56.5,,12,87.7,72.67,Confident,21.24,4.04,54,0.768,64.06,Rejected
CAND_E49F19,28,4,HR Manager,Associate,HireVue,46.45,0.638,14,76.39,72.97,Confident,32.75,5.06,28,0.249,62.41,Rejected
CAND_D34422,32,16,Software Engineer,Master's,Zoom,65.6,0.42,12,92.66,86.31,Confident,20.81,4.87,38,0.177,80.32,Second Round
CAND_341EC3,27,4,Data Scientist,Associate,HireVue,51.36,0.567,9,100.0,100.0,Neutral,,4.1,62,0.847,68.06,Hired
CAND_972717,38,16,Product Manager,PhD,HireVue,52.19,0.696,6,100.0,93.92,Confident,28.82,4.28,53,0.17,70.51,Rejected
CAND_609E7D,26,5,Marketing Analyst,Associate,Zoom,59.91,0.6,8,100.0,76.78,Confident,9.8,4.26,55,1.0,74.61,Hired
CAND_9C9387,21,0,Data Scientist,Master's,Zoom,58.18,0.95,10,100.0,98.33,Confident,10.46,3.75,43,0.784,63.91,Rejected
CAND_573D7A,20,0,Marketing Analyst,Master's,Teams,36.67,0.582,10,83.5,77.12,Confident,16.27,6.72,40,0.656,46.63,Rejected
CAND_D17214,20,2,Business Analyst,Associate,Google Meet,40.97,0.772,9,80.97,73.59,Confident,33.88,5.84,44,0.602,47.19,Rejected
CAND_00CD93,35,16,Product Manager,Associate,Google Meet,50.96,0.606,11,81.04,70.14,Confident,36.32,5.9,67,0.691,59.63,Rejected
CAND_30B7FA,26,5,Sales Executive,Bachelor's,Zoom,,0.514,11,87.22,72.29,Confident,35.45,5.02,54,0.401,54.62,Rejected
CAND_5876F2,27,0,Sales Executive,PhD,Teams,81.73,0.575,7,100.0,93.54,Confident,4.27,3.57,49,0.651,90.33,Hired
CAND_D21194,30,8,Business Analyst,Associate,HireVue,69.65,0.641,10,79.3,55.61,Confident,30.18,7.17,46,0.602,84.98,Hired
CAND_FBCF60,31,14,Business Analyst,Master's,HireVue,52.45,0.745,7,87.55,,Confident,18.55,4.03,63,0.042,62.82,Rejected
CAND_2432E6,30,10,Product Manager,Master's,Zoom,41.21,0.295,6,100.0,82.45,Confident,15.95,4.41,41,0.461,60.16,On Hold
CAND_9582F7,39,19,Data Scientist,Bachelor's,Zoom,74.37,0.345,4,100.0,97.5,Confident,10.14,4.53,40,0.0,96.84,Hired
CAND_B34E3F,23,2,Product Manager,Bachelor's,HireVue,,0.667,6,99.09,91.54,Confident,19.51,4.99,52,0.413,67.59,Hired
CAND_A9F928,32,10,UX Designer,Bachelor's,Zoom,127.86,0.642,4,96.06,75.02,Confident,21.09,4.73,38,0.509,93.55,Hired
CAND_978032,31,8,Product Manager,Bachelor's,Google Meet,51.19,,10,100.0,100.0,Neutral,18.0,,25,0.443,69.24,Hired
CAND_F124AA,20,0,HR Manager,Associate,Teams,55.73,0.561,8,87.57,62.49,Confident,38.58,5.59,20,0.356,63.05,Rejected
CAND_BA8AAD,35,12,UX Designer,PhD,Teams,76.31,0.576,7,100.0,81.53,Confident,11.74,3.73,43,0.225,97.36,Hired
CAND_27EF12,20,0,Data Scientist,Bachelor's,HireVue,76.11,0.65,6,100.0,100.0,Confident,3.88,4.1,53,0.563,75.44,Second Round
CAND_580C15,20,0,Business Analyst,PhD,Google Meet,,0.513,5,100.0,,Confident,14.02,,65,0.303,79.87,Rejected
CAND_C0B3B5,34,11,Data Scientist,PhD,Google Meet,41.55,0.601,14,81.39,47.64,Neutral,32.25,4.57,37,0.671,60.15,Rejected
CAND_7F3915,38,18,Business Analyst,Master's,HireVue,,0.611,10,82.37,75.56,Neutral,27.92,4.6,43,0.588,78.8,Second Round
CAND_18D6DF,29,9,Business Analyst,Bachelor's,Zoom,72.4,0.442,8,100.0,71.97,Confident,14.84,4.06,45,0.552,81.13,Rejected
CAND_43F1A9,24,6,Marketing Analyst,Bachelor's,Teams,56.97,0.626,8,100.0,87.8,Confident,4.25,3.96,37,0.572,70.23,Rejected
CAND_73A455,23,0,Business Analyst,PhD,Teams,,0.8,7,100.0,,Confident,13.8,3.82,54,0.41,90.86,Hired
CAND_965582,25,0,Software Engineer,Master's,Google Meet,57.65,0.677,13,100.0,100.0,Confident,6.39,3.39,45,0.354,72.61,Rejected
CAND_9F1F21,29,6,Software Engineer,PhD,Zoom,36.8,0.489,6,100.0,100.0,Confident,4.51,5.01,39,0.917,49.8,Rejected
CAND_2E3F55,26,5,Business Analyst,Bachelor's,HireVue,66.58,0.781,9,99.05,,Neutral,24.46,4.99,41,0.658,67.43,Second Round
CAND_4EFE34,34,16,Sales Executive,Master's,Google Meet,32.83,0.671,9,68.56,46.89,Neutral,52.4,6.67,38,0.67,37.33,Rejected
CAND_292E9F,31,13,Product Manager,PhD,Teams,82.37,0.669,8,96.67,80.28,Confident,12.86,4.43,49,0.496,77.04,Second Round
CAND_745CD8,48,26,Sales Executive,Associate,HireVue,40.75,0.472,8,100.0,69.21,Confident,18.76,4.63,48,0.462,53.81,Rejected
CAND_713214,48,24,HR Manager,PhD,Teams,59.19,0.655,9,100.0,100.0,Confident,11.05,4.14,52,0.128,66.65,Second Round
CAND_4ED3A0,23,0,Software Engineer,Bachelor's,HireVue,39.18,0.653,8,95.5,80.47,Confident,23.77,4.3,40,0.74,57.66,Rejected
CAND_7C462E,28,9,Product Manager,Associate,Google Meet,22.65,0.559,14,91.37,100.0,Neutral,16.68,4.58,37,0.115,54.83,Rejected
CAND_52AEBD,44,24,Sales Executive,PhD,Google Meet,21.04,0.468,16,56.11,37.44,Neutral,32.66,4.71,37,0.382,29.17,Rejected
CAND_2FB93E,40,11,Sales Executive,Master's,Google Meet,65.98,0.726,8,74.57,67.71,Neutral,35.69,6.17,37,0.351,69.76,Second Round
CAND_D40062,22,0,HR Manager,Bachelor's,Zoom,60.95,0.624,7,100.0,72.73,Confident,11.53,3.66,60,0.581,75.94,Second Round
CAND_4F3C9B,20,0,Marketing Analyst,Bachelor's,HireVue,59.85,0.381,6,78.26,55.22,Neutral,25.46,4.63,48,0.596,68.93,Hired
CAND_C45454,29,11,Marketing Analyst,PhD,Teams,68.5,0.594,11,100.0,76.61,Confident,6.73,5.2,47,0.303,76.29,Second Round
CAND_4BAAA4,26,2,Data Scientist,Associate,Zoom,68.16,0.617,6,100.0,86.59,Neutral,4.37,3.31,59,0.615,84.72,Hired
CAND_24E9A2,32,4,UX Designer,Master's,Google Meet,57.45,0.387,10,100.0,87.57,Confident,5.05,4.59,36,0.599,73.6,Rejected
CAND_68C99C,30,10,Product Manager,Associate,Teams,63.92,0.755,10,100.0,86.0,Confident,11.89,5.0,38,0.237,73.23,Second Round
CAND_0B759F,27,6,Sales Executive,PhD,Teams,68.53,0.449,7,96.34,91.42,Confident,16.86,4.47,54,0.621,66.27,Hired
CAND_A3E8CD,31,13,Software Engineer,Master's,Teams,,0.533,14,75.45,71.17,Neutral,38.55,5.22,30,0.417,60.4,Rejected
CAND_E5B9A8,27,0,UX Designer,PhD,Teams,55.46,0.542,13,77.98,66.37,Confident,,,48,0.396,59.78,Rejected
CAND_6B8C94,35,9,Marketing Analyst,PhD,Teams,58.73,0.573,10,100.0,79.19,Confident,5.74,3.46,42,0.327,77.67,Rejected
CAND_1D24AD,28,4,Business Analyst,Master's,Teams,60.33,0.653,6,86.6,93.11,Confident,49.76,5.93,46,0.454,65.01,Rejected
CAND_286BCD,30,8,Sales Executive,PhD,HireVue,42.71,0.665,10,100.0,62.89,Confident,5.7,3.94,50,0.295,54.21,Rejected
CAND_7113B6,25,0,Marketing Analyst,PhD,Google Meet,80.13,0.527,10,68.73,59.33,Neutral,34.14,4.77,51,0.434,71.21,Second Round
CAND_CCD37A,39,24,Data Scientist,Master's,HireVue,61.21,0.542,15,95.19,67.3,Confident,14.88,4.4,37,0.394,71.54,Rejected
CAND_CC115C,28,1,Sales Executive,PhD,Teams,45.28,0.335,5,90.43,91.8,Confident,23.64,4.4,40,0.448,54.19,Rejected
CAND_5CBDF5,29,7,UX Designer,Master's,Teams,57.4,0.754,8,90.88,77.1,Neutral,22.37,4.85,60,0.654,62.52,Rejected
CAND_34ACFF,31,11,Software Engineer,Master's,Teams,,0.569,13,72.0,65.36,Neutral,42.92,5.17,34,0.808,56.81,Rejected
CAND_1B57CF,25,0,Product Manager,Associate,HireVue,55.56,0.419,6,98.9,85.4,Confident,27.98,4.26,32,0.623,60.54,Rejected
CAND_EF09A4,37,16,Marketing Analyst,Bachelor's,Google Meet,68.27,0.347,7,100.0,65.07,Confident,,3.56,39,0.613,77.78,Second Round
CAND_61DA7B,38,15,HR Manager,PhD,Google Meet,45.88,0.688,9,98.69,77.59,Confident,18.13,4.81,33,0.486,64.35,Rejected
CAND_02A329,44,16,HR Manager,Master's,Zoom,30.57,0.535,17,89.05,65.05,Confident,26.92,5.02,46,0.536,53.58,Rejected
CAND_DC540D,22,0,Business Analyst,Bachelor's,Teams,64.46,0.569,12,100.0,90.31,Neutral,9.05,5.72,32,0.572,78.35,Hired
CAND_5FE5F0,28,3,Product Manager,Bachelor's,HireVue,64.24,0.833,9,81.92,76.76,Neutral,48.99,5.6,23,0.607,74.67,Hired
CAND_CB771E,33,18,Business Analyst,PhD,Teams,52.24,0.708,5,100.0,86.27,Confident,5.06,3.93,39,0.744,72.92,Second Round
CAND_4270B4,25,4,Product Manager,Associate,HireVue,38.97,0.863,10,73.73,69.81,Neutral,37.35,7.25,42,0.418,47.55,Rejected
CAND_F89D11,20,0,Product Manager,Master's,Teams,67.12,0.921,9,100.0,100.0,Confident,11.43,4.1,60,0.014,78.43,Second Round
CAND_E92EFA,28,6,UX Designer,Master's,HireVue,49.87,0.503,9,70.59,75.44,Neutral,27.65,4.58,44,0.233,66.77,Second Round
CAND_283BAC,20,0,Sales Executive,Master's,HireVue,57.76,0.712,8,100.0,71.17,Confident,18.23,4.15,50,0.508,70.43,Hired
CAND_66A894,44,19,Product Manager,Bachelor's,Google Meet,57.55,0.428,12,100.0,78.97,Confident,11.16,4.31,36,0.572,72.04,Rejected
CAND_4A7885,36,14,Product Manager,Associate,Zoom,54.85,0.356,6,100.0,100.0,Confident,13.81,4.88,43,0.591,67.49,Hired
CAND_C41621,22,4,Data Scientist,PhD,Teams,57.07,0.689,12,100.0,96.04,Confident,10.71,3.82,28,0.441,58.65,Rejected
CAND_D3800A,37,14,HR Manager,Associate,Google Meet,56.65,0.443,8,100.0,75.74,Neutral,22.03,4.66,43,0.459,88.28,Hired
CAND_23D605,41,18,Data Scientist,PhD,Google Meet,57.33,0.332,12,71.85,53.69,Confident,36.79,,49,0.714,65.17,Second Round
CAND_83E0B2,32,11,Software Engineer,PhD,Teams,56.42,0.715,10,82.0,61.64,Confident,15.47,,42,0.487,75.03,Hired
CAND_15B143,43,25,Data Scientist,Associate,Teams,,0.762,14,91.05,68.63,Neutral,31.55,4.69,54,0.861,68.03,Hired
CAND_AD4D9B,39,18,Business Analyst,Bachelor's,HireVue,29.68,0.672,10,79.2,69.61,Confident,22.84,4.74,32,0.321,42.1,Rejected
CAND_F62FF3,25,4,Sales Executive,Associate,Teams,61.02,0.946,5,100.0,,Neutral,24.59,5.38,61,0.532,72.87,Hired
CAND_657E1F,27,5,Sales Executive,Master's,Google Meet,61.19,0.593,11,100.0,,Confident,5.0,3.26,50,0.49,76.51,Hired
CAND_68AA04,23,2,Marketing Analyst,PhD,Zoom,68.62,0.738,10,100.0,90.6,Confident,0.44,2.87,47,0.445,76.44,Rejected
CAND_665CE1,33,19,Sales Executive,PhD,Zoom,66.94,0.616,3,96.34,96.41,Confident,16.22,3.93,40,0.615,76.35,Hired
CAND_2252A7,30,6,Software Engineer,Bachelor's,Zoom,56.37,0.469,10,86.14,,Confident,29.75,5.92,44,0.619,75.53,Second Round
CAND_4E417F,26,2,Sales Executive,Bachelor's,Teams,64.04,0.357,8,92.16,80.71,Confident,30.86,5.19,59,0.421,60.15,Rejected
CAND_09F03A,45,20,Marketing Analyst,PhD,Teams,52.63,0.275,8,100.0,78.69,Confident,13.61,4.5,53,0.241,64.9,Rejected
CAND_11DCC5,34,11,Business Analyst,Associate,Zoom,53.69,0.573,7,67.23,70.75,Neutral,43.74,5.5,49,0.495,49.99,Rejected
CAND_79CC6C,34,12,Business Analyst,Associate,Google Meet,50.0,0.269,12,86.17,73.53,Neutral,38.99,4.91,46,0.424,63.54,Rejected
CAND_004410,24,0,Software Engineer,Master's,Teams,40.69,0.536,13,89.91,83.94,Confident,11.2,4.04,25,0.462,53.55,Rejected
CAND_8C84BD,25,0,Software Engineer,Associate,Zoom,49.24,0.446,14,100.0,69.25,Confident,21.5,3.96,30,0.812,66.27,Rejected
CAND_AFA4AC,25,2,Data Scientist,Associate,Google Meet,45.62,0.755,9,100.0,75.72,Confident,20.19,4.58,57,0.58,56.61,Rejected
CAND_859479,28,10,Marketing Analyst,Bachelor's,Teams,29.11,0.672,15,100.0,87.41,Confident,27.18,4.34,44,0.367,68.25,Rejected
CAND_ECDC21,28,6,HR Manager,Associate,Google Meet,79.1,0.626,9,100.0,100.0,Confident,4.35,4.29,26,0.779,87.69,Second Round
CAND_B53BB1,60,35,Business Analyst,PhD,Google Meet,86.56,,3,100.0,62.91,Confident,18.16,4.59,31,0.564,100.0,Hired
CAND_E5BDA3,23,0,Business Analyst,Bachelor's,Google Meet,65.75,0.66,6,95.89,73.86,Neutral,4.57,3.19,49,0.439,62.69,On Hold
CAND_BF633E,33,7,Sales Executive,Master's,Teams,67.59,0.71,11,94.21,100.0,Neutral,29.42,,57,0.521,59.79,Rejected
CAND_95F7B4,29,11,HR Manager,Master's,HireVue,,0.95,12,90.32,59.76,Confident,11.07,3.57,44,0.537,58.1,Rejected
CAND_D4B582,41,13,Business Analyst,Bachelor's,Zoom,80.61,0.758,5,100.0,94.2,Confident,16.07,4.02,39,0.316,95.7,Hired
CAND_D90505,37,7,Product Manager,Bachelor's,Google Meet,50.17,0.716,12,100.0,85.45,Confident,13.11,4.06,34,0.222,75.87,Rejected
CAND_B5B674,28,6,Marketing Analyst,PhD,Zoom,77.57,0.571,10,100.0,80.69,Confident,14.63,,37,0.78,90.69,Hired
CAND_0512BD,44,25,Marketing Analyst,Associate,Teams,46.11,0.588,12,69.15,74.89,Confident,22.2,4.27,36,0.639,66.2,Rejected
CAND_ADE41D,42,19,Marketing Analyst,Master's,Google Meet,82.51,0.794,13,100.0,46.74,Confident,10.96,3.94,36,0.609,76.37,Second Round
CAND_F03B30,36,19,Marketing Analyst,Bachelor's,HireVue,43.6,0.629,11,100.0,100.0,Confident,7.47,4.21,30,0.763,63.91,Rejected
CAND_83173F,41,23,HR Manager,Associate,Google Meet,54.69,0.809,6,97.98,100.0,Confident,11.27,,48,0.795,64.77,Rejected
CAND_CCD68E,40,19,HR Manager,PhD,Google Meet,72.51,0.464,6,100.0,100.0,Confident,12.34,,48,0.497,81.82,Second Round
CAND_476F62,30,7,Data Scientist,Bachelor's,HireVue,49.24,0.464,11,96.99,93.53,Confident,15.88,4.37,44,0.541,58.21,Rejected
CAND_07AD20,30,8,Sales Executive,Master's,HireVue,66.85,0.418,12,100.0,,Confident,8.29,3.9,62,0.78,87.31,Hired
CAND_BCD77E,38,14,Sales Executive,Master's,HireVue,,0.662,15,88.47,,Confident,23.04,4.99,44,0.114,43.86,On Hold
CAND_EAED6D,29,7,UX Designer,Associate,HireVue,71.0,0.665,13,81.08,60.72,Neutral,22.4,4.84,42,0.58,81.26,Second Round
CAND_4D75D8,40,15,Marketing Analyst,Master's,Zoom,76.33,0.418,9,100.0,99.21,Confident,2.22,3.96,47,0.36,81.78,Hired
CAND_971426,26,1,Business Analyst,Master's,Google Meet,61.13,0.461,18,71.62,64.44,Confident,,5.36,37,0.213,66.78,Second Round
CAND_5C80AE,40,18,Sales Executive,Bachelor's,Google Meet,34.98,0.613,16,89.43,48.63,Confident,35.22,5.45,59,0.373,51.28,Rejected
CAND_B2049A,27,3,Software Engineer,Associate,Teams,60.05,0.517,6,100.0,89.81,Confident,5.18,4.5,41,0.564,83.66,Second Round
CAND_5A0C1F,37,18,Sales Executive,PhD,HireVue,59.18,0.402,12,88.06,94.93,Confident,15.87,4.65,47,0.416,77.98,Hired
CAND_80684B,20,2,HR Manager,Master's,Zoom,47.06,,11,78.84,59.01,Confident,39.72,5.76,42,0.121,53.74,Rejected
CAND_6B4FE9,26,4,Product Manager,Associate,Teams,65.1,,10,100.0,68.64,Confident,3.78,3.08,63,0.67,72.4,Hired
CAND_F90FC4,32,8,Data Scientist,Master's,Google Meet,44.9,0.698,11,88.89,92.04,Confident,25.41,4.7,63,0.649,58.21,Rejected
CAND_ACC63B,28,6,Product Manager,Bachelor's,Teams,67.4,0.659,10,85.18,77.08,Confident,38.29,6.07,57,0.135,84.45,Second Round
CAND_9C7182,45,26,Software Engineer,PhD,HireVue,55.91,0.55,8,100.0,98.93,Confident,16.41,4.08,44,0.623,68.35,Hired
CAND_AAE555,35,11,Business Analyst,Bachelor's,Google Meet,64.74,0.481,8,92.24,,Neutral,18.48,4.39,46,0.338,68.96,Rejected
CAND_BD92EF,30,3,Marketing Analyst,Master's,Google Meet,56.84,0.786,3,99.82,82.74,Confident,12.59,4.44,51,0.416,69.31,Rejected
CAND_92F578,25,1,Software Engineer,Bachelor's,Zoom,84.4,0.614,5,100.0,100.0,Confident,10.08,3.69,53,0.427,76.36,Second Round
CAND_158C6F,28,0,Sales Executive,Master's,HireVue,89.83,0.424,3,100.0,79.23,Confident,22.46,4.62,50,0.175,72.05,Second Round
CAND_5699EB,26,7,UX Designer,Bachelor's,Teams,77.39,0.782,9,100.0,52.62,Confident,11.51,4.0,59,0.513,96.89,Second Round
CAND_621C89,24,2,Data Scientist,Master's,HireVue,61.76,0.693,7,100.0,97.58,Confident,10.24,4.72,73,0.568,71.07,Second Round
CAND_5FD286,37,13,Product Manager,PhD,HireVue,70.93,0.884,8,94.89,61.39,Confident,39.29,5.75,42,0.784,68.15,Hired
CAND_5D7F73,38,17,Marketing Analyst,Associate,HireVue,53.25,0.495,13,100.0,85.1,Confident,21.78,4.42,50,0.2,81.83,Rejected
CAND_2AF1E3,36,15,Sales Executive,Bachelor's,HireVue,84.52,0.561,9,100.0,84.63,Confident,6.04,3.59,25,0.518,84.1,Hired
CAND_34C2D7,25,3,Marketing Analyst,Associate,Zoom,62.99,0.735,6,74.58,54.79,Confident,45.45,5.6,58,0.916,69.33,Second Round
CAND_2391B2,43,22,UX Designer,Associate,Zoom,45.24,0.555,12,88.31,78.93,Confident,13.72,3.6,57,0.202,65.55,Hired
CAND_7AB8B9,32,12,Data Scientist,Associate,Google Meet,45.37,0.567,11,100.0,77.29,Confident,1.97,3.08,53,0.341,75.32,Second Round
CAND_B546E7,20,0,HR Manager,Associate,Zoom,79.33,0.676,5,100.0,98.61,Confident,7.28,4.62,40,0.344,87.62,Hired
CAND_70A701,23,5,HR Manager,Master's,HireVue,53.72,0.441,11,93.34,89.27,Confident,23.85,5.16,63,0.799,64.55,Rejected
CAND_7395F5,40,15,Business Analyst,Associate,HireVue,78.4,0.516,7,94.84,76.38,Confident,22.24,4.61,49,0.0,87.86,Hired
CAND_7127E3,30,9,Business Analyst,PhD,Google Meet,61.17,0.716,12,100.0,100.0,Confident,16.66,5.4,43,0.728,71.15,Hired
CAND_FAFEB3,34,11,Data Scientist,Master's,Google Meet,70.19,0.685,4,71.17,71.31,Neutral,34.2,4.64,39,0.478,87.47,Hired
CAND_7F0FF2,35,10,Sales Executive,PhD,Zoom,78.2,0.512,5,100.0,79.7,Confident,8.92,4.17,34,0.197,82.1,Rejected
CAND_6B5921,28,6,Business Analyst,Master's,Zoom,52.14,0.589,12,100.0,100.0,Confident,7.14,3.84,44,0.556,66.91,Second Round
CAND_681CD6,31,9,Sales Executive,Master's,HireVue,42.91,0.88,14,94.3,70.88,Neutral,21.59,3.95,46,0.304,54.11,Rejected
CAND_A63CDD,31,10,Product Manager,Bachelor's,Teams,,0.869,19,100.0,100.0,Confident,5.0,3.06,35,0.405,53.73,Rejected
CAND_6C5F58,23,3,Product Manager,Bachelor's,Google Meet,88.7,,7,100.0,73.63,Confident,18.74,4.3,33,0.442,89.91,Hired
CAND_552B33,20,0,Software Engineer,Associate,Zoom,79.37,0.259,12,84.12,45.73,Confident,53.12,6.21,53,0.327,78.4,Hired
CAND_5CEF17,20,0,Software Engineer,PhD,Google Meet,,0.814,8,100.0,86.24,Confident,12.21,4.57,33,0.568,74.47,Hired
CAND_D3E3DE,37,13,Business Analyst,Associate,HireVue,87.57,0.589,7,100.0,100.0,Confident,,6.23,48,0.454,83.18,Second Round
CAND_F197D8,29,6,Data Scientist,PhD,Google Meet,56.26,0.718,11,100.0,100.0,Confident,12.17,3.74,47,0.394,72.33,Second Round
CAND_540140,22,0,HR Manager,Associate,Zoom,29.68,0.451,10,79.07,54.87,Confident,33.19,,34,0.354,45.05,Rejected
CAND_BE3720,21,1,UX Designer,Bachelor's,Zoom,55.81,0.508,13,88.79,51.97,Neutral,15.58,3.99,66,0.534,68.78,Second Round
CAND_AD0BFF,33,8,Marketing Analyst,PhD,HireVue,65.43,0.501,10,100.0,93.35,Confident,15.86,4.14,30,0.302,62.07,Rejected
CAND_9B0E43,23,0,Sales Executive,Associate,Google Meet,84.27,0.604,7,100.0,91.77,Confident,5.49,3.62,48,0.509,87.72,Hired
CAND_8D1D82,29,2,HR Manager,Associate,Google Meet,90.58,0.574,7,74.82,70.98,Neutral,27.95,4.4,39,0.821,99.78,Hired
CAND_FB0925,32,9,Business Analyst,Master's,Zoom,51.06,0.611,12,91.93,98.39,Confident,30.92,4.71,43,0.406,64.19,Rejected
CAND_F95868,24,3,Business Analyst,Master's,HireVue,,0.398,6,96.24,84.27,Confident,26.65,5.17,44,0.307,71.58,Rejected
CAND_5EBA85,30,3,Product Manager,Bachelor's,HireVue,62.7,0.422,10,90.92,75.38,Confident,32.1,4.81,44,0.181,60.28,Rejected
CAND_CAAFA7,29,13,Sales Executive,Master's,HireVue,44.19,0.564,6,91.7,,Confident,7.94,4.07,43,0.233,63.63,Rejected
CAND_865D58,38,18,Business Analyst,PhD,Google Meet,66.69,0.684,13,100.0,96.44,Confident,,4.34,40,0.639,74.88,Second Round
CAND_C314D3,27,9,HR Manager,Bachelor's,Google Meet,,0.617,11,78.52,,Confident,28.93,4.62,37,0.856,80.83,Hired
CAND_7381A0,44,19,Product Manager,Associate,Teams,58.34,0.791,6,100.0,100.0,Confident,9.36,3.83,42,0.542,66.97,Second Round
CAND_4F7A73,25,3,Marketing Analyst,Bachelor's,Zoom,51.35,0.563,12,80.6,44.44,Confident,37.52,6.63,51,0.521,60.53,Rejected
CAND_3DCA54,53,34,Marketing Analyst,Associate,HireVue,36.92,0.551,9,88.31,100.0,Neutral,18.94,4.09,43,0.843,59.34,Rejected
CAND_17C1DA,33,8,UX Designer,Master's,Zoom,75.55,0.823,9,100.0,86.73,Confident,5.96,4.5,42,0.721,83.43,Hired
CAND_808231,38,12,Data Scientist,Master's,Teams,55.39,0.663,13,89.89,63.77,Neutral,15.84,4.14,50,0.495,58.87,On Hold
CAND_CF9AF2,31,11,Data Scientist,Bachelor's,Zoom,71.02,0.42,4,86.71,85.05,Confident,38.7,5.98,48,0.477,84.82,Hired
CAND_5B2DC8,33,1,Marketing Analyst,Bachelor's,HireVue,62.73,0.832,4,100.0,100.0,Confident,20.11,4.1,33,0.572,78.77,Rejected
CAND_B28302,22,0,Business Analyst,PhD,HireVue,71.57,0.63,8,100.0,95.62,Confident,,3.75,48,0.547,71.01,Rejected
CAND_1D78B7,30,9,Marketing Analyst,PhD,Teams,69.43,0.793,9,100.0,100.0,Confident,12.8,4.13,57,0.574,85.8,Hired
CAND_468540,38,14,Business Analyst,Bachelor's,Google Meet,51.43,0.536,9,100.0,62.28,Confident,5.87,3.7,45,0.645,66.11,Hired
CAND_6DF4DF,21,1,Sales Executive,PhD,Google Meet,62.6,0.411,10,96.13,80.68,Confident,8.49,3.96,46,0.153,81.48,Rejected
CAND_6ED773,23,3,UX Designer,PhD,Zoom,59.15,0.474,12,100.0,81.96,Neutral,3.88,,54,0.596,71.65,Rejected
CAND_AB9B2F,22,0,UX Designer,Associate,Zoom,60.37,0.468,16,99.84,67.89,Confident,16.82,5.19,66,0.533,63.72,Rejected
CAND_AA1D50,27,3,Business Analyst,Associate,HireVue,,0.432,10,100.0,85.48,Confident,22.09,4.56,55,0.564,74.2,Second Round
CAND_480739,26,2,UX Designer,Master's,Google Meet,57.57,0.567,13,93.55,90.25,Confident,12.84,4.34,39,0.591,68.79,Second Round
CAND_E75785,33,9,HR Manager,PhD,Zoom,59.72,0.612,12,100.0,100.0,Neutral,9.77,3.39,39,0.125,75.95,Rejected
CAND_8793D0,28,5,Product Manager,PhD,HireVue,66.22,0.731,7,100.0,,Confident,3.36,4.07,22,0.445,79.75,Rejected
CAND_A315E8,26,1,Data Scientist,Bachelor's,HireVue,58.85,0.621,5,97.33,83.52,Confident,10.06,4.07,42,0.728,79.16,Rejected
CAND_2369AB,20,0,Marketing Analyst,Associate,HireVue,73.61,0.602,9,100.0,100.0,Confident,9.52,3.57,52,0.284,80.75,Second Round
CAND_B98174,35,10,UX Designer,Associate,Google Meet,59.0,0.921,4,82.47,75.71,Neutral,29.22,4.48,43,0.306,56.59,Rejected
CAND_E32F22,20,0,Business Analyst,Bachelor's,HireVue,56.67,0.681,7,96.33,73.32,Confident,9.76,3.65,29,0.27,72.91,Rejected
CAND_85182F,20,0,UX Designer,Associate,HireVue,59.01,0.678,12,86.31,58.45,Neutral,35.23,5.19,47,0.722,65.77,Second Round
CAND_531091,29,5,Software Engineer,Bachelor's,Zoom,63.92,0.542,7,100.0,78.53,Confident,14.67,4.56,54,0.712,88.14,Hired
CAND_65E0BF,20,0,Data Scientist,Bachelor's,Google Meet,66.29,0.565,8,89.52,100.0,Confident,28.85,6.07,51,0.98,73.19,Second Round
CAND_29B6A3,21,2,Product Manager,Bachelor's,Teams,63.13,0.427,10,63.78,69.42,Slouched,61.11,6.07,59,0.432,60.34,Rejected
CAND_584C2F,25,2,Product Manager,Bachelor's,Teams,42.14,0.547,6,100.0,72.99,Confident,12.33,4.19,44,0.273,51.48,Rejected
CAND_C9218A,30,7,Data Scientist,Bachelor's,Google Meet,72.15,0.634,4,71.26,56.64,Neutral,,5.55,36,0.441,78.23,Second Round
CAND_C19C9F,41,18,HR Manager,Master's,Google Meet,52.74,0.426,2,100.0,100.0,Confident,1.21,3.03,64,0.3,62.96,Rejected
CAND_B16440,32,9,HR Manager,Master's,Teams,50.79,0.547,8,76.57,,Confident,32.92,5.41,42,0.469,57.84,Rejected
CAND_1252BD,23,0,HR Manager,Associate,Teams,,0.506,7,85.03,69.96,Confident,40.18,5.98,46,0.503,58.4,Rejected
CAND_430E0F,32,14,UX Designer,PhD,Zoom,68.27,0.598,9,100.0,53.62,Confident,14.18,5.05,44,0.627,76.04,Hired
CAND_874AA3,31,13,UX Designer,Master's,HireVue,61.53,0.727,9,100.0,100.0,Confident,19.26,4.41,68,0.279,78.85,Second Round
CAND_1F7159,38,12,Data Scientist,PhD,Zoom,64.6,0.679,8,100.0,93.01,Confident,5.57,3.33,53,0.247,79.75,Hired
CAND_A065BA,20,0,Business Analyst,PhD,Google Meet,61.23,0.568,11,94.6,77.36,Neutral,26.59,5.11,51,0.505,64.67,Rejected
CAND_0711B6,20,0,Product Manager,Bachelor's,Teams,70.85,0.743,7,100.0,90.16,Confident,17.94,4.05,36,0.551,88.03,Hired
CAND_EB2028,25,5,UX Designer,PhD,Zoom,54.56,0.567,7,95.66,94.42,Confident,13.06,4.04,56,0.37,63.4,Rejected
CAND_5A9472,38,20,UX Designer,Master's,Teams,77.88,0.661,5,100.0,61.7,Confident,3.11,3.16,49,0.697,92.55,Hired
CAND_C85E99,33,14,Sales Executive,Bachelor's,Teams,53.36,0.526,14,75.58,66.21,Confident,28.34,4.61,41,0.794,55.89,Rejected
CAND_737786,31,8,Marketing Analyst,Master's,Zoom,77.41,0.576,6,100.0,77.71,Confident,16.65,3.81,42,0.59,65.13,Hired
CAND_A1AA16,47,25,Data Scientist,Master's,Teams,,0.567,7,81.06,78.73,Confident,26.26,,27,0.395,61.03,Rejected
CAND_633CB8,34,12,UX Designer,Master's,HireVue,83.4,,9,79.61,57.15,Slouched,16.14,4.34,21,0.409,91.23,Hired
CAND_E6B9DC,37,12,Sales Executive,Associate,Google Meet,45.64,0.588,19,83.5,67.5,Confident,28.69,4.87,55,0.352,57.16,Rejected
CAND_1297B2,42,20,Data Scientist,Associate,Teams,82.67,0.729,17,100.0,71.1,Confident,21.63,,50,0.312,85.65,Hired
CAND_DFEE58,35,12,UX Designer,PhD,Google Meet,58.43,0.647,7,93.39,88.8,Neutral,27.35,4.91,48,0.363,77.88,Second Round
CAND_CF05A0,26,5,Marketing Analyst,Associate,Zoom,50.05,0.779,10,100.0,75.79,Neutral,24.32,,34,0.414,69.55,Hired
CAND_6776B3,33,10,HR Manager,Associate,Zoom,56.7,0.535,9,100.0,87.18,Confident,22.53,4.36,51,0.737,77.09,Second Round
CAND_CFC5FB,39,23,UX Designer,Master's,Teams,54.5,0.571,9,100.0,69.02,Confident,9.28,4.22,34,0.636,65.38,Rejected
CAND_747768,36,14,Software Engineer,Master's,Zoom,36.34,0.613,13,71.92,49.32,Confident,,6.89,51,0.113,51.32,Rejected
CAND_6D44B4,33,9,Data Scientist,Master's,Google Meet,40.16,0.46,11,79.85,50.75,Neutral,17.2,3.91,46,0.836,43.64,Rejected
CAND_84832B,40,15,UX Designer,Bachelor's,HireVue,90.09,0.391,9,100.0,96.58,Confident,22.05,5.28,51,0.398,75.91,Hired
CAND_C8B8F5,28,8,Business Analyst,Master's,Google Meet,66.23,0.528,6,100.0,100.0,Confident,18.51,6.45,42,0.557,73.22,Rejected
CAND_41C175,45,20,UX Designer,Master's,Zoom,61.68,0.403,7,100.0,100.0,Confident,19.82,5.35,30,0.559,76.1,Second Round
CAND_1A323B,36,7,Software Engineer,Master's,HireVue,71.47,0.767,4,100.0,81.2,Confident,21.79,4.99,37,0.063,75.28,Rejected
CAND_7E1FDF,20,2,Data Scientist,Master's,HireVue,40.6,0.724,14,78.03,54.06,Neutral,35.5,5.36,50,0.594,50.55,Rejected
CAND_F13DEA,27,2,Business Analyst,PhD,HireVue,52.06,0.481,8,100.0,89.34,Confident,27.42,5.01,49,0.171,66.21,Hired
CAND_9D3EE9,26,3,Marketing Analyst,Master's,Zoom,61.55,0.581,7,100.0,95.19,Confident,3.23,3.62,44,0.445,86.99,Second Round
CAND_1737C5,27,3,HR Manager,Master's,Teams,61.41,0.624,12,100.0,100.0,Confident,11.78,3.61,39,0.229,67.8,Hired
CAND_0ED7E2,20,0,HR Manager,PhD,Zoom,57.97,0.535,7,99.22,91.04,Confident,10.96,4.15,52,0.223,62.18,Rejected
CAND_424CCD,20,0,Marketing Analyst,PhD,Teams,94.92,0.439,7,100.0,100.0,Confident,12.91,4.57,51,0.424,76.34,Rejected
CAND_CFE464,27,8,HR Manager,PhD,Google Meet,83.61,0.307,5,100.0,82.16,Neutral,6.06,,45,0.707,100.0,Hired
CAND_F95CF1,50,29,HR Manager,Bachelor's,Google Meet,80.26,0.639,8,100.0,98.04,Neutral,9.09,4.14,32,1.0,84.9,Hired
CAND_E22F67,27,2,Software Engineer,Bachelor's,HireVue,55.24,0.65,8,67.09,,Confident,35.28,5.33,42,0.545,62.41,Rejected
CAND_15058D,32,10,Sales Executive,Associate,Teams,94.38,0.852,6,100.0,71.88,Confident,3.88,4.71,54,0.63,95.58,Hired
CAND_FB9C7E,23,0,Software Engineer,Associate,Google Meet,50.07,0.397,15,72.76,88.94,Neutral,43.07,,56,0.472,53.36,Rejected
CAND_A303BD,20,0,UX Designer,Master's,Google Meet,42.53,0.558,11,100.0,79.84,Confident,10.39,4.37,58,0.51,59.15,Rejected
CAND_328673,44,24,Software Engineer,Bachelor's,HireVue,61.04,0.567,5,100.0,79.14,Confident,13.02,3.69,45,0.438,62.22,On Hold
CAND_597AE8,30,1,Business Analyst,Associate,HireVue,54.84,0.795,11,100.0,,Confident,23.42,3.99,52,0.376,62.14,Rejected
CAND_532E69,40,16,Marketing Analyst,Associate,Google Meet,55.45,0.695,8,100.0,95.47,Confident,16.68,4.69,44,0.918,61.63,Rejected
CAND_26D9DB,27,5,Sales Executive,Master's,Google Meet,,,8,93.38,98.35,Confident,24.72,4.75,53,0.24,69.46,Hired
CAND_50C978,20,0,UX Designer,PhD,Google Meet,48.2,0.592,10,82.71,53.63,Neutral,23.06,5.12,32,0.576,52.66,Rejected
CAND_88EBDE,37,20,UX Designer,Master's,Teams,48.69,,21,100.0,99.27,Confident,18.95,5.84,51,0.486,71.17,Rejected
CAND_816712,33,10,Business Analyst,Associate,Google Meet,77.78,0.633,7,91.02,100.0,Confident,16.43,4.01,36,0.708,93.3,Hired
CAND_FA1F6B,42,16,Business Analyst,PhD,HireVue,93.48,0.475,6,76.89,74.37,Neutral,27.97,4.87,49,0.539,81.32,Hired
CAND_82BB25,31,9,Data Scientist,Associate,Google Meet,48.44,0.2,9,98.27,90.27,Confident,18.84,,35,0.657,67.08,Second Round
CAND_4D4C42,29,10,Data Scientist,PhD,Zoom,33.34,0.714,12,100.0,100.0,Confident,15.93,3.74,37,0.763,55.54,Rejected
CAND_49A91B,34,14,HR Manager,Associate,Google Meet,51.41,0.519,11,100.0,80.73,Confident,24.94,4.72,35,0.118,66.49,Second Round
CAND_52EE18,25,0,HR Manager,PhD,HireVue,51.62,0.302,15,87.22,71.3,Neutral,11.88,4.54,38,0.951,51.86,Rejected
CAND_793956,26,8,UX Designer,Master's,HireVue,33.09,0.601,14,100.0,100.0,Confident,9.56,3.97,46,0.204,79.13,Rejected
CAND_6B8F31,27,2,Product Manager,Associate,Google Meet,72.54,0.576,10,84.09,54.35,Confident,31.75,4.71,25,0.616,77.85,Hired
CAND_940AB0,37,14,Product Manager,Bachelor's,Zoom,59.27,0.588,7,70.04,42.0,Confident,45.73,5.83,46,0.31,72.57,Rejected
CAND_EC8278,24,8,Product Manager,PhD,Zoom,52.55,0.917,11,100.0,63.83,Confident,16.64,5.16,58,0.72,66.1,Hired
CAND_5DCE56,40,17,Sales Executive,PhD,Teams,46.19,0.73,14,88.71,69.47,Neutral,14.74,,38,0.636,57.09,Rejected
CAND_79AA2F,23,0,UX Designer,Associate,HireVue,,0.687,5,99.02,69.85,Confident,20.62,5.87,60,0.598,83.5,Hired
CAND_812268,35,16,Data Scientist,PhD,Teams,,0.597,3,100.0,99.27,Confident,5.92,3.99,51,0.525,77.02,Second Round
CAND_0AEE15,26,5,UX Designer,Bachelor's,Teams,61.96,0.568,15,92.37,92.12,Confident,18.5,5.08,39,0.602,67.23,Second Round
CAND_96D4AD,26,4,Data Scientist,Master's,HireVue,35.21,0.404,11,87.85,78.84,Neutral,23.94,,42,0.664,45.36,Rejected
CAND_033CB0,39,13,Product Manager,Bachelor's,Zoom,64.58,0.671,11,100.0,100.0,Confident,13.45,5.36,38,0.863,69.39,Rejected
CAND_73FBEB,26,5,Product Manager,PhD,Teams,42.53,0.573,15,70.79,70.44,Neutral,38.69,6.94,54,0.566,47.16,Rejected
CAND_A94107,24,1,Business Analyst,Bachelor's,Zoom,50.82,0.656,7,98.98,89.64,Confident,9.37,3.72,57,0.697,65.98,Hired
CAND_39A814,39,23,Marketing Analyst,Associate,Teams,73.64,0.497,8,87.1,68.63,Slouched,,5.4,46,0.792,89.4,Hired
CAND_360260,36,18,HR Manager,PhD,Teams,54.37,0.505,7,64.72,53.53,Confident,48.42,6.01,27,0.387,54.13,On Hold
CAND_52BADB,25,2,Sales Executive,Master's,Google Meet,80.6,0.707,6,90.98,78.77,Confident,23.49,,51,0.528,84.05,Rejected
CAND_BA1A29,20,0,Software Engineer,Bachelor's,HireVue,72.54,0.632,6,100.0,100.0,Confident,6.44,3.71,47,0.667,85.46,Hired
CAND_2BF0CA,26,7,HR Manager,Associate,HireVue,62.06,0.485,10,100.0,100.0,Confident,7.12,4.5,46,0.327,58.01,Rejected
CAND_D5645F,26,7,UX Designer,Associate,Zoom,91.41,0.614,6,100.0,,Confident,5.44,3.93,22,0.463,89.21,Hired
CAND_AAD460,31,7,Marketing Analyst,Master's,HireVue,62.1,0.368,8,82.87,67.03,Neutral,25.04,4.51,37,0.407,67.37,Rejected
CAND_787FAA,42,21,Business Analyst,Bachelor's,Google Meet,43.54,0.593,12,58.78,72.21,Slouched,36.8,5.33,56,0.594,50.3,Rejected
CAND_7BA7C5,26,4,Business Analyst,Associate,Teams,88.22,0.476,7,94.66,100.0,Confident,21.56,4.17,49,0.821,82.11,Hired
CAND_00EA3A,31,11,HR Manager,Associate,Teams,69.72,0.606,7,93.15,82.19,Confident,19.05,4.12,61,0.592,67.0,Hired
CAND_EA7EA4,34,9,Business Analyst,Associate,Teams,73.68,0.723,7,74.97,68.18,Confident,30.4,5.08,42,0.248,68.65,Hired
CAND_2D0414,24,0,Marketing Analyst,Associate,Teams,76.53,0.644,11,100.0,88.64,Confident,19.91,5.09,41,0.558,87.0,Hired
CAND_BA52D8,23,0,Marketing Analyst,Associate,Teams,50.29,0.559,11,83.13,65.7,Confident,28.64,4.94,38,0.598,58.26,On Hold
CAND_072988,27,7,UX Designer,PhD,Google Meet,71.14,0.539,9,100.0,73.9,Confident,7.35,4.17,49,0.146,83.87,Rejected
CAND_28BD3C,31,4,HR Manager,Associate,Zoom,50.56,0.374,6,75.99,62.71,Neutral,22.87,4.6,41,0.082,57.43,Rejected
CAND_19F482,41,23,Marketing Analyst,Associate,Zoom,63.14,0.619,8,100.0,87.79,Confident,4.74,3.32,25,0.444,88.61,Hired
CAND_989570,27,5,HR Manager,Master's,HireVue,71.29,0.663,12,91.29,100.0,Neutral,30.87,5.26,34,0.466,83.11,Second Round
CAND_44B433,24,0,Sales Executive,Master's,Google Meet,45.0,0.3,11,78.46,64.04,Neutral,14.49,4.67,68,0.09,60.78,Rejected
CAND_5190C8,40,14,Marketing Analyst,Bachelor's,Teams,54.56,0.401,12,69.94,59.2,Neutral,36.77,5.05,46,0.655,68.61,Rejected
CAND_20FF6F,22,0,Business Analyst,Bachelor's,HireVue,37.37,0.702,8,84.94,67.28,Confident,24.97,6.11,38,0.292,55.16,Rejected
CAND_B3F38C,32,15,HR Manager,Bachelor's,Teams,57.53,0.408,5,99.43,100.0,Confident,27.97,6.16,37,0.362,72.86,Second Round
CAND_22541D,40,15,Software Engineer,Master's,Teams,57.77,,6,100.0,100.0,Confident,8.6,4.12,48,0.597,72.74,Second Round
CAND_CEE803,32,10,UX Designer,Bachelor's,Zoom,62.94,0.735,9,100.0,100.0,Confident,15.45,4.34,34,0.489,79.54,Rejected
CAND_553201,43,12,UX Designer,PhD,HireVue,65.58,0.782,3,100.0,71.87,Confident,4.61,3.99,47,0.42,73.33,Rejected
CAND_403B7B,20,0,Product Manager,Master's,HireVue,69.07,0.478,8,83.94,55.52,Confident,14.73,4.33,66,0.556,72.56,Hired
CAND_0FA2A1,20,0,UX Designer,Bachelor's,Zoom,35.87,0.686,14,87.49,,Confident,7.69,4.06,37,0.851,49.11,Rejected
CAND_4C9F8B,25,1,Product Manager,Bachelor's,Zoom,66.59,0.792,4,66.42,63.28,Neutral,28.08,,49,0.217,60.88,Rejected
CAND_CF5FF0,32,14,Business Analyst,Master's,Zoom,74.34,0.866,6,88.23,74.93,Confident,18.23,4.17,50,0.399,81.96,Hired
CAND_E58C3D,33,4,Business Analyst,Master's,Teams,120.12,0.693,1,100.0,65.59,Confident,16.51,4.41,51,0.626,94.86,Hired
CAND_486D30,30,10,UX Designer,Associate,Teams,46.5,0.626,14,100.0,,Confident,7.12,4.23,34,0.08,69.87,Hired
CAND_942A65,35,11,Software Engineer,Master's,Zoom,60.38,0.475,10,100.0,93.54,Confident,14.5,5.1,57,0.521,76.74,Second Round
CAND_987B77,20,1,UX Designer,Bachelor's,HireVue,69.22,0.768,6,96.82,92.32,Neutral,15.84,3.92,46,0.352,87.94,Second Round
CAND_7D9E4A,22,0,Data Scientist,Master's,Google Meet,39.69,0.686,14,85.36,85.83,Confident,29.64,4.65,47,0.676,48.23,On Hold
CAND_7FC8B0,20,2,Data Scientist,Associate,HireVue,69.88,0.527,5,100.0,100.0,Confident,4.15,4.56,50,0.32,75.84,Hired
CAND_AAC236,24,2,Software Engineer,Bachelor's,Zoom,80.29,0.95,7,100.0,,Confident,5.23,3.42,45,0.427,85.49,Hired
CAND_1164DE,25,5,Data Scientist,Associate,HireVue,38.59,0.767,12,100.0,69.8,Confident,8.39,3.7,52,0.551,54.72,Rejected
CAND_FF98B0,22,0,UX Designer,Master's,Google Meet,87.46,0.545,5,100.0,100.0,Confident,2.21,3.33,23,0.345,87.88,Hired
CAND_788ED6,22,1,Marketing Analyst,Master's,HireVue,41.62,0.402,14,99.87,100.0,Confident,10.1,3.88,37,0.666,61.31,Rejected
CAND_391446,20,0,Business Analyst,PhD,HireVue,87.7,0.657,9,100.0,100.0,Confident,29.37,4.63,41,0.425,86.7,Hired
CAND_FB1394,32,8,Data Scientist,Associate,Zoom,35.25,0.806,9,40.92,42.05,Slouched,71.86,6.57,54,0.673,34.95,Rejected
CAND_52527F,36,14,Sales Executive,Bachelor's,Teams,47.28,0.2,12,100.0,,Confident,9.92,4.48,57,0.857,61.82,Rejected
CAND_68BE4D,39,15,Product Manager,Bachelor's,Google Meet,51.45,0.494,5,100.0,68.59,Confident,11.15,4.13,59,0.586,61.89,Rejected
CAND_5015F2,25,0,UX Designer,Bachelor's,Teams,64.06,0.605,5,91.72,73.8,Neutral,10.71,3.84,48,0.609,73.64,Rejected
CAND_6FA775,32,13,Data Scientist,Master's,Teams,63.48,0.771,8,100.0,50.94,Confident,6.29,3.53,48,0.458,78.5,Rejected
CAND_8BCDDC,26,5,Software Engineer,Bachelor's,Google Meet,65.56,0.537,7,100.0,,Confident,17.8,4.31,40,0.691,87.28,Hired
CAND_AC3CD5,29,8,UX Designer,Master's,Google Meet,55.29,0.497,6,88.07,68.18,Confident,32.54,5.85,36,0.606,61.86,Rejected
CAND_0CEC87,33,10,Product Manager,PhD,Teams,40.85,0.33,6,100.0,100.0,Confident,16.03,4.44,53,0.509,51.1,Rejected
CAND_DC2C13,34,8,Product Manager,PhD,Teams,,0.54,8,97.45,82.75,Confident,26.16,5.1,63,0.61,73.68,Second Round
CAND_3AC3C1,34,11,Product Manager,Bachelor's,Teams,60.78,0.477,6,100.0,90.19,Confident,10.16,4.05,56,0.163,77.34,Hired
CAND_0F47A4,34,12,Sales Executive,PhD,Google Meet,56.43,,6,100.0,100.0,Confident,6.4,3.81,68,0.38,75.58,Second Round
CAND_316BB9,38,19,UX Designer,Master's,HireVue,68.28,0.538,13,89.62,88.08,Confident,35.61,5.39,31,0.248,78.56,Rejected
CAND_04C6B5,20,0,Data Scientist,Associate,HireVue,35.86,0.663,10,93.89,59.03,Confident,28.08,4.63,37,0.61,42.9,On Hold
CAND_BC80C6,40,23,HR Manager,Associate,HireVue,30.71,0.695,12,94.18,93.26,Neutral,20.55,4.26,34,0.505,53.82,Rejected
CAND_08075F,37,14,Software Engineer,Master's,Google Meet,60.28,0.67,10,100.0,96.51,Confident,,3.78,27,0.424,60.15,Rejected
CAND_00DFFA,37,14,HR Manager,PhD,Teams,76.77,0.706,4,83.69,54.02,Confident,29.38,5.25,26,0.442,75.22,Hired
CAND_2051E2,25,1,Software Engineer,Master's,Teams,77.9,0.575,10,99.15,100.0,Confident,10.66,4.16,43,0.488,92.55,Hired
CAND_B37ECD,39,15,Marketing Analyst,Bachelor's,HireVue,,0.282,11,100.0,74.56,Confident,18.65,4.75,44,0.496,72.88,Rejected
CAND_6C1A1D,29,6,Business Analyst,Master's,Zoom,33.07,0.759,11,100.0,79.1,Confident,4.68,4.21,50,0.775,50.48,Rejected
CAND_6D0BF0,28,9,Software Engineer,PhD,Teams,83.47,0.579,4,100.0,68.22,Confident,15.77,3.78,56,0.75,84.66,Rejected
CAND_2A7B37,30,9,Marketing Analyst,Bachelor's,Zoom,54.39,0.95,8,100.0,81.95,Confident,15.12,5.39,34,0.219,75.22,Rejected
CAND_AFDC27,32,13,Business Analyst,PhD,Zoom,35.07,0.765,15,70.76,52.92,Confident,29.61,6.4,42,0.47,46.33,On Hold
CAND_E94675,20,0,Business Analyst,Master's,Google Meet,65.88,0.745,10,100.0,98.1,Confident,16.25,5.56,46,0.444,76.49,Rejected
CAND_2E9B43,30,3,Sales Executive,Bachelor's,Teams,68.77,0.373,12,95.14,100.0,Neutral,31.57,4.42,59,0.312,83.01,Second Round
CAND_E2137A,31,7,Marketing Analyst,Associate,HireVue,59.8,,7,96.75,72.08,Confident,,5.55,46,0.617,67.63,Rejected
CAND_CBBEBF,28,3,Software Engineer,Master's,Zoom,,,12,100.0,99.0,Confident,1.07,3.69,32,0.612,50.49,On Hold
CAND_AA877E,20,0,Marketing Analyst,Bachelor's,Google Meet,35.7,0.439,12,91.63,95.07,Confident,20.57,4.99,42,0.579,59.67,Rejected
CAND_E2274C,35,14,Business Analyst,Bachelor's,Zoom,37.91,0.711,11,100.0,100.0,Confident,12.49,4.22,51,0.69,51.97,Rejected
CAND_B515EA,27,7,Product Manager,Associate,HireVue,48.88,0.866,12,89.74,88.41,Confident,15.43,4.8,48,0.425,57.26,Rejected
CAND_12FDA3,41,22,Product Manager,Master's,Zoom,79.65,0.478,7,92.24,82.32,Confident,24.32,4.04,52,0.731,71.47,Rejected
CAND_C21AF5,43,15,UX Designer,Master's,Zoom,62.78,0.649,11,100.0,88.34,Confident,18.58,4.65,56,0.485,73.08,Rejected
CAND_9D7EB4,32,11,Product Manager,Bachelor's,Teams,,0.753,10,88.95,88.43,Confident,17.12,4.99,26,0.39,67.19,Hired
CAND_BB85AD,40,12,UX Designer,Associate,Zoom,59.61,,5,78.85,74.79,Confident,22.78,4.48,53,0.644,70.58,Second Round
CAND_A7B633,28,1,Software Engineer,PhD,Zoom,51.62,0.451,15,100.0,80.4,Confident,13.51,4.28,38,0.539,66.38,Rejected
CAND_D00E8F,34,12,Business Analyst,Bachelor's,Zoom,77.47,0.437,7,100.0,,Confident,8.2,3.62,66,0.429,88.84,Second Round
CAND_8C2DC6,33,14,Marketing Analyst,Associate,Zoom,47.78,0.676,9,100.0,76.94,Confident,4.51,4.03,52,0.502,57.05,Rejected
CAND_498E95,24,0,HR Manager,PhD,Google Meet,51.27,0.542,12,91.94,95.76,Confident,4.48,3.95,61,0.569,64.3,Rejected
CAND_347729,20,0,HR Manager,Associate,Teams,82.27,0.599,8,82.24,82.28,Confident,37.47,5.11,55,0.401,85.39,Hired
CAND_720A9B,45,26,Product Manager,PhD,Zoom,70.82,0.694,10,86.78,42.55,Confident,22.6,4.44,43,0.406,66.02,Hired
CAND_3868AC,20,0,Software Engineer,PhD,Google Meet,68.44,0.623,7,100.0,100.0,Confident,9.35,4.24,54,0.0,79.26,Rejected
CAND_2CC14F,42,17,UX Designer,Bachelor's,Zoom,54.78,0.638,12,65.63,62.92,Neutral,46.0,6.12,39,0.282,58.87,On Hold
CAND_4315EB,29,9,Marketing Analyst,PhD,HireVue,57.28,0.324,16,74.57,81.06,Neutral,50.1,5.66,55,0.606,68.83,Hired
CAND_12BC6D,29,5,Sales Executive,Associate,HireVue,51.22,0.419,8,91.05,94.24,Neutral,25.18,5.55,38,0.972,54.78,Rejected
CAND_613073,30,5,Business Analyst,Master's,Google Meet,74.37,0.682,10,100.0,92.41,Confident,20.28,4.02,54,0.858,92.62,Hired
CAND_547CAD,28,8,Software Engineer,Bachelor's,HireVue,58.83,0.633,7,100.0,100.0,Confident,3.34,4.15,43,0.497,66.64,Rejected
CAND_4DD09F,35,16,Data Scientist,Associate,HireVue,,0.81,8,100.0,100.0,Confident,3.92,4.59,51,0.341,80.06,Hired
CAND_20767F,20,2,Sales Executive,Associate,Zoom,43.79,0.443,10,73.01,69.32,Slouched,,5.96,44,0.334,52.09,On Hold
CAND_C648CC,27,4,UX Designer,Bachelor's,Google Meet,60.52,,5,81.29,71.06,Neutral,25.87,,47,0.495,60.02,Rejected
CAND_968E1C,42,25,UX Designer,PhD,HireVue,54.73,0.826,13,87.17,84.71,Confident,13.23,4.04,28,0.315,63.66,Rejected
CAND_33EF32,32,7,Sales Executive,Master's,Google Meet,64.29,0.563,12,90.61,68.12,Confident,,,54,0.6,62.11,Rejected
CAND_33857E,22,0,Software Engineer,PhD,Teams,83.65,0.744,4,100.0,86.75,Confident,12.74,4.46,46,0.387,91.09,Hired
CAND_0C54D2,21,0,Sales Executive,Master's,Google Meet,67.27,0.696,6,87.68,99.51,Neutral,31.63,,38,0.458,69.33,Rejected
CAND_0E590C,23,1,Sales Executive,Master's,Teams,40.05,0.612,14,100.0,77.57,Confident,10.37,3.56,40,0.439,55.5,Rejected
CAND_7C8DA9,32,7,Sales Executive,Bachelor's,Teams,62.4,0.527,14,100.0,81.24,Confident,4.67,,44,0.195,63.85,Rejected
CAND_38346B,21,2,UX Designer,Associate,HireVue,44.89,0.518,18,77.02,94.76,Neutral,38.63,5.29,46,0.411,49.12,Rejected
CAND_AEB22E,41,16,Marketing Analyst,Associate,Google Meet,55.43,0.543,9,66.55,60.08,Neutral,53.11,5.64,34,0.41,62.87,Rejected
CAND_AC601D,35,11,Product Manager,Associate,Teams,78.24,0.587,5,97.58,87.08,Confident,24.34,5.2,57,0.572,78.18,Second Round
CAND_FED37C,43,21,Business Analyst,Associate,Google Meet,,0.342,6,96.49,82.8,Neutral,20.45,4.98,43,0.547,74.35,Hired
CAND_D8A375,29,3,Data Scientist,Associate,HireVue,54.19,0.717,7,95.85,65.76,Confident,26.62,6.38,42,0.17,65.18,Hired
CAND_8B3BE7,30,12,Product Manager,Associate,Teams,43.61,0.765,5,88.51,100.0,Confident,20.67,4.42,69,0.506,58.67,Rejected
CAND_059E0D,38,13,UX Designer,Master's,Google Meet,,0.85,9,100.0,96.86,Confident,9.12,4.06,35,0.477,64.64,Rejected
CAND_7347F2,33,13,Product Manager,Bachelor's,Zoom,40.99,0.617,12,81.0,66.69,Neutral,29.41,6.04,48,0.779,51.2,Rejected
CAND_A51E3D,39,19,Marketing Analyst,Bachelor's,Zoom,45.22,0.504,12,100.0,94.86,Confident,15.33,3.94,56,0.624,50.36,Rejected
CAND_C988E0,33,12,Data Scientist,PhD,HireVue,,0.726,7,100.0,100.0,Confident,12.74,3.93,45,0.688,85.25,Hired
CAND_C0CFF3,20,0,Business Analyst,Master's,HireVue,78.41,0.711,6,96.31,85.04,Neutral,25.62,4.58,31,0.727,80.12,Second Round
CAND_605DC9,23,0,HR Manager,Master's,Teams,56.28,0.621,13,78.38,97.41,Confident,50.65,5.99,42,0.527,57.85,Rejected
CAND_67636B,22,0,Software Engineer,PhD,Google Meet,45.63,0.554,10,100.0,100.0,Confident,8.48,3.88,35,0.506,68.41,Second Round
CAND_9D8BB6,46,23,Data Scientist,PhD,Teams,31.45,0.711,11,87.45,100.0,Confident,21.34,4.08,51,0.313,51.84,Rejected
CAND_0C7753,20,0,Product Manager,Bachelor's,Zoom,46.73,0.592,11,85.93,54.39,Confident,29.68,4.38,44,0.356,52.16,Rejected
CAND_97C580,31,10,Marketing Analyst,PhD,Google Meet,49.76,,11,93.19,97.36,Confident,21.56,4.35,37,0.477,58.62,Rejected
CAND_150FF4,29,8,Product Manager,Bachelor's,Google Meet,67.63,0.441,8,100.0,91.81,Confident,5.88,3.9,60,0.597,84.1,Second Round
CAND_2024E1,28,5,Marketing Analyst,Associate,Teams,78.52,0.545,7,100.0,83.19,Confident,18.07,4.32,50,0.754,88.33,Hired
CAND_272E9B,28,9,Data Scientist,Master's,Zoom,64.55,0.83,8,94.49,91.14,Neutral,12.82,3.83,49,0.554,75.78,Second Round
CAND_BA9BF7,34,15,Marketing Analyst,Associate,Teams,39.34,0.653,13,71.53,54.08,Neutral,27.4,5.25,36,0.509,46.75,Rejected
CAND_35888B,46,18,Marketing Analyst,Master's,HireVue,44.91,0.52,8,68.84,50.3,Confident,39.7,5.22,54,0.363,49.34,Rejected
CAND_89A30B,41,14,UX Designer,PhD,Teams,80.74,0.741,9,100.0,89.23,Confident,2.32,3.2,23,0.577,100.0,Hired
CAND_D2DC67,36,13,Sales Executive,PhD,Zoom,36.48,0.647,13,82.98,84.89,Neutral,24.08,4.65,59,0.443,46.48,Rejected
CAND_FDB73A,37,15,Software Engineer,Associate,Google Meet,65.71,0.625,8,100.0,69.11,Confident,4.34,3.5,27,0.251,77.44,Hired
CAND_3A6E15,25,0,Business Analyst,Bachelor's,Teams,51.93,0.6,10,100.0,100.0,Confident,17.59,3.71,52,0.687,76.74,Second Round
CAND_9B1C94,28,5,Product Manager,Master's,Zoom,65.73,0.392,11,100.0,100.0,Confident,14.23,3.67,37,0.634,63.52,Rejected
CAND_41EFE1,29,3,Product Manager,PhD,Google Meet,41.68,0.792,11,97.85,98.04,Confident,5.92,,56,0.391,52.71,Rejected
CAND_479157,31,8,Software Engineer,Bachelor's,Teams,84.53,0.468,8,100.0,65.11,Confident,24.23,,30,0.437,89.46,Hired
CAND_73CE2C,45,30,UX Designer,Associate,HireVue,60.49,0.792,8,93.92,100.0,Confident,,5.67,38,0.544,67.71,Second Round
CAND_E8F918,28,7,UX Designer,Bachelor's,Zoom,72.77,0.546,8,98.48,61.39,Confident,20.99,5.4,45,0.357,78.53,Second Round
CAND_787707,21,0,HR Manager,Bachelor's,HireVue,63.43,0.573,8,94.23,77.16,Confident,27.38,4.56,46,0.805,67.14,Rejected
CAND_02036F,25,3,HR Manager,Bachelor's,Zoom,73.21,0.825,11,100.0,100.0,Confident,8.57,3.7,41,0.474,86.03,Hired
CAND_528CC6,26,3,HR Manager,Master's,HireVue,78.42,0.542,6,92.54,80.17,Confident,19.49,4.13,32,0.581,88.24,Hired
CAND_ABFE99,24,0,Data Scientist,Master's,Zoom,57.44,0.656,8,100.0,63.21,Confident,7.84,3.14,52,0.677,81.33,Rejected
CAND_090590,20,0,Software Engineer,Associate,Google Meet,38.01,0.556,4,74.99,77.69,Neutral,32.79,4.69,52,0.042,48.08,Rejected
CAND_6A695D,29,6,Sales Executive,Bachelor's,Google Meet,157.28,0.628,0,100.0,100.0,Confident,5.98,4.01,61,0.559,98.44,Hired
CAND_A8C97E,21,0,Data Scientist,Master's,Google Meet,67.48,0.467,6,100.0,100.0,Neutral,20.61,3.82,35,0.552,81.22,Hired
CAND_6F683A,35,9,HR Manager,Bachelor's,Zoom,28.19,0.433,13,44.38,37.63,Slouched,53.15,6.06,57,0.486,45.67,Rejected
CAND_823BAF,31,17,Product Manager,Associate,Teams,50.47,0.372,15,100.0,84.21,Confident,,5.52,54,0.601,68.89,Hired
CAND_7F5573,37,10,HR Manager,Master's,Teams,82.42,0.586,4,100.0,,Confident,6.51,3.54,48,0.515,92.24,Hired
CAND_F8E4E9,25,7,Software Engineer,Associate,Zoom,66.89,0.529,12,92.53,,Confident,9.08,3.87,40,0.501,77.43,Hired
CAND_83CA8F,29,13,Marketing Analyst,Master's,Google Meet,95.51,0.613,8,100.0,,Confident,29.48,4.25,48,0.441,80.64,Rejected
CAND_4E2C17,20,0,HR Manager,Associate,HireVue,81.04,0.74,3,100.0,,Confident,14.88,4.28,46,0.445,93.65,Hired
CAND_6B648E,42,21,Software Engineer,Bachelor's,Zoom,51.12,0.424,8,100.0,97.64,Confident,12.52,4.19,39,0.453,61.07,Rejected
CAND_E092A6,45,25,Marketing Analyst,Master's,Google Meet,36.76,0.688,15,100.0,90.52,Confident,15.99,3.75,36,0.443,57.08,Rejected
CAND_B641B6,27,2,UX Designer,Associate,Teams,72.53,0.731,9,100.0,90.93,Confident,1.33,3.53,47,0.254,87.86,Hired
CAND_E6C7D9,28,0,HR Manager,Bachelor's,Google Meet,73.09,0.877,9,43.35,23.83,Slouched,64.05,6.54,47,0.455,72.11,Rejected
CAND_462E86,27,4,Business Analyst,PhD,HireVue,55.02,0.713,9,81.57,88.83,Confident,37.17,5.0,43,0.276,56.38,Rejected
CAND_93D1C4,20,0,Sales Executive,Associate,Teams,64.73,0.562,8,77.25,78.33,Neutral,40.67,4.8,51,0.163,71.87,Rejected
CAND_84B6B8,21,0,Product Manager,Master's,Zoom,34.78,0.532,12,100.0,94.3,Confident,9.73,3.59,39,0.365,41.24,Rejected
CAND_B2A41F,40,20,Sales Executive,Associate,Teams,,0.503,7,89.82,74.74,Confident,15.14,4.4,23,0.698,74.33,Second Round
CAND_574FA1,27,4,Software Engineer,Associate,Google Meet,51.17,0.651,8,89.95,76.69,Confident,20.6,5.28,31,0.642,69.66,Second Round
CAND_11345B,33,20,Business Analyst,Master's,Google Meet,53.62,0.49,8,97.82,100.0,Confident,7.49,3.58,37,0.301,62.79,On Hold
CAND_533BC0,23,0,Business Analyst,Bachelor's,Google Meet,94.6,0.705,6,100.0,89.07,Confident,13.84,3.95,33,0.669,96.21,Hired
CAND_424E33,20,0,Software Engineer,Master's,Google Meet,52.16,0.703,13,86.36,79.39,Neutral,19.58,4.44,36,0.443,57.26,Rejected
CAND_8AA88E,28,1,Software Engineer,Master's,Google Meet,73.01,0.577,4,100.0,92.27,Confident,7.49,3.68,52,0.399,73.93,Second Round
CAND_7BE3A1,42,29,HR Manager,Associate,HireVue,62.14,0.843,7,95.68,85.57,Confident,5.08,,32,0.692,78.75,Rejected
CAND_291EE0,36,15,HR Manager,Master's,Google Meet,48.71,0.368,21,89.92,86.27,Confident,,4.23,38,0.451,62.09,Rejected
CAND_AA8D43,34,12,HR Manager,Bachelor's,HireVue,61.48,0.678,9,100.0,87.86,Confident,14.29,4.58,35,0.701,80.4,Second Round
CAND_F67417,44,22,Product Manager,Bachelor's,Zoom,49.67,0.622,9,88.07,85.7,Confident,13.59,4.03,29,0.245,63.01,On Hold
CAND_DB6437,38,15,Product Manager,Associate,Teams,61.52,0.584,8,100.0,71.33,Confident,9.73,4.51,44,0.488,72.3,Second Round
CAND_8D8C6A,33,10,Marketing Analyst,Bachelor's,Zoom,36.86,0.462,6,79.25,66.73,Confident,30.5,5.42,32,0.465,45.85,Rejected
CAND_78136B,32,7,Marketing Analyst,PhD,Google Meet,55.24,0.742,8,72.16,73.67,Neutral,53.37,6.19,48,0.558,59.1,Rejected
CAND_0E566F,41,19,UX Designer,PhD,HireVue,65.94,0.83,11,71.39,53.01,Confident,44.21,5.46,36,0.512,71.07,Second Round
CAND_A69C30,31,13,Marketing Analyst,Master's,HireVue,42.78,0.529,12,85.33,63.98,Confident,19.07,4.82,31,0.797,60.77,Rejected
CAND_89CE3C,45,24,Business Analyst,Bachelor's,HireVue,75.42,0.493,8,100.0,77.34,Confident,24.18,4.86,35,0.472,75.22,Rejected
CAND_3E5114,20,0,Business Analyst,PhD,HireVue,42.07,,9,90.78,68.95,Confident,22.66,4.36,32,0.59,45.33,Rejected
CAND_E1B9EC,34,4,Marketing Analyst,PhD,Teams,73.52,0.436,7,100.0,100.0,Confident,24.63,4.72,42,0.781,79.39,Second Round
CAND_FD42AA,25,5,Product Manager,PhD,Google Meet,56.43,0.378,9,94.96,83.23,Neutral,13.9,3.77,59,0.356,72.03,Hired
CAND_1BFCDE,20,0,Software Engineer,Bachelor's,HireVue,60.55,0.747,12,85.73,84.52,Neutral,24.48,4.15,73,0.216,67.32,Rejected
CAND_CB214D,27,4,Product Manager,Associate,Teams,75.96,0.729,4,100.0,100.0,Confident,14.0,4.44,25,0.412,95.53,Hired
CAND_EFC9C1,25,2,HR Manager,PhD,Teams,46.71,0.659,10,72.32,,Neutral,23.14,5.13,37,0.723,60.41,Rejected
CAND_AC3DB8,30,7,Sales Executive,PhD,Zoom,88.06,0.543,2,100.0,100.0,Confident,15.18,4.74,53,0.0,86.01,Hired
CAND_4D0120,26,3,Business Analyst,PhD,Zoom,63.37,0.471,4,86.02,60.83,Confident,24.95,5.04,44,0.793,66.99,Hired
CAND_E6D233,36,19,Marketing Analyst,Bachelor's,Google Meet,47.81,0.751,15,84.97,89.59,Confident,26.7,4.63,59,0.344,55.55,On Hold
CAND_50A7CA,20,3,Product Manager,PhD,Teams,80.51,0.565,9,99.25,100.0,Confident,19.7,5.0,50,0.465,100.0,Second Round
CAND_87F8FB,43,24,Business Analyst,Associate,Google Meet,70.54,0.368,4,100.0,100.0,Confident,5.97,3.31,46,0.28,83.82,Rejected
CAND_EEC969,22,0,Business Analyst,Bachelor's,Teams,77.0,0.626,8,100.0,86.67,Confident,5.46,4.01,34,0.574,80.83,Rejected
CAND_BDF0B1,31,16,Sales Executive,Associate,Teams,61.91,0.638,6,100.0,91.66,Confident,11.82,3.91,45,0.667,63.47,Rejected
CAND_636F2F,30,8,HR Manager,Bachelor's,Google Meet,69.9,0.681,7,100.0,69.11,Confident,3.82,4.89,44,0.677,86.52,Hired
CAND_202D02,25,5,Product Manager,Bachelor's,Google Meet,76.43,,13,100.0,100.0,Confident,4.17,3.84,55,0.574,84.81,Second Round
CAND_7AEA82,24,0,Product Manager,Bachelor's,HireVue,50.75,0.846,10,98.01,95.07,Confident,20.32,4.3,46,0.435,71.93,Second Round
CAND_108506,23,0,Marketing Analyst,Associate,Zoom,68.82,0.318,6,100.0,94.63,Confident,30.06,4.47,44,0.601,78.21,Hired
CAND_B23A03,28,8,Sales Executive,Master's,HireVue,53.19,0.544,10,85.77,82.92,Confident,39.52,5.37,53,0.471,57.7,Rejected
CAND_163136,20,0,HR Manager,PhD,Teams,,0.542,8,94.12,78.55,Neutral,15.77,4.39,52,0.54,83.73,Hired
CAND_10C413,29,9,Software Engineer,PhD,Zoom,43.16,0.699,11,94.29,78.72,Confident,20.39,4.3,47,0.166,52.58,Rejected
CAND_DC2AD7,37,16,Sales Executive,Bachelor's,HireVue,45.03,0.651,13,91.17,92.13,Neutral,28.76,4.96,47,0.669,61.74,Rejected
CAND_0ECD28,33,11,UX Designer,Bachelor's,Google Meet,76.68,0.544,8,100.0,100.0,Confident,20.8,5.43,45,0.819,85.8,Hired
CAND_FF5E24,26,0,Marketing Analyst,Master's,HireVue,35.03,0.604,16,89.86,79.25,Neutral,22.16,4.37,47,0.894,52.3,On Hold
CAND_973C24,28,4,Software Engineer,Master's,Zoom,54.54,0.642,13,80.33,94.37,Neutral,31.49,4.83,55,0.713,66.69,Second Round
CAND_8FD374,28,4,Data Scientist,Master's,HireVue,40.61,0.74,13,73.94,87.02,Neutral,39.8,6.86,54,0.527,49.2,Rejected
CAND_7EB422,27,3,Software Engineer,Master's,Zoom,51.74,0.851,15,100.0,100.0,Confident,4.94,3.81,30,0.551,66.21,Rejected
CAND_E140C0,30,9,HR Manager,Associate,HireVue,67.18,0.514,8,100.0,90.58,Confident,22.76,5.19,29,0.596,76.45,Hired
CAND_2A1E04,20,0,Sales Executive,Associate,Teams,52.99,0.395,14,93.54,100.0,Confident,32.16,5.61,47,0.289,66.37,Second Round
CAND_E1786D,29,7,Sales Executive,Associate,Google Meet,68.72,0.707,4,93.62,83.45,Confident,15.91,,45,0.689,70.36,Second Round
CAND_DD5703,24,0,Software Engineer,Master's,Google Meet,53.64,0.619,13,57.39,42.92,Neutral,41.7,6.28,57,0.491,55.69,Rejected
CAND_D6E45B,42,18,Business Analyst,PhD,Teams,47.89,0.744,15,77.47,89.93,Neutral,46.95,5.82,57,0.158,53.49,Rejected
CAND_0753D9,20,0,Data Scientist,Bachelor's,Zoom,54.65,0.464,7,84.89,99.39,Confident,27.59,4.81,56,0.48,61.5,Rejected
CAND_3C434B,25,2,UX Designer,PhD,Google Meet,61.64,0.656,15,100.0,94.51,Confident,4.13,3.32,29,0.477,73.8,Rejected
CAND_1FD10D,24,2,Product Manager,Master's,Teams,60.67,0.588,12,100.0,99.45,Confident,18.85,4.99,23,0.415,75.74,Hired
CAND_59B91E,34,10,UX Designer,PhD,Zoom,55.63,0.36,17,90.73,,Confident,26.47,5.3,56,0.555,66.22,Hired
CAND_019A91,27,5,Business Analyst,PhD,Zoom,61.53,0.664,11,100.0,90.6,Neutral,24.01,4.41,41,0.682,74.25,Rejected
CAND_1785A3,31,10,Marketing Analyst,Bachelor's,HireVue,57.61,0.662,16,75.49,84.25,Neutral,28.31,5.34,41,0.849,57.59,Rejected
CAND_E438A8,30,13,Software Engineer,Associate,HireVue,72.93,,13,100.0,74.65,Confident,6.75,3.68,27,0.062,90.86,Hired
CAND_65BB93,20,0,Business Analyst,Bachelor's,Google Meet,69.73,0.647,10,100.0,79.74,Confident,10.19,3.39,56,0.457,80.48,Hired
CAND_2AF644,33,11,Sales Executive,Associate,Teams,85.74,0.393,8,100.0,100.0,Confident,,4.86,51,0.473,83.38,Rejected
CAND_7C3C37,20,0,HR Manager,PhD,Teams,60.02,0.81,10,78.97,48.78,Confident,33.63,,59,0.018,61.63,Rejected
CAND_B64DAB,20,0,Product Manager,Associate,HireVue,50.74,0.661,8,87.5,83.13,Confident,,4.74,61,0.432,67.45,Second Round
CAND_B1B06D,37,15,Marketing Analyst,Bachelor's,HireVue,58.32,0.677,15,69.88,69.3,Neutral,27.18,4.75,34,0.43,49.06,Rejected
CAND_912482,23,2,Product Manager,PhD,Teams,79.7,0.515,2,100.0,,Confident,25.4,4.5,42,0.357,89.95,Hired
CAND_F67902,20,0,UX Designer,PhD,Teams,66.86,0.584,10,100.0,,Confident,27.49,5.41,54,0.585,79.59,Hired
CAND_BEC0A2,26,6,Product Manager,PhD,Teams,,0.498,9,100.0,65.87,Confident,8.28,3.75,55,0.456,57.08,Rejected
CAND_E6BEAC,25,0,Data Scientist,PhD,Google Meet,61.29,0.442,16,91.03,100.0,Confident,18.55,5.12,31,0.639,67.24,Rejected
CAND_744BA5,29,7,Business Analyst,Bachelor's,Google Meet,52.39,0.618,13,88.9,89.15,Neutral,17.74,4.61,45,0.486,71.87,Second Round
CAND_C9FEE9,30,10,Marketing Analyst,PhD,HireVue,59.22,0.64,5,100.0,,Confident,13.47,4.13,24,0.299,81.27,Second Round
CAND_9C1C52,44,25,UX Designer,Bachelor's,Zoom,63.35,0.679,10,100.0,83.89,Confident,8.05,5.02,35,0.586,60.31,Rejected
CAND_0A8AF8,40,16,Product Manager,PhD,Teams,65.69,0.66,10,100.0,80.22,Confident,14.37,,20,0.335,67.94,Second Round
CAND_34FD07,24,0,HR Manager,Associate,Google Meet,73.65,0.513,7,100.0,57.23,Confident,11.42,3.83,43,0.559,79.3,Rejected
CAND_E8946A,42,19,Software Engineer,Bachelor's,HireVue,67.16,0.782,9,85.4,,Confident,19.21,4.95,47,0.606,72.01,Second Round
CAND_5777DB,22,1,Business Analyst,Bachelor's,Zoom,,0.748,9,77.58,63.89,Confident,43.6,6.8,56,0.572,59.21,Rejected
CAND_2F6DC7,32,8,HR Manager,Associate,Zoom,79.9,0.439,5,100.0,85.92,Neutral,11.59,3.84,46,0.579,79.36,Second Round
CAND_AA9788,28,2,UX Designer,Associate,HireVue,47.51,0.438,7,75.92,50.57,Confident,40.73,6.74,52,0.143,57.34,Rejected
CAND_1F664B,36,6,Business Analyst,Bachelor's,Teams,73.8,0.509,7,91.96,76.14,Confident,35.29,5.27,67,0.303,85.99,Hired
CAND_0B2713,33,9,Software Engineer,PhD,Zoom,65.39,0.51,9,100.0,84.74,Confident,8.9,3.83,46,0.527,88.38,Hired
CAND_696956,20,0,Software Engineer,Associate,Teams,57.44,0.633,9,100.0,79.14,Confident,18.69,4.48,53,0.489,64.06,Rejected
CAND_82DB9E,23,3,Software Engineer,Master's,Zoom,80.2,0.567,8,100.0,63.39,Confident,7.43,3.53,48,0.552,87.31,Hired
CAND_AC356E,26,8,Marketing Analyst,Bachelor's,HireVue,37.98,0.807,16,100.0,86.69,Confident,13.25,4.11,51,0.399,64.44,Rejected
CAND_B764D9,31,9,Data Scientist,Associate,Google Meet,62.19,0.681,9,100.0,100.0,Confident,8.31,4.15,32,0.445,78.98,Hired
CAND_32DE14,32,8,Product Manager,Associate,Google Meet,65.37,0.746,9,91.24,69.4,Confident,18.54,4.06,40,0.491,70.82,Second Round
CAND_6676DE,36,12,UX Designer,Master's,HireVue,67.74,0.483,6,100.0,94.62,Confident,11.24,4.3,36,0.193,85.81,Hired
CAND_32C59F,46,19,Business Analyst,Bachelor's,Google Meet,83.31,0.484,9,58.82,48.1,Neutral,51.68,5.38,44,0.288,74.71,Rejected
CAND_9FE7A2,22,3,HR Manager,Bachelor's,Google Meet,85.41,0.594,10,100.0,80.68,Confident,14.61,6.24,43,0.974,78.29,Second Round
CAND_839D7F,27,4,Data Scientist,PhD,Google Meet,59.3,0.528,10,94.23,100.0,Confident,27.04,4.43,41,0.719,70.81,Second Round
CAND_EAB516,31,12,Data Scientist,Associate,HireVue,79.86,0.606,6,100.0,100.0,Neutral,15.31,4.72,47,0.61,95.39,Hired
CAND_E5A9F0,38,13,Marketing Analyst,Bachelor's,Teams,48.33,0.46,5,87.26,83.96,Confident,32.43,4.73,64,0.638,60.61,Rejected
CAND_1E8DED,43,21,HR Manager,PhD,HireVue,56.26,0.385,13,77.89,55.03,Neutral,40.62,,43,0.315,56.76,Rejected
CAND_0C8505,35,11,Business Analyst,PhD,Zoom,55.5,,7,100.0,84.33,Confident,,4.18,39,0.225,60.58,Rejected
CAND_F54273,25,4,Data Scientist,Master's,Teams,44.44,0.327,10,92.9,78.5,Confident,14.53,3.83,48,0.535,60.79,Rejected
CAND_70DE02,41,16,UX Designer,Master's,Teams,85.15,0.539,8,100.0,74.91,Confident,17.13,4.29,65,0.59,91.01,Hired
CAND_9FF0BC,26,4,Data Scientist,Master's,Google Meet,71.62,0.352,3,95.97,99.74,Confident,34.05,4.87,41,0.263,77.31,Second Round
CAND_E91126,20,1,Product Manager,Bachelor's,Teams,42.87,0.669,12,86.94,76.62,Confident,31.69,4.87,37,0.705,50.46,Rejected
CAND_33740F,28,3,Sales Executive,PhD,HireVue,53.77,0.454,11,100.0,54.22,Confident,24.69,4.41,24,0.554,62.84,Rejected
CAND_17859E,26,8,Marketing Analyst,Associate,HireVue,,0.441,14,100.0,81.63,Confident,2.95,4.18,24,0.406,75.39,Rejected
CAND_94D28F,23,0,HR Manager,Master's,Zoom,57.99,0.746,12,94.06,69.22,Confident,25.31,5.1,35,0.724,57.24,On Hold
CAND_745EB3,28,3,Software Engineer,PhD,Teams,90.28,0.735,11,100.0,99.23,Confident,3.45,3.96,53,0.497,90.93,Hired
CAND_DFBB2A,34,12,Product Manager,PhD,Zoom,60.2,0.566,7,100.0,100.0,Confident,21.13,4.88,53,0.374,72.22,Hired
CAND_57EF0E,30,11,UX Designer,Bachelor's,Zoom,54.94,0.935,16,100.0,100.0,Confident,11.56,5.16,60,0.56,71.49,Hired
CAND_67946C,34,18,HR Manager,Bachelor's,Zoom,75.73,0.608,5,78.43,66.84,Neutral,34.91,4.89,45,0.162,79.17,Second Round
CAND_657275,41,14,Data Scientist,Bachelor's,HireVue,53.91,0.922,10,84.9,68.34,Neutral,41.44,5.75,38,0.33,50.09,Rejected
CAND_49343B,37,19,Software Engineer,PhD,Google Meet,44.22,0.538,7,94.09,78.22,Neutral,8.1,4.57,57,0.692,66.13,Rejected
CAND_E24E4F,21,0,HR Manager,Master's,Teams,60.69,0.635,9,77.94,68.75,Neutral,42.01,5.79,22,0.385,63.22,Rejected
CAND_3519FC,47,24,UX Designer,PhD,HireVue,56.84,0.572,10,100.0,100.0,Confident,4.3,4.89,48,0.321,74.0,Second Round
CAND_862467,29,7,Business Analyst,Associate,HireVue,45.79,0.536,16,90.92,76.47,Confident,18.07,4.35,36,0.389,68.63,Rejected
CAND_94368D,29,7,Marketing Analyst,Master's,Google Meet,70.54,0.297,5,66.6,71.32,Slouched,31.94,5.96,64,0.611,78.34,Rejected
CAND_3B6446,36,9,Marketing Analyst,Bachelor's,Zoom,83.81,0.486,5,100.0,,Confident,10.89,4.76,71,0.348,99.56,Second Round
CAND_96C911,27,9,Sales Executive,Master's,Zoom,33.8,0.95,7,100.0,78.82,Confident,15.45,3.63,56,0.253,57.18,Rejected
CAND_F7226F,24,4,Marketing Analyst,Master's,HireVue,60.51,0.592,8,100.0,,Confident,9.73,3.9,52,0.753,70.24,Hired
CAND_9D73D9,30,12,HR Manager,Master's,Google Meet,46.48,0.665,8,95.58,84.37,Confident,26.15,4.17,36,0.507,46.17,Rejected
CAND_16A7D5,26,5,Business Analyst,Associate,Zoom,70.64,0.604,11,100.0,91.19,Neutral,12.1,7.34,62,0.174,87.62,Hired
CAND_544710,26,0,Product Manager,Bachelor's,Teams,53.32,0.649,8,97.88,72.14,Neutral,7.78,4.19,47,0.489,75.92,Rejected
CAND_92A58D,28,6,HR Manager,PhD,HireVue,46.36,0.544,5,100.0,78.71,Confident,2.81,4.42,49,0.275,58.14,Rejected
CAND_FC2107,30,16,Data Scientist,PhD,Teams,63.3,0.83,9,96.26,,Confident,23.33,4.26,47,0.676,73.1,Rejected
CAND_B588D2,41,16,Data Scientist,Bachelor's,Zoom,62.44,0.617,10,92.75,87.68,Confident,12.05,3.81,34,0.291,67.25,Rejected
CAND_A1EB91,29,8,Data Scientist,Associate,HireVue,65.3,0.768,9,93.48,85.04,Confident,18.31,4.6,57,0.539,77.97,Hired
CAND_DBCF2A,28,8,UX Designer,Associate,HireVue,47.1,0.577,11,100.0,100.0,Confident,15.86,4.8,25,0.653,71.18,Hired
CAND_D4E1E0,31,14,HR Manager,PhD,HireVue,67.38,0.691,11,100.0,94.53,Confident,15.27,,53,0.543,78.7,Hired
CAND_528E25,38,18,UX Designer,Master's,HireVue,60.02,0.514,5,79.04,67.31,Confident,34.81,4.96,49,0.692,57.14,On Hold
CAND_159163,20,0,Marketing Analyst,PhD,Zoom,47.9,0.505,13,94.2,81.63,Confident,7.78,5.12,56,0.548,56.2,Rejected
CAND_5DE0C0,30,9,Sales Executive,Bachelor's,Teams,,0.519,13,100.0,85.17,Neutral,13.84,3.83,52,0.537,64.13,Rejected
CAND_BBD029,40,13,Marketing Analyst,Bachelor's,Teams,68.09,0.732,15,80.25,,Slouched,48.99,5.9,42,0.427,67.76,Rejected
CAND_04E57D,26,2,Business Analyst,Master's,Zoom,62.96,0.514,7,98.15,89.72,Confident,8.71,3.41,48,0.897,74.61,Hired
CAND_754C77,27,2,Marketing Analyst,PhD,Teams,74.95,0.557,11,96.3,98.71,Confident,14.42,5.35,66,0.46,80.76,Hired
CAND_C4FBA8,34,16,Business Analyst,Associate,HireVue,74.19,0.356,6,100.0,100.0,Confident,6.78,3.17,27,0.984,100.0,Hired
CAND_4A1763,36,17,Business Analyst,Bachelor's,Teams,66.71,0.693,11,72.59,37.36,Neutral,30.12,5.83,48,0.222,67.29,Rejected
CAND_00F897,37,13,Sales Executive,Bachelor's,HireVue,55.22,0.761,5,100.0,83.94,Neutral,12.04,3.79,45,0.267,64.42,Rejected
CAND_BFCE0C,22,0,HR Manager,PhD,Teams,63.2,0.427,5,100.0,79.85,Confident,9.34,3.48,57,0.201,77.32,Hired
CAND_E9CC6B,36,18,Marketing Analyst,Bachelor's,Google Meet,73.01,0.467,10,78.52,70.06,Neutral,42.4,6.24,39,0.857,73.95,Rejected
CAND_06BEF8,33,9,UX Designer,Master's,Zoom,89.16,0.542,8,74.81,71.81,Neutral,16.31,,34,0.333,86.58,Hired
CAND_B08B19,40,16,Data Scientist,PhD,HireVue,76.19,0.62,12,100.0,,Confident,12.79,3.84,36,0.256,91.21,Second Round
CAND_65823C,36,15,Data Scientist,Master's,HireVue,59.55,0.702,9,100.0,99.63,Confident,5.97,3.6,42,0.357,64.12,Rejected
CAND_559B9E,33,10,Business Analyst,Associate,HireVue,55.35,0.489,15,100.0,86.16,Confident,3.86,3.37,39,0.652,67.72,Second Round
CAND_63F69B,37,10,Product Manager,Master's,HireVue,,0.584,10,95.65,100.0,Confident,13.91,5.78,55,0.523,75.5,Hired
CAND_98BF9D,21,0,Business Analyst,PhD,Zoom,,0.673,10,76.71,52.71,Confident,29.83,4.51,50,1.0,61.76,Rejected
CAND_87EDC7,23,5,Marketing Analyst,PhD,Google Meet,56.8,0.793,12,91.01,75.97,Confident,34.25,,45,0.6,67.9,Hired
CAND_78417B,20,0,Marketing Analyst,PhD,HireVue,46.02,0.587,10,100.0,93.0,Confident,10.22,4.82,35,0.362,58.65,Rejected
CAND_8B4F3B,28,6,HR Manager,Bachelor's,Teams,68.31,0.405,6,98.36,73.76,Confident,22.87,5.34,40,0.226,75.32,Second Round
CAND_19B387,33,15,HR Manager,PhD,Google Meet,61.82,,15,100.0,100.0,Confident,12.33,3.74,53,0.41,72.01,Rejected
CAND_D4D8F2,35,16,Software Engineer,Bachelor's,Google Meet,21.89,0.414,17,88.05,,Neutral,,4.98,38,0.513,60.09,Rejected
CAND_810293,27,8,HR Manager,Associate,Teams,71.14,0.816,11,100.0,97.41,Neutral,17.72,3.6,64,0.469,82.66,Rejected
CAND_972E3F,30,7,Business Analyst,Master's,HireVue,,0.58,6,83.2,72.96,Neutral,28.12,5.13,38,0.752,79.81,Hired
CAND_AD359D,39,17,Marketing Analyst,Bachelor's,Teams,76.36,0.447,4,86.8,95.36,Confident,23.36,4.17,41,0.151,84.95,Hired
CAND_055425,28,9,HR Manager,Bachelor's,Google Meet,68.01,0.545,12,90.05,71.25,Confident,11.51,4.37,34,0.147,59.49,On Hold
CAND_547A0E,25,7,Sales Executive,Bachelor's,HireVue,53.9,0.641,8,100.0,89.0,Confident,3.84,3.34,35,0.351,64.89,Rejected
CAND_41CDEF,25,0,Product Manager,Bachelor's,Teams,66.72,0.95,6,100.0,100.0,Confident,6.64,3.56,41,0.335,84.04,Rejected
CAND_3E7778,26,6,UX Designer,Bachelor's,Zoom,82.46,0.736,8,100.0,84.98,Confident,14.89,3.97,30,0.297,83.29,Rejected
CAND_1F5A1C,35,14,HR Manager,Associate,HireVue,,,8,94.52,70.08,Neutral,24.27,5.12,43,0.575,58.64,Rejected
CAND_4B040D,31,10,Sales Executive,Master's,Zoom,69.33,0.65,7,100.0,81.28,Confident,18.46,5.94,31,0.302,69.86,Hired
CAND_9CE385,37,20,Marketing Analyst,PhD,Teams,98.9,0.402,6,82.49,75.95,Neutral,42.66,5.94,45,0.61,90.9,Hired
CAND_55A183,28,7,Business Analyst,Associate,HireVue,50.6,0.714,8,89.82,94.66,Confident,16.36,,44,0.083,70.3,Second Round
CAND_857226,32,4,Software Engineer,PhD,HireVue,34.1,0.447,7,100.0,100.0,Confident,19.24,,29,0.913,73.06,Rejected
CAND_1550A1,23,1,Sales Executive,PhD,Teams,71.89,0.749,2,100.0,100.0,Neutral,22.69,4.33,35,0.331,75.02,Second Round
CAND_DC60D5,36,18,Software Engineer,PhD,Google Meet,95.73,0.569,5,100.0,67.15,Confident,18.02,5.15,42,0.45,89.78,Hired
CAND_3B1B24,42,17,UX Designer,Master's,Zoom,44.62,0.515,10,100.0,83.83,Neutral,9.43,3.96,50,0.492,68.7,Second Round
CAND_8F35ED,34,13,Software Engineer,PhD,Google Meet,51.76,0.74,8,87.76,77.35,Confident,34.67,6.65,44,0.335,55.36,Rejected
CAND_F453F1,38,14,Sales Executive,Master's,Zoom,57.78,0.839,8,80.32,54.44,Confident,36.07,5.68,37,0.347,71.63,Rejected
CAND_1F6D2C,37,16,HR Manager,Bachelor's,Zoom,52.8,0.645,7,91.51,78.33,Neutral,14.27,4.14,41,0.594,66.11,Rejected
CAND_3485ED,33,11,Data Scientist,Master's,Teams,,0.591,9,69.09,,Neutral,21.62,4.43,42,0.851,61.53,Rejected
CAND_9709D7,33,18,Product Manager,PhD,Google Meet,32.45,0.63,6,78.52,51.75,Neutral,34.38,5.28,27,0.498,52.78,Rejected
CAND_B90DA8,30,9,Software Engineer,Bachelor's,Google Meet,80.34,0.679,9,100.0,87.63,Confident,24.05,4.11,29,0.202,94.29,Hired
CAND_8C8D02,33,11,Software Engineer,Bachelor's,Google Meet,68.99,0.722,7,100.0,100.0,Confident,11.6,3.95,43,0.627,83.4,Second Round
CAND_74284A,43,23,Sales Executive,Bachelor's,Zoom,69.48,0.513,7,100.0,100.0,Confident,14.48,5.73,40,0.251,84.46,Second Round
CAND_B53F0F,39,21,Software Engineer,Associate,Teams,,0.388,19,86.98,96.24,Confident,14.55,4.12,45,0.421,50.9,Rejected
CAND_16D6C1,37,16,Marketing Analyst,Associate,HireVue,66.46,0.741,10,90.67,72.51,Confident,19.65,4.05,38,0.529,78.0,Second Round
CAND_C07F8F,28,4,Marketing Analyst,Associate,Google Meet,42.28,0.471,10,75.16,72.46,Neutral,26.95,5.13,36,0.794,54.87,Rejected
CAND_B6FB0F,33,8,UX Designer,Bachelor's,Google Meet,68.64,0.469,8,100.0,,Confident,20.58,4.48,51,0.676,80.1,Second Round
CAND_CFCDF6,41,20,Business Analyst,Associate,HireVue,64.5,0.633,6,93.2,100.0,Confident,18.73,4.68,46,0.427,72.09,Hired
CAND_423BF3,26,4,Data Scientist,Master's,Zoom,48.61,0.848,12,83.9,73.15,Confident,40.49,5.79,53,0.588,64.85,Rejected
CAND_C3F96F,21,0,Marketing Analyst,Master's,Google Meet,52.45,0.748,8,100.0,100.0,Confident,25.27,5.39,53,0.644,65.62,Hired
CAND_093407,38,14,Data Scientist,Bachelor's,Teams,,0.742,10,100.0,94.47,Confident,14.19,4.56,29,0.426,66.88,Hired
CAND_E02612,39,21,Marketing Analyst,Bachelor's,Google Meet,50.74,0.619,12,100.0,87.3,Confident,19.86,5.8,49,0.7,66.44,Rejected
CAND_2321D2,20,2,Marketing Analyst,Bachelor's,Teams,71.51,0.342,5,94.4,82.02,Confident,22.88,6.0,56,0.907,78.85,Rejected
CAND_98809E,26,2,Software Engineer,Master's,Teams,65.91,0.603,5,67.04,64.87,Confident,30.97,4.55,29,0.199,71.86,Second Round
CAND_A8DA00,31,7,Sales Executive,Associate,HireVue,86.21,0.452,4,100.0,95.61,Confident,3.59,3.06,20,0.62,93.41,Hired
CAND_2FB93C,26,5,Software Engineer,Associate,Teams,73.62,,6,100.0,100.0,Confident,9.44,5.46,52,0.71,79.03,Second Round
CAND_378C3E,27,0,Business Analyst,Bachelor's,Teams,54.98,0.762,14,100.0,68.93,Confident,1.05,3.24,25,0.282,67.65,Rejected
CAND_1DEF05,28,7,Software Engineer,Master's,HireVue,60.95,0.591,10,100.0,91.36,Confident,8.51,3.87,35,0.582,65.45,Second Round
CAND_2A1FB4,32,11,Marketing Analyst,PhD,Teams,55.15,0.67,7,95.43,,Confident,24.51,5.66,54,0.498,61.42,Rejected
CAND_DA0074,28,0,UX Designer,Master's,Teams,140.02,0.587,1,100.0,63.34,Confident,10.9,3.74,45,0.372,96.21,Hired
CAND_1094BC,24,0,Sales Executive,Bachelor's,Teams,60.09,0.607,5,100.0,100.0,Confident,9.71,3.84,27,0.25,78.7,Rejected
CAND_D7D966,31,9,UX Designer,Master's,Zoom,76.54,0.549,7,88.38,48.62,Confident,,5.48,39,0.286,82.38,Second Round
CAND_4603D4,24,0,Marketing Analyst,Bachelor's,Google Meet,47.47,0.64,5,100.0,83.4,Confident,19.19,,41,0.37,64.4,Rejected
CAND_927F1D,31,10,Data Scientist,Bachelor's,HireVue,59.1,0.496,5,100.0,74.3,Confident,2.81,,41,0.771,83.48,Hired
CAND_D271EF,33,10,Business Analyst,Associate,HireVue,55.16,0.588,8,100.0,62.94,Confident,2.24,4.58,42,0.718,79.12,Hired
CAND_C82CBF,21,0,Sales Executive,Bachelor's,Teams,62.1,0.733,4,89.49,73.37,Confident,15.97,3.71,37,0.381,70.47,Second Round
CAND_C14B56,32,9,Product Manager,Bachelor's,Teams,63.83,0.292,8,100.0,96.7,Confident,27.47,4.79,36,0.528,78.28,Rejected
CAND_3564A7,34,10,Sales Executive,PhD,HireVue,49.36,0.547,10,100.0,72.41,Neutral,13.78,4.28,64,0.54,67.8,Hired
CAND_295A5D,38,11,Product Manager,Master's,Zoom,60.43,0.465,8,100.0,81.69,Confident,11.07,3.53,41,0.618,66.07,Second Round
CAND_1790C4,32,9,HR Manager,Associate,HireVue,56.07,0.65,6,100.0,94.52,Confident,12.98,3.48,43,0.605,76.84,Hired
CAND_7B8EC9,24,0,Product Manager,PhD,HireVue,27.57,0.644,12,99.64,70.42,Confident,19.98,6.31,43,0.865,38.82,Rejected
CAND_EE6803,28,7,Business Analyst,PhD,HireVue,29.51,0.833,14,88.42,83.45,Confident,26.64,6.32,64,0.341,39.61,Rejected
CAND_C92E23,33,14,Marketing Analyst,Associate,HireVue,40.82,0.288,16,100.0,100.0,Confident,8.28,3.44,51,0.378,50.39,Rejected
CAND_EBA64E,33,11,Data Scientist,PhD,Google Meet,92.05,0.568,9,100.0,100.0,Confident,10.7,4.46,63,0.957,96.8,Hired
CAND_944F25,33,6,Product Manager,PhD,HireVue,36.62,0.54,19,100.0,95.29,Confident,5.28,3.77,46,0.741,61.38,Rejected
CAND_2CE6A8,30,6,Marketing Analyst,Master's,Google Meet,72.05,0.625,7,100.0,83.44,Confident,1.49,3.76,26,0.633,94.09,Hired
CAND_DEDF1A,25,3,Software Engineer,Bachelor's,Google Meet,61.26,0.645,6,100.0,89.59,Confident,2.58,3.13,29,0.677,72.67,Second Round
CAND_E92ABB,20,0,Data Scientist,PhD,HireVue,60.18,0.597,7,81.03,77.29,Confident,30.28,4.89,54,0.845,66.97,Hired
CAND_FAE456,39,18,UX Designer,PhD,Zoom,74.73,0.466,5,100.0,68.05,Confident,7.35,3.9,38,0.366,89.09,Hired
CAND_A6139B,36,16,Marketing Analyst,Associate,HireVue,69.91,0.52,6,99.46,79.65,Confident,12.54,4.66,56,0.481,70.38,Second Round
CAND_A8FDDC,33,4,Software Engineer,Associate,Zoom,55.84,0.626,10,88.92,95.42,Confident,31.73,5.19,46,0.362,62.97,Rejected
CAND_727A87,32,15,UX Designer,Master's,Zoom,60.76,0.276,8,96.96,93.94,Confident,26.01,4.43,53,0.476,69.44,Rejected
CAND_242AB7,28,4,Marketing Analyst,Associate,Google Meet,,0.627,9,99.07,71.15,Neutral,,4.55,59,0.665,77.2,Hired
CAND_7806C3,26,8,Sales Executive,PhD,HireVue,72.22,0.617,9,85.83,93.08,Neutral,26.03,5.04,50,0.344,75.16,Hired
CAND_CAFF7C,33,7,Marketing Analyst,PhD,HireVue,63.74,0.559,7,100.0,100.0,Neutral,4.99,4.06,48,0.135,72.7,Rejected
CAND_D11553,42,16,UX Designer,Master's,Teams,67.59,0.613,4,100.0,100.0,Confident,24.33,4.45,51,0.363,72.89,Hired
CAND_10CA00,32,10,Business Analyst,Master's,Google Meet,52.64,0.63,7,86.91,62.78,Confident,,4.7,33,0.586,62.75,Rejected
CAND_DE1EEA,29,0,Business Analyst,Bachelor's,Google Meet,21.16,0.45,8,100.0,64.54,Confident,,3.46,27,0.711,43.89,Rejected
CAND_C3AB1C,32,10,Sales Executive,Master's,HireVue,87.62,0.625,5,100.0,100.0,Confident,11.8,3.89,59,0.736,84.51,Second Round
CAND_686170,28,3,Software Engineer,Master's,Teams,78.68,0.634,5,90.48,,Confident,39.23,5.92,45,1.0,83.13,Rejected
CAND_07BED4,46,24,Product Manager,Associate,Zoom,43.0,0.629,9,79.95,46.87,Confident,20.0,4.76,56,0.374,63.05,Rejected
CAND_9B3C6A,35,13,HR Manager,Master's,HireVue,61.7,0.504,9,88.47,97.06,Confident,27.91,4.35,45,0.367,71.05,Rejected
CAND_7129A3,41,17,Marketing Analyst,Associate,HireVue,54.94,0.577,10,100.0,80.01,Confident,12.47,4.07,53,0.201,65.05,Second Round
CAND_9D081B,34,16,UX Designer,Associate,Zoom,,0.441,6,100.0,100.0,Confident,23.56,4.25,51,0.658,68.93,Hired
CAND_AAE4C6,43,26,Marketing Analyst,Associate,HireVue,58.14,0.449,10,72.4,76.56,Neutral,59.9,6.2,28,0.569,57.02,Rejected
CAND_501234,27,5,HR Manager,Bachelor's,Teams,41.43,0.886,12,87.53,79.44,Confident,27.92,5.43,26,0.592,51.82,Rejected
CAND_32B83F,42,20,Product Manager,Master's,Google Meet,51.06,0.578,6,74.03,47.65,Confident,36.45,6.59,48,0.439,64.25,Rejected
CAND_E2207A,40,13,Product Manager,Master's,Teams,39.48,,9,77.01,53.5,Confident,21.52,4.35,23,0.54,56.76,Rejected
CAND_034F2E,20,0,Software Engineer,Associate,Teams,66.56,0.559,4,100.0,92.95,Confident,10.53,4.01,47,0.296,79.24,Rejected
CAND_5FE129,26,4,Marketing Analyst,Bachelor's,Google Meet,50.53,0.328,12,100.0,77.94,Confident,13.42,5.19,32,0.469,66.57,Rejected
CAND_CDC0FC,41,17,Data Scientist,Master's,Google Meet,40.65,0.535,7,100.0,100.0,Confident,2.58,3.15,31,0.251,55.19,Rejected
CAND_E3EB8D,23,0,UX Designer,Bachelor's,Google Meet,55.46,0.786,6,100.0,75.09,Confident,19.48,4.44,50,0.741,75.85,Rejected
CAND_5537EF,24,3,UX Designer,PhD,HireVue,69.63,0.489,7,87.6,59.29,Confident,19.17,4.44,42,0.502,72.44,Hired
CAND_404F23,20,0,Product Manager,Master's,HireVue,52.45,0.599,9,91.41,66.95,Confident,22.33,4.77,49,0.434,60.45,Rejected
CAND_5067B6,24,0,Marketing Analyst,Bachelor's,Google Meet,44.65,,13,88.62,100.0,Confident,27.08,4.48,38,0.386,59.6,Rejected
CAND_EDD18C,30,5,HR Manager,PhD,HireVue,46.34,0.405,13,61.18,22.97,Neutral,37.76,5.35,31,0.747,49.99,Rejected
CAND_4C8219,48,23,HR Manager,Master's,Zoom,62.86,0.477,12,88.7,88.11,Confident,26.79,4.75,20,0.644,66.2,Rejected
CAND_F8CB2B,27,3,Business Analyst,Bachelor's,HireVue,66.91,0.354,8,93.21,59.9,Neutral,29.0,5.48,31,0.527,67.03,Rejected
CAND_2ABAC0,23,2,HR Manager,PhD,HireVue,70.42,0.542,13,100.0,100.0,Confident,12.98,4.34,46,0.652,71.73,Rejected
CAND_CC30F4,32,11,UX Designer,PhD,HireVue,62.23,,8,100.0,68.39,Confident,11.08,3.37,59,0.654,73.06,Rejected
CAND_F6B2CF,25,0,Product Manager,Master's,Zoom,52.8,0.686,8,100.0,100.0,Confident,17.68,3.99,43,0.274,73.62,Rejected
CAND_B6CC36,35,15,Sales Executive,Master's,Google Meet,64.76,0.66,8,100.0,70.59,Confident,20.83,5.0,46,0.559,71.78,Second Round
CAND_39A1A4,30,8,UX Designer,Associate,Teams,67.04,0.424,9,100.0,100.0,Confident,20.52,4.83,46,0.65,83.79,Rejected
CAND_664A42,24,1,Software Engineer,PhD,HireVue,48.36,0.551,13,100.0,100.0,Confident,,3.44,35,0.422,57.19,Rejected
CAND_B3A911,27,9,HR Manager,Master's,Zoom,79.93,0.361,9,100.0,92.97,Confident,15.91,4.15,51,0.059,85.97,Hired
CAND_38FB6E,21,0,HR Manager,PhD,Zoom,89.12,0.523,11,89.77,100.0,Confident,15.27,4.22,54,0.383,98.67,Hired
CAND_0300B3,22,3,Sales Executive,PhD,Zoom,62.33,0.677,6,100.0,97.88,Confident,8.05,,33,0.732,72.61,Second Round
CAND_EA2E4F,22,0,UX Designer,PhD,Teams,31.31,0.454,12,89.34,57.65,Confident,10.59,3.71,50,0.55,45.69,Rejected
CAND_F425D6,20,0,UX Designer,Bachelor's,Zoom,43.48,0.686,6,59.9,64.84,Confident,37.3,5.66,59,0.442,54.63,Rejected
CAND_493887,25,4,Data Scientist,Associate,HireVue,75.22,0.521,12,100.0,53.85,Confident,,4.62,56,0.24,77.22,Rejected
CAND_CF6EAA,27,8,HR Manager,Master's,Teams,58.49,0.529,8,92.46,61.72,Confident,16.87,3.84,38,0.21,71.58,Second Round
CAND_17C6FF,20,0,Business Analyst,PhD,Zoom,75.23,0.605,10,100.0,29.64,Confident,9.21,3.72,40,0.721,84.7,Second Round
CAND_CE7FF5,21,6,Business Analyst,Associate,HireVue,64.17,0.541,6,100.0,90.64,Confident,23.43,4.18,48,0.718,69.39,Hired
CAND_BBA15F,20,0,Business Analyst,Bachelor's,Zoom,59.09,0.571,5,100.0,100.0,Confident,12.32,,50,0.468,75.93,Rejected
CAND_7519F9,22,0,HR Manager,Bachelor's,Zoom,45.31,0.621,7,85.07,63.31,Neutral,13.73,4.14,40,0.693,55.26,Rejected
CAND_1B4F37,24,2,HR Manager,Bachelor's,Zoom,71.78,0.569,9,100.0,69.04,Confident,13.5,4.65,45,0.413,89.55,Hired
CAND_91AEEF,37,17,Software Engineer,PhD,HireVue,,0.907,6,90.3,81.23,Confident,19.4,4.15,55,0.545,48.46,Rejected
CAND_ED9CE7,39,17,Data Scientist,Associate,Google Meet,73.33,0.678,8,100.0,93.61,Confident,19.98,4.14,40,0.44,82.45,Rejected
CAND_6B95FB,27,3,UX Designer,Bachelor's,HireVue,65.35,,5,88.2,98.43,Confident,14.69,5.02,53,0.618,71.5,Second Round
CAND_3DDAB3,47,27,Marketing Analyst,PhD,Zoom,45.46,0.712,11,81.09,78.61,Neutral,17.59,,53,0.669,57.15,Rejected
CAND_C5E1DA,31,9,Sales Executive,PhD,Google Meet,25.77,0.405,16,100.0,100.0,Confident,7.74,3.35,32,0.581,46.1,Rejected
CAND_1A74A7,29,10,Product Manager,Bachelor's,HireVue,51.99,0.5,10,100.0,80.72,Confident,9.21,3.44,40,0.26,75.88,Hired
CAND_8B214D,30,12,Marketing Analyst,Master's,Teams,63.77,0.496,8,100.0,90.26,Confident,20.9,4.09,59,0.399,69.15,Hired
CAND_0D528A,32,11,Business Analyst,PhD,Google Meet,71.2,0.643,10,92.52,88.39,Confident,19.97,4.69,62,0.387,92.37,Hired
CAND_80E85E,32,8,Data Scientist,Bachelor's,Zoom,49.66,0.948,10,94.07,71.3,Confident,21.09,4.35,30,0.757,62.06,On Hold
CAND_379E87,24,3,Business Analyst,Bachelor's,Teams,74.66,0.578,6,98.69,100.0,Confident,21.63,4.75,50,0.73,66.62,Hired
CAND_3B23C5,29,5,Business Analyst,Bachelor's,HireVue,35.48,,16,85.68,63.14,Slouched,15.98,4.5,37,0.392,47.69,Rejected
CAND_D32478,32,9,Marketing Analyst,PhD,Teams,64.58,0.81,5,85.38,84.09,Confident,33.55,4.9,33,0.743,69.26,Hired
CAND_8A4F23,24,2,Data Scientist,Associate,Zoom,67.29,0.372,4,79.47,89.07,Confident,32.73,,53,0.45,58.96,Rejected
CAND_CAE677,35,11,Business Analyst,PhD,Google Meet,45.93,0.634,6,100.0,91.36,Confident,9.8,4.04,68,0.506,63.62,Rejected
CAND_0ADB72,28,4,Product Manager,PhD,Teams,68.09,0.686,8,95.68,94.89,Confident,18.36,4.71,57,0.594,85.37,Second Round
CAND_68AB45,39,13,Product Manager,Bachelor's,Google Meet,,0.699,13,93.36,,Confident,14.33,4.02,32,0.451,63.19,Rejected
CAND_A94AA0,23,0,Software Engineer,PhD,Teams,57.24,0.807,11,88.21,64.06,Neutral,13.48,4.06,36,0.704,68.91,Hired
CAND_DF888F,27,6,HR Manager,Bachelor's,Zoom,53.55,0.519,5,93.78,77.52,Confident,4.69,3.81,27,0.397,65.42,Second Round
CAND_09B1DA,34,9,HR Manager,Associate,Teams,59.92,0.343,11,100.0,84.43,Confident,8.16,3.9,60,0.415,74.58,Hired
CAND_BCC707,25,2,Business Analyst,Bachelor's,HireVue,69.25,0.513,11,92.42,62.05,Confident,24.44,4.27,37,0.206,77.34,Hired
CAND_E4C2D2,24,1,Product Manager,PhD,Zoom,44.31,0.536,14,79.53,68.74,Neutral,38.27,5.79,59,0.277,59.03,Rejected
CAND_C929E3,41,20,Marketing Analyst,Master's,Zoom,59.73,0.542,10,89.06,46.52,Confident,17.31,4.36,74,0.103,71.61,Rejected
CAND_737C92,29,3,Product Manager,PhD,Zoom,56.91,,15,81.08,64.81,Confident,19.54,4.46,63,0.48,67.26,Rejected
CAND_F8126B,46,24,Sales Executive,PhD,HireVue,61.29,0.713,11,100.0,80.8,Confident,13.41,5.57,42,0.266,77.93,Hired
CAND_AD1A2B,55,35,UX Designer,Master's,Google Meet,93.01,0.63,6,100.0,99.16,Confident,10.23,3.54,22,0.183,97.55,Hired
CAND_16BDB4,39,13,UX Designer,Associate,HireVue,55.1,0.416,10,97.52,90.96,Confident,20.31,,21,0.076,63.23,Rejected
CAND_E4772D,35,14,Marketing Analyst,Master's,Google Meet,54.13,0.555,5,100.0,100.0,Confident,13.33,3.86,46,0.839,72.53,Hired
CAND_A4EB8A,26,10,UX Designer,Master's,Zoom,66.98,0.736,7,98.3,68.96,Confident,23.72,4.61,46,0.409,79.15,Hired
CAND_C18458,40,17,Data Scientist,PhD,HireVue,52.28,0.524,9,86.15,80.77,Confident,24.33,4.72,48,0.571,64.76,Rejected
CAND_BACA5F,41,15,Software Engineer,PhD,Zoom,46.54,0.542,10,92.77,,Neutral,16.69,4.12,51,0.226,60.53,Rejected
CAND_F8D7C3,22,0,Marketing Analyst,Associate,Zoom,45.44,0.359,12,97.48,56.74,Confident,25.41,4.23,52,0.504,68.01,Hired
CAND_83F3C1,23,0,Business Analyst,Bachelor's,Teams,42.58,0.586,9,100.0,87.92,Confident,12.77,3.84,42,0.735,56.39,On Hold
CAND_2BE54E,33,12,Sales Executive,Master's,Zoom,52.37,0.775,7,100.0,97.97,Neutral,14.69,6.16,39,0.573,71.87,Second Round
CAND_B00784,30,7,Sales Executive,PhD,Google Meet,74.61,0.268,6,90.12,71.81,Confident,14.79,4.21,30,0.653,80.47,Hired
CAND_6326B9,40,13,UX Designer,Bachelor's,Zoom,42.52,0.711,14,75.73,62.12,Confident,49.01,5.59,59,0.535,49.2,Rejected
CAND_F715C9,32,9,Marketing Analyst,Bachelor's,Zoom,58.61,0.689,3,100.0,67.78,Confident,11.86,3.69,40,0.775,75.61,Second Round
CAND_EDB623,21,0,Business Analyst,Associate,Google Meet,70.62,0.336,2,99.08,100.0,Confident,24.26,4.64,49,0.869,74.29,Second Round
CAND_A3C867,42,24,HR Manager,PhD,HireVue,68.75,0.592,6,70.09,54.08,Neutral,22.21,4.49,51,0.609,82.3,Rejected
CAND_CE53B6,33,12,Marketing Analyst,PhD,HireVue,61.45,0.703,11,100.0,91.53,Confident,,4.11,63,0.272,75.78,Second Round
CAND_518D29,31,7,Sales Executive,Master's,Teams,51.31,0.805,8,100.0,97.18,Confident,11.34,4.1,42,0.463,66.69,Hired
CAND_64E521,22,0,Marketing Analyst,Associate,Google Meet,53.98,0.618,9,65.15,62.16,Slouched,42.62,5.57,42,0.467,46.53,Rejected
CAND_67D4C0,27,3,Data Scientist,Bachelor's,Teams,69.4,0.2,9,100.0,82.72,Confident,4.47,3.68,40,0.553,83.02,Hired
CAND_D869C8,20,0,UX Designer,Master's,Google Meet,62.5,0.497,8,100.0,95.72,Neutral,14.11,4.08,49,0.506,77.2,Rejected
CAND_1D5611,22,1,Marketing Analyst,Bachelor's,Google Meet,87.08,0.82,3,100.0,95.79,Confident,17.0,3.95,52,0.051,96.18,Hired
CAND_356490,27,9,Business Analyst,Bachelor's,HireVue,67.42,0.765,5,99.13,,Confident,31.43,4.57,44,0.514,79.3,Hired
CAND_F35F39,33,12,Business Analyst,Associate,HireVue,92.15,0.686,7,100.0,85.63,Confident,3.53,3.53,39,0.789,63.4,Rejected
CAND_F1E5A7,38,13,HR Manager,Associate,Google Meet,50.45,0.611,11,94.28,79.82,Confident,,3.35,34,0.23,66.48,Rejected
CAND_9330AE,39,10,UX Designer,Bachelor's,HireVue,60.27,0.466,10,82.42,89.33,Neutral,37.52,5.54,55,0.651,66.64,Hired
CAND_44AE87,37,11,Data Scientist,Associate,Google Meet,78.1,0.57,5,100.0,51.38,Neutral,22.59,6.14,37,0.922,93.95,Hired
CAND_78977F,20,0,Data Scientist,Master's,Google Meet,38.49,0.581,10,100.0,100.0,Confident,1.94,3.25,39,0.437,52.32,Rejected
CAND_F6A3CE,25,1,Marketing Analyst,Master's,Teams,58.56,0.866,10,100.0,91.8,Confident,8.7,4.36,60,0.586,75.95,Second Round
CAND_EE8302,27,1,Software Engineer,Master's,Google Meet,64.9,0.648,8,100.0,84.45,Confident,7.95,6.47,50,0.641,73.48,Hired
CAND_EF74A2,51,33,HR Manager,Bachelor's,Google Meet,47.3,0.537,11,85.14,87.31,Confident,18.73,5.35,43,0.262,52.62,Rejected
CAND_61D629,30,10,Sales Executive,Master's,Google Meet,,0.537,6,100.0,,Confident,17.11,4.35,33,0.341,79.75,Rejected
CAND_E60682,25,7,Data Scientist,Bachelor's,Google Meet,65.94,,13,100.0,87.32,Confident,14.02,,30,0.519,76.17,Hired
CAND_687AB4,33,14,Marketing Analyst,Associate,Google Meet,92.27,0.422,9,95.92,70.45,Confident,24.07,3.93,37,0.187,94.2,Hired
CAND_0D97F9,30,9,Sales Executive,Associate,Zoom,57.12,0.647,12,92.0,100.0,Confident,36.62,5.97,54,0.697,48.3,Rejected
CAND_07D16D,33,9,Software Engineer,Associate,HireVue,77.99,0.48,4,94.74,100.0,Confident,19.91,3.74,35,0.527,67.08,Rejected
CAND_AB2C9B,33,12,Business Analyst,Associate,Google Meet,52.81,0.539,11,63.47,59.26,Neutral,35.47,6.16,59,0.557,57.08,Rejected
CAND_2F53FC,29,6,UX Designer,Associate,Zoom,44.47,0.53,15,92.93,88.38,Confident,32.39,5.06,31,0.512,64.44,Rejected
CAND_F2AC4D,40,23,UX Designer,PhD,Zoom,38.19,0.69,16,100.0,69.26,Confident,6.35,3.68,41,0.371,58.09,On Hold
CAND_F75901,39,16,HR Manager,Bachelor's,Zoom,,0.669,12,100.0,,Confident,3.13,,50,0.407,51.75,Rejected
CAND_2726BF,27,6,Marketing Analyst,Bachelor's,HireVue,60.07,0.538,9,93.26,49.63,Confident,20.26,4.49,39,0.745,63.58,Rejected
CAND_0C0663,20,0,Marketing Analyst,Master's,Zoom,49.41,0.667,9,71.25,40.98,Neutral,40.64,5.89,47,0.71,57.93,Rejected
CAND_41A2B9,25,4,Product Manager,Bachelor's,HireVue,50.68,0.753,7,91.83,80.27,Confident,18.98,3.91,45,0.65,57.62,Rejected
CAND_9E3C95,50,31,HR Manager,Bachelor's,HireVue,,0.535,10,100.0,80.82,Confident,20.9,4.05,44,0.729,59.94,Rejected
CAND_3AEA1F,28,10,Product Manager,Master's,HireVue,56.06,0.508,6,100.0,64.32,Confident,,3.75,45,0.367,79.48,Second Round
CAND_5AC8CE,43,18,Data Scientist,Bachelor's,Google Meet,49.16,0.522,9,88.93,92.97,Confident,33.75,,38,0.735,67.97,Hired
CAND_53E0F0,28,6,HR Manager,Associate,Zoom,46.64,0.844,7,100.0,,Confident,5.24,3.49,52,0.345,58.65,Rejected
CAND_B48058,20,0,Business Analyst,Associate,Teams,49.19,0.702,10,93.53,72.77,Confident,23.36,4.74,36,0.455,70.54,Second Round
CAND_846733,28,7,Product Manager,Bachelor's,Teams,74.56,0.567,7,100.0,51.95,Confident,27.59,4.48,41,0.656,77.98,Hired
CAND_266C16,27,8,Business Analyst,Master's,Google Meet,39.63,,15,100.0,96.61,Confident,3.92,3.19,56,0.705,61.21,Rejected
CAND_B739FB,26,1,Data Scientist,Associate,Zoom,65.08,0.579,12,84.49,99.17,Confident,23.83,5.88,40,0.694,70.97,Rejected
CAND_34C2A7,25,8,Business Analyst,PhD,Google Meet,100.0,0.671,3,100.0,84.59,Confident,4.67,,39,0.524,88.08,Hired
CAND_C4E582,26,3,Software Engineer,PhD,Teams,61.78,0.576,4,88.45,89.17,Neutral,36.05,5.36,32,0.538,63.14,Rejected
CAND_AE8C01,36,13,Data Scientist,PhD,Google Meet,34.07,0.67,16,88.47,77.98,Confident,23.64,6.71,48,0.306,45.83,Rejected
CAND_A41A23,29,7,Software Engineer,Associate,Zoom,50.17,0.642,12,75.51,69.36,Confident,17.11,4.3,42,0.499,56.13,Rejected
CAND_829F75,25,4,Marketing Analyst,PhD,Zoom,63.98,0.561,5,100.0,72.37,Neutral,6.12,3.06,34,0.203,78.65,Rejected
CAND_6F6120,20,0,Software Engineer,Bachelor's,Zoom,81.49,0.708,11,74.72,64.33,Neutral,36.55,5.05,37,0.378,78.66,Second Round
CAND_2A3736,29,8,Software Engineer,Associate,Google Meet,69.72,0.559,9,100.0,73.11,Confident,15.15,4.01,55,0.483,72.88,Second Round
CAND_FDA234,20,0,Data Scientist,Bachelor's,HireVue,,0.688,6,100.0,83.44,Confident,19.2,4.29,51,0.282,88.5,Hired
CAND_013A7D,30,8,Sales Executive,Associate,Teams,44.52,0.721,7,88.4,80.74,Confident,29.47,4.89,48,0.176,62.8,Rejected
CAND_E1A423,45,20,Product Manager,Master's,Google Meet,87.6,0.892,6,100.0,85.41,Confident,2.85,3.39,48,0.216,93.4,Hired
CAND_5B07C8,25,7,Sales Executive,Master's,Google Meet,41.14,0.417,14,100.0,100.0,Confident,7.17,4.11,43,0.739,55.24,Rejected
CAND_4FA7B3,26,4,Sales Executive,Master's,Google Meet,71.73,0.507,7,100.0,77.89,Confident,16.52,5.72,33,0.538,84.15,Rejected
CAND_C4B535,30,12,Sales Executive,Master's,HireVue,91.97,0.737,7,100.0,88.93,Confident,2.25,3.72,46,0.673,88.24,Hired
CAND_85236B,32,7,Business Analyst,PhD,HireVue,61.4,0.825,7,100.0,82.38,Confident,13.75,3.95,41,0.39,87.85,Hired
CAND_107D24,27,8,Sales Executive,Master's,HireVue,52.55,0.787,12,100.0,64.33,Confident,5.45,4.34,56,0.369,63.92,Rejected
CAND_0A9C06,26,3,Business Analyst,Master's,Teams,,0.546,8,80.18,49.6,Confident,14.16,4.71,60,0.37,79.72,Hired
CAND_CFAFCF,32,12,Software Engineer,Associate,HireVue,71.33,0.303,16,75.33,79.81,Neutral,47.11,6.28,47,0.604,71.87,Rejected
CAND_3BA69C,25,1,Business Analyst,Master's,HireVue,76.93,0.546,9,91.24,93.31,Confident,24.48,4.66,40,0.709,68.72,Rejected
CAND_E34A66,40,19,UX Designer,Bachelor's,Google Meet,26.66,0.693,12,86.92,81.53,Confident,32.72,4.87,38,0.339,60.46,Rejected
CAND_EA7FAF,20,0,Business Analyst,Associate,Zoom,43.34,0.881,12,77.3,63.24,Neutral,29.61,5.02,44,0.56,56.59,Rejected
CAND_60F134,41,16,UX Designer,Bachelor's,HireVue,84.83,0.536,9,78.74,88.49,Neutral,25.34,4.18,43,0.475,84.1,Hired
CAND_C01892,22,1,Sales Executive,PhD,Teams,80.21,0.559,6,99.49,67.24,Neutral,15.09,4.03,53,0.551,95.58,Hired
CAND_079DDF,30,7,Sales Executive,Bachelor's,Teams,68.73,0.914,13,77.58,64.92,Neutral,45.23,5.1,59,0.628,58.04,Rejected
CAND_5711DC,23,1,Sales Executive,Bachelor's,HireVue,70.84,0.462,11,100.0,99.28,Confident,10.17,4.19,37,0.45,70.82,Rejected
CAND_A6CA75,34,13,Business Analyst,Bachelor's,HireVue,70.78,0.68,7,100.0,80.07,Confident,10.38,3.39,46,0.373,72.02,Rejected
CAND_66D3A4,29,5,Product Manager,Associate,Teams,57.36,0.396,12,100.0,100.0,Confident,11.12,3.47,33,0.271,67.85,Second Round
CAND_C73582,23,1,Software Engineer,PhD,Teams,63.05,0.584,11,100.0,100.0,Confident,3.76,,56,0.582,82.32,Rejected
CAND_7863E2,23,0,Data Scientist,Associate,HireVue,81.44,0.538,8,87.99,68.27,Confident,13.79,3.73,46,0.443,83.42,Rejected
CAND_11AC9A,21,1,Product Manager,Associate,Zoom,51.84,0.823,12,69.21,51.45,Neutral,24.52,4.35,39,0.511,54.59,Rejected
CAND_1AAE64,36,12,UX Designer,Bachelor's,HireVue,42.23,0.363,14,84.22,86.81,Neutral,30.63,4.36,43,0.287,51.02,Rejected
CAND_E6C3F3,23,0,Data Scientist,PhD,Google Meet,65.23,0.798,11,86.85,95.02,Confident,20.95,4.35,55,0.309,75.23,Hired
CAND_C8F317,29,11,Sales Executive,Master's,Google Meet,92.33,0.668,3,93.68,62.06,Neutral,4.37,3.25,44,0.458,80.06,Second Round
CAND_563F5E,24,2,HR Manager,Associate,Teams,54.55,0.533,11,72.91,,Neutral,26.56,4.59,44,0.315,66.84,Second Round
CAND_CA3556,24,5,UX Designer,Associate,Zoom,68.66,0.872,5,100.0,91.32,Neutral,0.86,3.16,42,0.839,74.12,Hired
CAND_B1F5F9,20,0,Business Analyst,PhD,Zoom,75.74,0.544,11,74.8,45.59,Neutral,,4.9,47,0.482,65.78,Hired
CAND_51320E,26,3,Data Scientist,Master's,Google Meet,62.98,0.751,9,83.6,80.05,Confident,34.63,4.75,31,0.864,60.51,Rejected
CAND_9573CF,23,3,UX Designer,Bachelor's,Teams,19.0,0.69,13,99.03,,Confident,16.29,4.21,33,0.885,63.86,Rejected
CAND_3387F0,34,12,Software Engineer,Associate,HireVue,35.96,0.65,10,72.34,44.0,Confident,18.73,4.08,47,0.566,41.66,Rejected
CAND_6216CF,28,5,Business Analyst,PhD,Zoom,50.79,0.844,11,83.14,64.14,Confident,25.95,6.28,42,0.523,60.1,Rejected
CAND_F8D2B7,30,10,Product Manager,PhD,Teams,95.52,0.807,2,100.0,65.6,Confident,16.26,4.0,27,0.506,85.5,Hired
CAND_9C7028,31,10,HR Manager,PhD,Teams,,0.678,16,65.94,71.13,Neutral,36.64,,24,0.54,48.79,Rejected
CAND_F928D6,34,11,Product Manager,Associate,Zoom,65.12,0.851,10,100.0,86.03,Confident,3.32,4.47,46,0.312,72.55,Rejected
CAND_330F74,44,19,Business Analyst,Bachelor's,Teams,62.87,0.638,5,77.33,68.62,Neutral,40.28,5.59,45,0.804,59.96,Rejected
CAND_A900CF,39,17,Software Engineer,PhD,HireVue,74.27,0.457,5,97.17,79.77,Confident,18.73,4.85,45,0.606,77.0,Rejected
CAND_0B8BBF,20,0,UX Designer,Associate,HireVue,64.52,0.417,8,100.0,86.79,Confident,6.05,4.03,47,0.351,69.52,Hired
CAND_81B093,39,20,HR Manager,PhD,Google Meet,54.31,0.412,7,83.38,96.29,Confident,44.51,5.54,32,0.638,64.87,Rejected
CAND_22114C,20,0,HR Manager,Bachelor's,Google Meet,57.92,0.687,12,93.53,76.37,Confident,23.47,4.36,56,0.536,63.81,Rejected
CAND_0F559F,32,14,Software Engineer,PhD,Google Meet,63.07,0.339,6,100.0,100.0,Confident,22.35,4.36,57,0.369,79.84,Second Round
CAND_03C137,37,13,Business Analyst,Master's,Google Meet,71.37,0.51,10,100.0,77.76,Confident,35.56,5.65,48,0.131,75.52,Hired
CAND_1D8F89,34,10,Sales Executive,PhD,Google Meet,62.33,0.521,9,100.0,92.81,Confident,14.84,4.38,45,0.591,79.76,Second Round
CAND_F8229B,20,0,Business Analyst,Associate,Teams,57.48,0.714,10,92.93,72.88,Confident,18.03,4.25,47,0.166,74.45,Hired
CAND_725CCD,40,17,HR Manager,Master's,HireVue,71.95,0.604,7,99.25,100.0,Confident,18.43,5.03,37,0.39,89.51,Hired
CAND_7012BB,22,0,Software Engineer,Associate,Teams,45.06,0.585,10,91.59,100.0,Confident,21.86,4.25,49,0.367,52.71,Rejected
CAND_B26C9F,30,13,Business Analyst,Bachelor's,HireVue,54.85,0.518,13,100.0,100.0,Confident,14.84,5.35,63,0.67,57.81,Rejected
CAND_0BFD0A,28,8,Sales Executive,PhD,Zoom,78.86,0.86,10,82.12,64.44,Confident,35.73,4.99,48,0.385,73.08,Rejected
CAND_3DEC9E,28,6,Marketing Analyst,PhD,Teams,44.49,0.794,14,89.04,100.0,Confident,14.26,4.02,41,0.417,46.22,Rejected
CAND_C50E1E,29,5,Sales Executive,Master's,Google Meet,78.5,0.543,5,100.0,84.35,Confident,4.65,4.2,35,0.584,82.99,Hired
CAND_7B2007,21,0,Business Analyst,Bachelor's,Zoom,68.92,0.583,8,73.16,76.74,Neutral,31.66,4.99,55,0.437,78.24,Second Round
CAND_C3CA6F,28,1,Product Manager,Bachelor's,Teams,49.39,0.75,12,87.52,77.69,Confident,24.32,4.67,40,0.656,56.43,Rejected
CAND_2748D9,20,0,Data Scientist,Associate,Google Meet,78.08,0.451,6,65.4,76.54,Confident,60.78,6.26,50,0.335,79.16,Second Round
CAND_AF6F0E,36,15,Business Analyst,Master's,HireVue,77.64,0.855,8,100.0,82.34,Confident,8.28,4.42,34,0.319,83.42,Hired
CAND_B9A8CF,29,5,Product Manager,Master's,Teams,64.7,0.607,11,100.0,85.41,Confident,16.78,4.53,54,0.305,73.54,Hired
CAND_961387,33,8,Sales Executive,Bachelor's,Zoom,53.13,0.512,13,100.0,100.0,Confident,7.73,3.7,44,0.342,60.66,Rejected
CAND_BE27EE,30,8,Marketing Analyst,Bachelor's,Teams,70.83,0.521,5,100.0,73.47,Confident,19.14,4.46,52,0.394,99.29,Second Round
CAND_A3120B,39,15,Marketing Analyst,Bachelor's,Google Meet,48.35,0.587,8,100.0,98.11,Confident,11.41,4.33,46,0.88,61.55,Rejected
CAND_50C262,27,6,Data Scientist,Master's,HireVue,67.16,0.64,4,100.0,89.06,Neutral,5.75,3.65,46,0.066,82.27,Second Round
CAND_56BBB4,35,9,UX Designer,Bachelor's,Zoom,,0.2,5,100.0,,Confident,2.63,3.19,42,0.26,74.32,Second Round
CAND_A6AFFB,26,6,Business Analyst,Bachelor's,Google Meet,53.97,0.716,16,86.45,89.45,Confident,25.02,5.13,38,0.345,66.88,Hired
CAND_C3F099,24,7,Software Engineer,Bachelor's,Google Meet,,0.481,7,100.0,100.0,Confident,6.23,3.7,44,0.589,62.96,Rejected
CAND_C58E31,22,3,Software Engineer,PhD,Zoom,140.2,0.841,0,100.0,100.0,Confident,7.41,3.59,46,0.852,100.0,Hired
CAND_C493C0,25,0,Data Scientist,Bachelor's,Google Meet,43.07,0.504,10,99.72,80.98,Confident,34.07,7.21,47,0.455,65.82,Rejected
CAND_788769,28,2,UX Designer,PhD,HireVue,88.96,0.59,4,100.0,100.0,Confident,8.0,3.82,40,0.495,95.09,Hired
CAND_2B1303,41,22,Software Engineer,Master's,Zoom,,0.568,8,100.0,70.86,Confident,3.73,3.7,41,1.0,56.73,Rejected
CAND_99BE00,35,13,Data Scientist,Associate,HireVue,65.43,0.497,11,90.65,74.39,Neutral,28.84,5.17,47,0.507,67.19,Hired
CAND_B0A61D,30,0,Software Engineer,Master's,Zoom,64.19,0.529,8,75.52,64.32,Neutral,48.13,,26,0.666,72.66,Second Round
CAND_463E67,34,10,HR Manager,Associate,HireVue,71.41,0.752,6,100.0,82.27,Confident,23.59,6.42,44,0.446,84.67,Second Round
CAND_24D2B8,35,13,Data Scientist,Master's,Google Meet,54.45,,5,89.98,67.92,Confident,14.64,3.62,34,0.508,65.32,Hired
CAND_B88F54,25,2,HR Manager,Master's,Zoom,100.0,0.683,4,98.54,77.66,Confident,10.99,3.54,51,0.494,96.08,Hired
CAND_3B084F,46,20,Marketing Analyst,PhD,Zoom,70.53,0.391,11,100.0,98.38,Confident,31.77,,50,0.54,75.01,Second Round
CAND_8DEFBE,21,3,Product Manager,Bachelor's,Teams,,0.492,15,99.42,60.7,Confident,18.68,4.59,64,0.793,50.61,Rejected
CAND_DCD978,37,10,Marketing Analyst,Associate,Google Meet,75.41,0.609,5,72.35,56.54,Neutral,40.98,5.86,36,0.432,69.69,Rejected
CAND_EB8F5B,49,30,Sales Executive,Bachelor's,HireVue,75.06,0.43,7,100.0,100.0,Confident,14.53,3.7,51,0.487,89.71,Hired
CAND_222634,24,2,Data Scientist,Master's,Zoom,57.01,0.613,5,65.53,71.76,Confident,43.62,5.28,39,0.756,55.57,Rejected
CAND_833C08,24,6,Business Analyst,Bachelor's,Google Meet,76.76,0.545,9,100.0,100.0,Confident,11.16,4.98,47,0.498,83.9,Rejected
CAND_216403,20,0,HR Manager,PhD,Zoom,66.35,0.577,7,83.61,69.61,Confident,15.74,4.33,33,0.297,66.82,Rejected
CAND_3255BB,26,5,HR Manager,Master's,Google Meet,57.32,0.716,9,93.61,,Neutral,11.85,4.76,46,0.833,62.72,Rejected
CAND_65C1DA,40,19,Product Manager,Master's,Zoom,54.74,0.632,12,100.0,100.0,Neutral,9.89,4.64,41,0.489,65.55,Hired
CAND_C7D613,37,13,Marketing Analyst,Associate,HireVue,73.53,0.68,6,84.99,78.8,Confident,13.02,3.79,53,0.893,86.11,Hired
CAND_6B942E,30,14,HR Manager,Bachelor's,Teams,52.09,0.523,8,100.0,,Confident,16.58,4.2,43,0.403,58.5,Rejected
CAND_251CD4,26,3,Business Analyst,Associate,Google Meet,47.67,0.447,12,69.41,51.78,Neutral,48.15,6.4,44,0.566,60.56,Rejected
CAND_E022C7,29,5,Software Engineer,PhD,Teams,68.48,0.72,11,100.0,79.66,Confident,12.17,3.48,32,0.662,86.41,Hired
CAND_44ED69,20,0,Software Engineer,Master's,Google Meet,41.62,0.531,12,100.0,63.51,Confident,15.97,4.61,33,0.418,54.54,Rejected
CAND_98F2D8,26,9,Marketing Analyst,Master's,HireVue,49.36,0.569,12,63.04,,Slouched,65.49,6.61,44,0.573,53.37,Rejected
CAND_729A4C,21,2,Data Scientist,Master's,Zoom,58.84,0.533,13,82.52,45.77,Neutral,22.76,4.4,30,0.562,70.12,Second Round
CAND_A7B99D,20,0,HR Manager,Master's,Teams,54.22,0.743,11,100.0,98.72,Confident,10.01,3.91,42,0.083,63.19,Rejected
CAND_C9A155,34,12,HR Manager,Master's,HireVue,54.7,0.53,7,90.31,71.34,Confident,22.82,5.13,39,0.389,62.89,Rejected
CAND_FA41AD,25,5,UX Designer,Associate,Teams,40.39,0.601,15,86.11,77.79,Confident,11.77,4.93,37,0.773,55.9,Rejected
CAND_4D2F10,22,0,Sales Executive,PhD,Teams,72.47,0.604,14,94.85,44.5,Confident,26.06,4.86,34,0.439,79.61,Hired
CAND_BE83E5,20,0,UX Designer,PhD,Google Meet,,0.401,5,76.02,70.25,Neutral,40.67,6.38,59,0.546,68.74,Hired
CAND_1DEA10,20,0,Software Engineer,Master's,Teams,48.62,0.712,13,100.0,,Confident,7.02,,60,0.29,66.2,Second Round
CAND_A02AE0,39,13,Data Scientist,Associate,HireVue,89.39,0.814,6,100.0,100.0,Confident,11.02,,44,0.668,84.07,Hired
CAND_FC9C76,44,19,HR Manager,Master's,Google Meet,51.15,0.815,11,71.84,67.45,Neutral,56.01,6.13,39,0.163,43.72,Rejected
CAND_F755CD,22,0,Product Manager,Associate,Google Meet,56.38,0.88,7,100.0,100.0,Confident,27.5,4.32,34,0.468,72.82,Hired
CAND_061C42,20,3,Business Analyst,Master's,Google Meet,45.71,0.818,10,100.0,66.3,Confident,2.54,4.1,51,0.47,72.79,Hired
CAND_52EB7C,27,8,Marketing Analyst,Master's,Zoom,70.72,0.656,7,100.0,100.0,Confident,22.0,4.35,43,0.289,73.96,Rejected
CAND_78F389,20,0,Product Manager,Master's,Zoom,59.58,0.537,7,100.0,,Confident,,4.4,45,0.366,76.21,Hired
CAND_93073A,35,18,HR Manager,Associate,Zoom,,,8,99.63,87.99,Confident,8.08,3.42,47,0.173,75.34,Second Round
CAND_C88C61,21,0,Sales Executive,PhD,HireVue,65.24,0.679,6,100.0,100.0,Confident,43.91,5.12,53,0.184,71.87,Second Round
CAND_D619E5,46,23,Software Engineer,Bachelor's,Zoom,69.87,0.472,7,89.05,100.0,Neutral,38.57,5.38,35,0.764,96.64,Hired
CAND_880945,27,9,Marketing Analyst,Bachelor's,Teams,64.68,0.691,5,71.91,75.27,Neutral,44.82,6.47,53,0.25,66.34,Hired
CAND_A7E750,38,15,Sales Executive,Master's,HireVue,79.81,0.485,8,88.63,100.0,Confident,35.45,5.98,50,0.509,88.38,Hired
CAND_7A5B20,28,10,Sales Executive,Associate,Google Meet,145.28,,0,94.4,85.25,Confident,20.05,4.53,45,0.503,100.0,Hired
CAND_E7CAA1,25,1,Marketing Analyst,Master's,Teams,41.29,0.612,9,79.53,78.82,Confident,30.51,4.64,48,0.387,54.99,Rejected
CAND_D6AE80,20,0,Product Manager,Master's,Google Meet,84.04,0.574,8,100.0,100.0,Confident,13.07,5.66,47,0.665,94.67,Hired
CAND_476728,34,11,Sales Executive,Associate,Teams,59.27,0.596,9,91.8,62.21,Confident,12.15,3.87,45,0.585,70.97,Second Round
CAND_CAB81B,32,8,Sales Executive,PhD,Zoom,82.01,0.68,6,89.52,70.65,Confident,32.59,6.03,64,0.76,85.34,Hired
CAND_5AABBD,27,5,Business Analyst,Master's,Zoom,89.45,0.546,4,93.93,99.91,Neutral,22.91,4.88,40,0.831,97.88,Hired
CAND_D40D1C,30,1,Marketing Analyst,Associate,Zoom,21.82,0.562,17,47.94,48.44,Slouched,66.79,6.98,47,0.506,26.71,Rejected
CAND_561CCD,39,17,UX Designer,Master's,HireVue,64.18,0.562,6,100.0,63.88,Neutral,5.4,4.45,50,0.709,75.82,Second Round
CAND_980843,45,22,Marketing Analyst,Master's,Zoom,78.94,0.498,11,100.0,,Confident,20.93,,39,0.642,88.43,Hired
CAND_E310BF,21,0,Marketing Analyst,Associate,Google Meet,38.72,0.446,8,100.0,88.12,Neutral,21.74,4.98,41,0.483,52.94,Rejected
CAND_84EE21,29,7,UX Designer,PhD,Google Meet,73.31,0.756,10,100.0,97.65,Confident,6.78,3.2,41,0.557,69.52,Rejected
CAND_3956E2,35,14,Software Engineer,Associate,Teams,55.83,0.861,8,83.39,74.24,Neutral,33.26,5.25,46,0.541,66.21,Second Round
CAND_8F2E3E,20,1,Business Analyst,Master's,Teams,44.36,,14,72.67,47.28,Neutral,31.17,5.14,48,0.32,54.31,Rejected
CAND_F33A23,21,0,Business Analyst,PhD,HireVue,48.67,0.683,13,71.46,67.2,Neutral,30.47,5.7,43,0.308,56.11,On Hold
CAND_A63352,25,0,Sales Executive,PhD,HireVue,48.01,0.504,12,100.0,77.23,Confident,13.63,4.68,23,0.275,53.07,Rejected
CAND_D41A28,20,0,Sales Executive,Bachelor's,HireVue,62.99,0.591,10,50.8,37.35,Slouched,49.89,5.82,36,0.717,58.79,Rejected
CAND_A717EC,26,7,Data Scientist,Master's,Google Meet,38.01,0.604,16,74.46,,Neutral,23.49,4.42,44,0.836,44.51,Rejected
CAND_92ED23,26,8,Business Analyst,Master's,Zoom,54.38,0.95,4,99.56,37.54,Confident,13.21,3.97,31,0.556,68.03,Second Round
CAND_446C88,46,26,Business Analyst,Associate,Teams,64.44,0.52,5,62.83,,Neutral,44.02,6.28,43,0.479,76.98,Rejected
CAND_E1BB8D,25,6,Business Analyst,Bachelor's,Zoom,55.64,0.447,6,72.48,45.17,Neutral,18.77,4.82,45,0.139,66.9,Rejected
CAND_208CE8,28,7,Sales Executive,Associate,HireVue,55.1,0.95,10,88.23,100.0,Confident,6.77,3.26,54,0.131,55.04,Rejected
CAND_E99F4C,25,0,HR Manager,PhD,Google Meet,83.07,0.608,5,98.86,91.02,Confident,1.82,3.72,58,0.581,96.85,Hired
CAND_2246C7,28,8,Sales Executive,Associate,Zoom,44.9,0.827,6,100.0,84.83,Neutral,9.65,4.36,30,0.526,61.16,Rejected
CAND_C8677D,42,12,Product Manager,Master's,Zoom,46.26,0.681,10,73.21,49.07,Slouched,24.48,4.06,52,0.354,55.77,Rejected
CAND_279A44,20,0,Data Scientist,Bachelor's,Zoom,52.26,0.287,8,100.0,,Confident,17.63,4.97,53,0.245,57.18,Rejected
CAND_D1A910,23,0,HR Manager,Associate,Zoom,55.9,0.641,5,89.82,49.0,Confident,21.08,4.35,28,0.382,57.25,Rejected
CAND_10B948,39,14,Business Analyst,Associate,Google Meet,62.18,,6,98.76,63.11,Confident,,7.11,28,0.397,86.63,Hired
CAND_AF92AE,28,4,Software Engineer,Associate,HireVue,48.42,0.711,9,91.17,86.55,Confident,19.88,4.03,51,0.273,61.98,Rejected
CAND_030BCB,31,6,Software Engineer,Bachelor's,Zoom,60.08,0.95,10,100.0,83.92,Neutral,15.13,5.39,46,0.725,65.0,Rejected
CAND_E779B7,25,6,Business Analyst,Associate,Teams,59.14,0.486,13,89.98,69.68,Confident,11.33,5.45,20,0.002,72.21,Rejected
CAND_6FA05A,21,0,Product Manager,Associate,Google Meet,50.56,,12,69.76,40.78,Confident,37.29,4.98,21,0.549,65.56,Rejected
CAND_F01B10,30,14,HR Manager,Associate,Google Meet,62.82,0.674,8,81.37,89.81,Confident,30.13,5.42,64,0.468,65.66,Rejected
CAND_92ACCC,27,5,Marketing Analyst,Master's,Zoom,32.09,0.746,15,100.0,100.0,Neutral,6.21,3.75,58,0.613,56.58,Rejected
CAND_78DB52,28,7,Data Scientist,Associate,Zoom,66.16,0.29,6,80.16,80.48,Neutral,39.42,5.43,49,0.624,69.34,Second Round
CAND_8F0DA2,32,10,Business Analyst,Bachelor's,Teams,56.16,0.375,6,76.79,76.97,Neutral,24.24,5.48,43,0.28,54.81,Rejected
